language,encoder,definition_gen_model,metric,space,spearman,timestamp,other
english,xll,gemini25pro,prt,full,0.482,2026-01-30 17:30:37,
english,xll,gemini25pro,apd,full,0.781,2026-01-30 17:30:37,
english,xll,gemini25pro,amd,full,0.638,2026-01-30 17:30:37,
english,xll,gemini25pro,amd_sym,full,0.7,2026-01-30 17:30:37,
english,xll,gemini25pro,amd_opt_sym,full,0.711,2026-01-30 17:30:37,
english,xll,gemini25pro,prt,pca,-0.093,2026-01-30 17:30:37,
english,xll,gemini25pro,apd,pca,0.228,2026-01-30 17:30:37,
english,xll,gemini25pro,amd,pca,0.636,2026-01-30 17:30:37,
english,xll,gemini25pro,amd_sym,pca,0.695,2026-01-30 17:30:37,
english,xll,gemini25pro,amd_opt_sym,pca,0.696,2026-01-30 17:30:37,
english,xll,gemini25pro,prt,def,0.475,2026-01-30 17:30:37,
english,xll,gemini25pro,apd,def,0.584,2026-01-30 17:30:37,
english,xll,gemini25pro,amd,def,0.679,2026-01-30 17:30:37,
english,xll,gemini25pro,amd_sym,def,0.605,2026-01-30 17:30:37,
english,xll,gemini25pro,amd_opt_sym,def,0.597,2026-01-30 17:30:37,
english,xll,gemini25pro,prt,rand,0.402,2026-01-30 17:30:37,
english,xll,gemini25pro,apd,rand,0.549,2026-01-30 17:30:37,
english,xll,gemini25pro,amd,rand,0.599,2026-01-30 17:30:37,
english,xll,gemini25pro,amd_sym,rand,0.71,2026-01-30 17:30:37,
english,xll,gemini25pro,amd_opt_sym,rand,0.711,2026-01-30 17:30:37,
english,xll,gemini25pro,hub_topshare_t2_to_t1,full,0.09522976908865914,2026-01-30 17:30:37,hubness_mean_over_words
english,xll,gemini25pro,hub_antihubshare_t1_wrt_t2,full,0.5495683485638754,2026-01-30 17:30:37,hubness_mean_over_words
english,xll,gemini25pro,hub_meanfanout_t1_wrt_t2,full,2.395863600679346,2026-01-30 17:30:37,hubness_mean_over_words
english,xll,gemini25pro,hub_topshare_t1_to_t2,full,0.07472401864417699,2026-01-30 17:30:37,hubness_mean_over_words
english,xll,gemini25pro,hub_antihubshare_t2_wrt_t1,full,0.5755755284890798,2026-01-30 17:30:37,hubness_mean_over_words
english,xll,gemini25pro,hub_meanfanout_t2_wrt_t1,full,2.59133260314529,2026-01-30 17:30:37,hubness_mean_over_words
english,xll,gemini25pro,hub_topshare_t2_to_t1,pca,0.09357524166314471,2026-01-30 17:30:37,hubness_mean_over_words
english,xll,gemini25pro,hub_antihubshare_t1_wrt_t2,pca,0.537712689407569,2026-01-30 17:30:37,hubness_mean_over_words
english,xll,gemini25pro,hub_meanfanout_t1_wrt_t2,pca,2.324328648077475,2026-01-30 17:30:37,hubness_mean_over_words
english,xll,gemini25pro,hub_topshare_t1_to_t2,pca,0.06757978613679697,2026-01-30 17:30:37,hubness_mean_over_words
english,xll,gemini25pro,hub_antihubshare_t2_wrt_t1,pca,0.5374075686167158,2026-01-30 17:30:37,hubness_mean_over_words
english,xll,gemini25pro,hub_meanfanout_t2_wrt_t1,pca,2.367741504231015,2026-01-30 17:30:37,hubness_mean_over_words
english,xll,gemini25pro,hub_topshare_t2_to_t1,def,0.08063720654472366,2026-01-30 17:30:37,hubness_mean_over_words
english,xll,gemini25pro,hub_antihubshare_t1_wrt_t2,def,0.5243146067738156,2026-01-30 17:30:37,hubness_mean_over_words
english,xll,gemini25pro,hub_meanfanout_t1_wrt_t2,def,2.3071699690174414,2026-01-30 17:30:37,hubness_mean_over_words
english,xll,gemini25pro,hub_topshare_t1_to_t2,def,0.06600850483401408,2026-01-30 17:30:37,hubness_mean_over_words
english,xll,gemini25pro,hub_antihubshare_t2_wrt_t1,def,0.5239828152950265,2026-01-30 17:30:37,hubness_mean_over_words
english,xll,gemini25pro,hub_meanfanout_t2_wrt_t1,def,2.3321962324348657,2026-01-30 17:30:37,hubness_mean_over_words
english,xll,gemini25pro,hub_topshare_t2_to_t1,rand,0.08693717298615364,2026-01-30 17:30:37,hubness_mean_over_words
english,xll,gemini25pro,hub_antihubshare_t1_wrt_t2,rand,0.5187012146521492,2026-01-30 17:30:37,hubness_mean_over_words
english,xll,gemini25pro,hub_meanfanout_t1_wrt_t2,rand,2.240154546660346,2026-01-30 17:30:37,hubness_mean_over_words
english,xll,gemini25pro,hub_topshare_t1_to_t2,rand,0.07069455255334194,2026-01-30 17:30:37,hubness_mean_over_words
english,xll,gemini25pro,hub_antihubshare_t2_wrt_t1,rand,0.5388180580845884,2026-01-30 17:30:37,hubness_mean_over_words
english,xll,gemini25pro,hub_meanfanout_t2_wrt_t1,rand,2.3738189935684204,2026-01-30 17:30:37,hubness_mean_over_words
english,xlmr,gemini25pro,prt,full,0.303,2026-01-30 17:30:43,
english,xlmr,gemini25pro,apd,full,0.517,2026-01-30 17:30:43,
english,xlmr,gemini25pro,amd,full,0.534,2026-01-30 17:30:43,
english,xlmr,gemini25pro,amd_sym,full,0.507,2026-01-30 17:30:43,
english,xlmr,gemini25pro,amd_opt_sym,full,0.5,2026-01-30 17:30:43,
english,xlmr,gemini25pro,prt,pca,0.298,2026-01-30 17:30:43,
english,xlmr,gemini25pro,apd,pca,0.126,2026-01-30 17:30:43,
english,xlmr,gemini25pro,amd,pca,0.535,2026-01-30 17:30:43,
english,xlmr,gemini25pro,amd_sym,pca,0.475,2026-01-30 17:30:43,
english,xlmr,gemini25pro,amd_opt_sym,pca,0.479,2026-01-30 17:30:43,
english,xlmr,gemini25pro,prt,def,0.003,2026-01-30 17:30:43,
english,xlmr,gemini25pro,apd,def,-0.12,2026-01-30 17:30:43,
english,xlmr,gemini25pro,amd,def,0.399,2026-01-30 17:30:43,
english,xlmr,gemini25pro,amd_sym,def,0.357,2026-01-30 17:30:43,
english,xlmr,gemini25pro,amd_opt_sym,def,0.344,2026-01-30 17:30:43,
english,xlmr,gemini25pro,prt,rand,0.346,2026-01-30 17:30:43,
english,xlmr,gemini25pro,apd,rand,0.365,2026-01-30 17:30:43,
english,xlmr,gemini25pro,amd,rand,0.373,2026-01-30 17:30:43,
english,xlmr,gemini25pro,amd_sym,rand,0.348,2026-01-30 17:30:43,
english,xlmr,gemini25pro,amd_opt_sym,rand,0.36,2026-01-30 17:30:43,
english,xlmr,gemini25pro,hub_topshare_t2_to_t1,full,0.10365056837904324,2026-01-30 17:30:43,hubness_mean_over_words
english,xlmr,gemini25pro,hub_antihubshare_t1_wrt_t2,full,0.6362753774023272,2026-01-30 17:30:43,hubness_mean_over_words
english,xlmr,gemini25pro,hub_meanfanout_t1_wrt_t2,full,2.8011375504571037,2026-01-30 17:30:43,hubness_mean_over_words
english,xlmr,gemini25pro,hub_topshare_t1_to_t2,full,0.13110491578104716,2026-01-30 17:30:43,hubness_mean_over_words
english,xlmr,gemini25pro,hub_antihubshare_t2_wrt_t1,full,0.6661173852189191,2026-01-30 17:30:43,hubness_mean_over_words
english,xlmr,gemini25pro,hub_meanfanout_t2_wrt_t1,full,3.0485570624067977,2026-01-30 17:30:43,hubness_mean_over_words
english,xlmr,gemini25pro,hub_topshare_t2_to_t1,pca,0.07573090061387663,2026-01-30 17:30:43,hubness_mean_over_words
english,xlmr,gemini25pro,hub_antihubshare_t1_wrt_t2,pca,0.5774949528626426,2026-01-30 17:30:43,hubness_mean_over_words
english,xlmr,gemini25pro,hub_meanfanout_t1_wrt_t2,pca,2.435104801848128,2026-01-30 17:30:43,hubness_mean_over_words
english,xlmr,gemini25pro,hub_topshare_t1_to_t2,pca,0.11755421366028998,2026-01-30 17:30:43,hubness_mean_over_words
english,xlmr,gemini25pro,hub_antihubshare_t2_wrt_t1,pca,0.5932215653933961,2026-01-30 17:30:43,hubness_mean_over_words
english,xlmr,gemini25pro,hub_meanfanout_t2_wrt_t1,pca,2.5494842239328332,2026-01-30 17:30:43,hubness_mean_over_words
english,xlmr,gemini25pro,hub_topshare_t2_to_t1,def,0.06077516395099096,2026-01-30 17:30:43,hubness_mean_over_words
english,xlmr,gemini25pro,hub_antihubshare_t1_wrt_t2,def,0.512011935691701,2026-01-30 17:30:43,hubness_mean_over_words
english,xlmr,gemini25pro,hub_meanfanout_t1_wrt_t2,def,2.1490822096128723,2026-01-30 17:30:43,hubness_mean_over_words
english,xlmr,gemini25pro,hub_topshare_t1_to_t2,def,0.06529928619895613,2026-01-30 17:30:43,hubness_mean_over_words
english,xlmr,gemini25pro,hub_antihubshare_t2_wrt_t1,def,0.5383297901107955,2026-01-30 17:30:43,hubness_mean_over_words
english,xlmr,gemini25pro,hub_meanfanout_t2_wrt_t1,def,2.2344647678169043,2026-01-30 17:30:43,hubness_mean_over_words
english,xlmr,gemini25pro,hub_topshare_t2_to_t1,rand,0.05054249056360036,2026-01-30 17:30:43,hubness_mean_over_words
english,xlmr,gemini25pro,hub_antihubshare_t1_wrt_t2,rand,0.49466359617784,2026-01-30 17:30:43,hubness_mean_over_words
english,xlmr,gemini25pro,hub_meanfanout_t1_wrt_t2,rand,1.996488719373136,2026-01-30 17:30:43,hubness_mean_over_words
english,xlmr,gemini25pro,hub_topshare_t1_to_t2,rand,0.06343230233235209,2026-01-30 17:30:43,hubness_mean_over_words
english,xlmr,gemini25pro,hub_antihubshare_t2_wrt_t1,rand,0.5227699717921723,2026-01-30 17:30:43,hubness_mean_over_words
english,xlmr,gemini25pro,hub_meanfanout_t2_wrt_t1,rand,2.119462564184859,2026-01-30 17:30:43,hubness_mean_over_words
english,rembert,gemini25pro,prt,full,0.296,2026-01-30 17:30:49,
english,rembert,gemini25pro,apd,full,0.41,2026-01-30 17:30:49,
english,rembert,gemini25pro,amd,full,0.33,2026-01-30 17:30:49,
english,rembert,gemini25pro,amd_sym,full,0.333,2026-01-30 17:30:49,
english,rembert,gemini25pro,amd_opt_sym,full,0.344,2026-01-30 17:30:49,
english,rembert,gemini25pro,prt,pca,-0.094,2026-01-30 17:30:49,
english,rembert,gemini25pro,apd,pca,0.059,2026-01-30 17:30:49,
english,rembert,gemini25pro,amd,pca,0.493,2026-01-30 17:30:49,
english,rembert,gemini25pro,amd_sym,pca,0.483,2026-01-30 17:30:49,
english,rembert,gemini25pro,amd_opt_sym,pca,0.494,2026-01-30 17:30:49,
english,rembert,gemini25pro,prt,def,0.275,2026-01-30 17:30:49,
english,rembert,gemini25pro,apd,def,0.325,2026-01-30 17:30:49,
english,rembert,gemini25pro,amd,def,0.583,2026-01-30 17:30:49,
english,rembert,gemini25pro,amd_sym,def,0.548,2026-01-30 17:30:49,
english,rembert,gemini25pro,amd_opt_sym,def,0.555,2026-01-30 17:30:49,
english,rembert,gemini25pro,prt,rand,0.354,2026-01-30 17:30:49,
english,rembert,gemini25pro,apd,rand,0.225,2026-01-30 17:30:49,
english,rembert,gemini25pro,amd,rand,0.414,2026-01-30 17:30:49,
english,rembert,gemini25pro,amd_sym,rand,0.427,2026-01-30 17:30:49,
english,rembert,gemini25pro,amd_opt_sym,rand,0.44,2026-01-30 17:30:49,
english,rembert,gemini25pro,hub_topshare_t2_to_t1,full,0.10841875755212578,2026-01-30 17:30:49,hubness_mean_over_words
english,rembert,gemini25pro,hub_antihubshare_t1_wrt_t2,full,0.646667386494995,2026-01-30 17:30:49,hubness_mean_over_words
english,rembert,gemini25pro,hub_meanfanout_t1_wrt_t2,full,2.9288137925637736,2026-01-30 17:30:49,hubness_mean_over_words
english,rembert,gemini25pro,hub_topshare_t1_to_t2,full,0.1467586707737456,2026-01-30 17:30:49,hubness_mean_over_words
english,rembert,gemini25pro,hub_antihubshare_t2_wrt_t1,full,0.6910047112491434,2026-01-30 17:30:49,hubness_mean_over_words
english,rembert,gemini25pro,hub_meanfanout_t2_wrt_t1,full,3.3446765590358423,2026-01-30 17:30:49,hubness_mean_over_words
english,rembert,gemini25pro,hub_topshare_t2_to_t1,pca,0.09042903261894158,2026-01-30 17:30:49,hubness_mean_over_words
english,rembert,gemini25pro,hub_antihubshare_t1_wrt_t2,pca,0.613835191067154,2026-01-30 17:30:49,hubness_mean_over_words
english,rembert,gemini25pro,hub_meanfanout_t1_wrt_t2,pca,2.701838309700425,2026-01-30 17:30:49,hubness_mean_over_words
english,rembert,gemini25pro,hub_topshare_t1_to_t2,pca,0.12975844503785142,2026-01-30 17:30:49,hubness_mean_over_words
english,rembert,gemini25pro,hub_antihubshare_t2_wrt_t1,pca,0.6317111818890927,2026-01-30 17:30:49,hubness_mean_over_words
english,rembert,gemini25pro,hub_meanfanout_t2_wrt_t1,pca,2.8610853858896204,2026-01-30 17:30:49,hubness_mean_over_words
english,rembert,gemini25pro,hub_topshare_t2_to_t1,def,0.06924487376971852,2026-01-30 17:30:49,hubness_mean_over_words
english,rembert,gemini25pro,hub_antihubshare_t1_wrt_t2,def,0.5570034054656603,2026-01-30 17:30:49,hubness_mean_over_words
english,rembert,gemini25pro,hub_meanfanout_t1_wrt_t2,def,2.382920010669811,2026-01-30 17:30:49,hubness_mean_over_words
english,rembert,gemini25pro,hub_topshare_t1_to_t2,def,0.07982129794811374,2026-01-30 17:30:49,hubness_mean_over_words
english,rembert,gemini25pro,hub_antihubshare_t2_wrt_t1,def,0.5728276421849532,2026-01-30 17:30:49,hubness_mean_over_words
english,rembert,gemini25pro,hub_meanfanout_t2_wrt_t1,def,2.4723999306962297,2026-01-30 17:30:49,hubness_mean_over_words
english,rembert,gemini25pro,hub_topshare_t2_to_t1,rand,0.06079915695821094,2026-01-30 17:30:49,hubness_mean_over_words
english,rembert,gemini25pro,hub_antihubshare_t1_wrt_t2,rand,0.5244969376127671,2026-01-30 17:30:49,hubness_mean_over_words
english,rembert,gemini25pro,hub_meanfanout_t1_wrt_t2,rand,2.13912934548146,2026-01-30 17:30:49,hubness_mean_over_words
english,rembert,gemini25pro,hub_topshare_t1_to_t2,rand,0.07037946339341268,2026-01-30 17:30:49,hubness_mean_over_words
english,rembert,gemini25pro,hub_antihubshare_t2_wrt_t1,rand,0.5542067918504483,2026-01-30 17:30:49,hubness_mean_over_words
english,rembert,gemini25pro,hub_meanfanout_t2_wrt_t1,rand,2.300332977965071,2026-01-30 17:30:49,hubness_mean_over_words
english,multilingual-e5,gemini25pro,prt,full,0.272,2026-01-30 17:30:54,
english,multilingual-e5,gemini25pro,apd,full,0.324,2026-01-30 17:30:54,
english,multilingual-e5,gemini25pro,amd,full,0.32,2026-01-30 17:30:54,
english,multilingual-e5,gemini25pro,amd_sym,full,0.314,2026-01-30 17:30:54,
english,multilingual-e5,gemini25pro,amd_opt_sym,full,0.317,2026-01-30 17:30:54,
english,multilingual-e5,gemini25pro,prt,pca,0.298,2026-01-30 17:30:54,
english,multilingual-e5,gemini25pro,apd,pca,0.053,2026-01-30 17:30:54,
english,multilingual-e5,gemini25pro,amd,pca,0.473,2026-01-30 17:30:54,
english,multilingual-e5,gemini25pro,amd_sym,pca,0.514,2026-01-30 17:30:54,
english,multilingual-e5,gemini25pro,amd_opt_sym,pca,0.499,2026-01-30 17:30:54,
english,multilingual-e5,gemini25pro,prt,def,0.09,2026-01-30 17:30:54,
english,multilingual-e5,gemini25pro,apd,def,0.327,2026-01-30 17:30:54,
english,multilingual-e5,gemini25pro,amd,def,0.272,2026-01-30 17:30:54,
english,multilingual-e5,gemini25pro,amd_sym,def,0.243,2026-01-30 17:30:54,
english,multilingual-e5,gemini25pro,amd_opt_sym,def,0.217,2026-01-30 17:30:54,
english,multilingual-e5,gemini25pro,prt,rand,-0.064,2026-01-30 17:30:54,
english,multilingual-e5,gemini25pro,apd,rand,0.083,2026-01-30 17:30:54,
english,multilingual-e5,gemini25pro,amd,rand,0.357,2026-01-30 17:30:54,
english,multilingual-e5,gemini25pro,amd_sym,rand,0.369,2026-01-30 17:30:54,
english,multilingual-e5,gemini25pro,amd_opt_sym,rand,0.358,2026-01-30 17:30:54,
english,multilingual-e5,gemini25pro,hub_topshare_t2_to_t1,full,0.06821819983587515,2026-01-30 17:30:54,hubness_mean_over_words
english,multilingual-e5,gemini25pro,hub_antihubshare_t1_wrt_t2,full,0.5421992505787032,2026-01-30 17:30:54,hubness_mean_over_words
english,multilingual-e5,gemini25pro,hub_meanfanout_t1_wrt_t2,full,2.208827141168955,2026-01-30 17:30:54,hubness_mean_over_words
english,multilingual-e5,gemini25pro,hub_topshare_t1_to_t2,full,0.09221024530506881,2026-01-30 17:30:54,hubness_mean_over_words
english,multilingual-e5,gemini25pro,hub_antihubshare_t2_wrt_t1,full,0.6158942204246274,2026-01-30 17:30:54,hubness_mean_over_words
english,multilingual-e5,gemini25pro,hub_meanfanout_t2_wrt_t1,full,2.683201622318577,2026-01-30 17:30:54,hubness_mean_over_words
english,multilingual-e5,gemini25pro,hub_topshare_t2_to_t1,pca,0.07182945849715805,2026-01-30 17:30:54,hubness_mean_over_words
english,multilingual-e5,gemini25pro,hub_antihubshare_t1_wrt_t2,pca,0.5449132530682266,2026-01-30 17:30:54,hubness_mean_over_words
english,multilingual-e5,gemini25pro,hub_meanfanout_t1_wrt_t2,pca,2.2986304663323067,2026-01-30 17:30:54,hubness_mean_over_words
english,multilingual-e5,gemini25pro,hub_topshare_t1_to_t2,pca,0.07953103287916896,2026-01-30 17:30:54,hubness_mean_over_words
english,multilingual-e5,gemini25pro,hub_antihubshare_t2_wrt_t1,pca,0.5484078356153457,2026-01-30 17:30:54,hubness_mean_over_words
english,multilingual-e5,gemini25pro,hub_meanfanout_t2_wrt_t1,pca,2.350397322628949,2026-01-30 17:30:54,hubness_mean_over_words
english,multilingual-e5,gemini25pro,hub_topshare_t2_to_t1,def,0.1950577126660749,2026-01-30 17:30:54,hubness_mean_over_words
english,multilingual-e5,gemini25pro,hub_antihubshare_t1_wrt_t2,def,0.7492441527085405,2026-01-30 17:30:54,hubness_mean_over_words
english,multilingual-e5,gemini25pro,hub_meanfanout_t1_wrt_t2,def,4.2329914376542375,2026-01-30 17:30:54,hubness_mean_over_words
english,multilingual-e5,gemini25pro,hub_topshare_t1_to_t2,def,0.19220453269402488,2026-01-30 17:30:54,hubness_mean_over_words
english,multilingual-e5,gemini25pro,hub_antihubshare_t2_wrt_t1,def,0.7440594498152041,2026-01-30 17:30:54,hubness_mean_over_words
english,multilingual-e5,gemini25pro,hub_meanfanout_t2_wrt_t1,def,4.119260130701838,2026-01-30 17:30:54,hubness_mean_over_words
english,multilingual-e5,gemini25pro,hub_topshare_t2_to_t1,rand,0.04360615633638089,2026-01-30 17:30:54,hubness_mean_over_words
english,multilingual-e5,gemini25pro,hub_antihubshare_t1_wrt_t2,rand,0.4582456403269418,2026-01-30 17:30:54,hubness_mean_over_words
english,multilingual-e5,gemini25pro,hub_meanfanout_t1_wrt_t2,rand,1.8679794717479397,2026-01-30 17:30:54,hubness_mean_over_words
english,multilingual-e5,gemini25pro,hub_topshare_t1_to_t2,rand,0.0525509224519062,2026-01-30 17:30:54,hubness_mean_over_words
english,multilingual-e5,gemini25pro,hub_antihubshare_t2_wrt_t1,rand,0.4876293121189633,2026-01-30 17:30:54,hubness_mean_over_words
english,multilingual-e5,gemini25pro,hub_meanfanout_t2_wrt_t1,rand,1.975424750431164,2026-01-30 17:30:54,hubness_mean_over_words
english,mmbert,gemini25pro,prt,full,0.194,2026-01-30 17:31:00,
english,mmbert,gemini25pro,apd,full,0.531,2026-01-30 17:31:00,
english,mmbert,gemini25pro,amd,full,0.421,2026-01-30 17:31:00,
english,mmbert,gemini25pro,amd_sym,full,0.364,2026-01-30 17:31:00,
english,mmbert,gemini25pro,amd_opt_sym,full,0.374,2026-01-30 17:31:00,
english,mmbert,gemini25pro,prt,pca,0.069,2026-01-30 17:31:00,
english,mmbert,gemini25pro,apd,pca,-0.092,2026-01-30 17:31:00,
english,mmbert,gemini25pro,amd,pca,0.532,2026-01-30 17:31:00,
english,mmbert,gemini25pro,amd_sym,pca,0.499,2026-01-30 17:31:00,
english,mmbert,gemini25pro,amd_opt_sym,pca,0.513,2026-01-30 17:31:00,
english,mmbert,gemini25pro,prt,def,0.008,2026-01-30 17:31:00,
english,mmbert,gemini25pro,apd,def,0.163,2026-01-30 17:31:00,
english,mmbert,gemini25pro,amd,def,0.509,2026-01-30 17:31:00,
english,mmbert,gemini25pro,amd_sym,def,0.511,2026-01-30 17:31:00,
english,mmbert,gemini25pro,amd_opt_sym,def,0.511,2026-01-30 17:31:00,
english,mmbert,gemini25pro,prt,rand,0.233,2026-01-30 17:31:00,
english,mmbert,gemini25pro,apd,rand,0.014,2026-01-30 17:31:00,
english,mmbert,gemini25pro,amd,rand,0.382,2026-01-30 17:31:00,
english,mmbert,gemini25pro,amd_sym,rand,0.367,2026-01-30 17:31:00,
english,mmbert,gemini25pro,amd_opt_sym,rand,0.372,2026-01-30 17:31:00,
english,mmbert,gemini25pro,hub_topshare_t2_to_t1,full,0.1066258195755355,2026-01-30 17:31:00,hubness_mean_over_words
english,mmbert,gemini25pro,hub_antihubshare_t1_wrt_t2,full,0.6534037163196296,2026-01-30 17:31:00,hubness_mean_over_words
english,mmbert,gemini25pro,hub_meanfanout_t1_wrt_t2,full,2.950413607262276,2026-01-30 17:31:00,hubness_mean_over_words
english,mmbert,gemini25pro,hub_topshare_t1_to_t2,full,0.1313417403851978,2026-01-30 17:31:00,hubness_mean_over_words
english,mmbert,gemini25pro,hub_antihubshare_t2_wrt_t1,full,0.6575437318295896,2026-01-30 17:31:00,hubness_mean_over_words
english,mmbert,gemini25pro,hub_meanfanout_t2_wrt_t1,full,2.9962202213905953,2026-01-30 17:31:00,hubness_mean_over_words
english,mmbert,gemini25pro,hub_topshare_t2_to_t1,pca,0.09107533696445778,2026-01-30 17:31:00,hubness_mean_over_words
english,mmbert,gemini25pro,hub_antihubshare_t1_wrt_t2,pca,0.6204689193220979,2026-01-30 17:31:00,hubness_mean_over_words
english,mmbert,gemini25pro,hub_meanfanout_t1_wrt_t2,pca,2.731092150146897,2026-01-30 17:31:00,hubness_mean_over_words
english,mmbert,gemini25pro,hub_topshare_t1_to_t2,pca,0.13937985807472275,2026-01-30 17:31:00,hubness_mean_over_words
english,mmbert,gemini25pro,hub_antihubshare_t2_wrt_t1,pca,0.6187221478644809,2026-01-30 17:31:00,hubness_mean_over_words
english,mmbert,gemini25pro,hub_meanfanout_t2_wrt_t1,pca,2.72126943356282,2026-01-30 17:31:00,hubness_mean_over_words
english,mmbert,gemini25pro,hub_topshare_t2_to_t1,def,0.07229004383602075,2026-01-30 17:31:00,hubness_mean_over_words
english,mmbert,gemini25pro,hub_antihubshare_t1_wrt_t2,def,0.5503787079705507,2026-01-30 17:31:00,hubness_mean_over_words
english,mmbert,gemini25pro,hub_meanfanout_t1_wrt_t2,def,2.326424376384632,2026-01-30 17:31:00,hubness_mean_over_words
english,mmbert,gemini25pro,hub_topshare_t1_to_t2,def,0.07400498612496158,2026-01-30 17:31:00,hubness_mean_over_words
english,mmbert,gemini25pro,hub_antihubshare_t2_wrt_t1,def,0.5673256915554808,2026-01-30 17:31:00,hubness_mean_over_words
english,mmbert,gemini25pro,hub_meanfanout_t2_wrt_t1,def,2.3987752038079337,2026-01-30 17:31:00,hubness_mean_over_words
english,mmbert,gemini25pro,hub_topshare_t2_to_t1,rand,0.05514222032734913,2026-01-30 17:31:00,hubness_mean_over_words
english,mmbert,gemini25pro,hub_antihubshare_t1_wrt_t2,rand,0.5232512523640396,2026-01-30 17:31:00,hubness_mean_over_words
english,mmbert,gemini25pro,hub_meanfanout_t1_wrt_t2,rand,2.123527513967978,2026-01-30 17:31:00,hubness_mean_over_words
english,mmbert,gemini25pro,hub_topshare_t1_to_t2,rand,0.06375147380547651,2026-01-30 17:31:00,hubness_mean_over_words
english,mmbert,gemini25pro,hub_antihubshare_t2_wrt_t1,rand,0.5310374221962584,2026-01-30 17:31:00,hubness_mean_over_words
english,mmbert,gemini25pro,hub_meanfanout_t2_wrt_t1,rand,2.1609810494087838,2026-01-30 17:31:00,hubness_mean_over_words
english,roberta,gemini25pro,prt,full,0.139,2026-01-30 17:31:05,
english,roberta,gemini25pro,apd,full,0.389,2026-01-30 17:31:05,
english,roberta,gemini25pro,amd,full,0.414,2026-01-30 17:31:05,
english,roberta,gemini25pro,amd_sym,full,0.308,2026-01-30 17:31:05,
english,roberta,gemini25pro,amd_opt_sym,full,0.355,2026-01-30 17:31:05,
english,roberta,gemini25pro,prt,pca,0.055,2026-01-30 17:31:05,
english,roberta,gemini25pro,apd,pca,-0.034,2026-01-30 17:31:05,
english,roberta,gemini25pro,amd,pca,0.493,2026-01-30 17:31:05,
english,roberta,gemini25pro,amd_sym,pca,0.432,2026-01-30 17:31:05,
english,roberta,gemini25pro,amd_opt_sym,pca,0.409,2026-01-30 17:31:05,
english,roberta,gemini25pro,prt,def,0.262,2026-01-30 17:31:05,
english,roberta,gemini25pro,apd,def,0.444,2026-01-30 17:31:05,
english,roberta,gemini25pro,amd,def,0.564,2026-01-30 17:31:05,
english,roberta,gemini25pro,amd_sym,def,0.346,2026-01-30 17:31:05,
english,roberta,gemini25pro,amd_opt_sym,def,0.313,2026-01-30 17:31:05,
english,roberta,gemini25pro,prt,rand,0.059,2026-01-30 17:31:05,
english,roberta,gemini25pro,apd,rand,-0.046,2026-01-30 17:31:05,
english,roberta,gemini25pro,amd,rand,0.363,2026-01-30 17:31:05,
english,roberta,gemini25pro,amd_sym,rand,0.362,2026-01-30 17:31:05,
english,roberta,gemini25pro,amd_opt_sym,rand,0.363,2026-01-30 17:31:05,
english,roberta,gemini25pro,hub_topshare_t2_to_t1,full,0.1407695244870612,2026-01-30 17:31:05,hubness_mean_over_words
english,roberta,gemini25pro,hub_antihubshare_t1_wrt_t2,full,0.7072431369012366,2026-01-30 17:31:05,hubness_mean_over_words
english,roberta,gemini25pro,hub_meanfanout_t1_wrt_t2,full,3.5165394061320536,2026-01-30 17:31:05,hubness_mean_over_words
english,roberta,gemini25pro,hub_topshare_t1_to_t2,full,0.15711317954066753,2026-01-30 17:31:05,hubness_mean_over_words
english,roberta,gemini25pro,hub_antihubshare_t2_wrt_t1,full,0.7143206337412437,2026-01-30 17:31:05,hubness_mean_over_words
english,roberta,gemini25pro,hub_meanfanout_t2_wrt_t1,full,3.6247589459290377,2026-01-30 17:31:05,hubness_mean_over_words
english,roberta,gemini25pro,hub_topshare_t2_to_t1,pca,0.10874173154962744,2026-01-30 17:31:05,hubness_mean_over_words
english,roberta,gemini25pro,hub_antihubshare_t1_wrt_t2,pca,0.6613833136192483,2026-01-30 17:31:05,hubness_mean_over_words
english,roberta,gemini25pro,hub_meanfanout_t1_wrt_t2,pca,3.0735599156972526,2026-01-30 17:31:05,hubness_mean_over_words
english,roberta,gemini25pro,hub_topshare_t1_to_t2,pca,0.17418285411814777,2026-01-30 17:31:05,hubness_mean_over_words
english,roberta,gemini25pro,hub_antihubshare_t2_wrt_t1,pca,0.6561088105819822,2026-01-30 17:31:05,hubness_mean_over_words
english,roberta,gemini25pro,hub_meanfanout_t2_wrt_t1,pca,3.0638151039948336,2026-01-30 17:31:05,hubness_mean_over_words
english,roberta,gemini25pro,hub_topshare_t2_to_t1,def,0.07164936757044486,2026-01-30 17:31:05,hubness_mean_over_words
english,roberta,gemini25pro,hub_antihubshare_t1_wrt_t2,def,0.5706618262696966,2026-01-30 17:31:05,hubness_mean_over_words
english,roberta,gemini25pro,hub_meanfanout_t1_wrt_t2,def,2.4305792531451664,2026-01-30 17:31:05,hubness_mean_over_words
english,roberta,gemini25pro,hub_topshare_t1_to_t2,def,0.07957228749647216,2026-01-30 17:31:05,hubness_mean_over_words
english,roberta,gemini25pro,hub_antihubshare_t2_wrt_t1,def,0.5751415522283023,2026-01-30 17:31:05,hubness_mean_over_words
english,roberta,gemini25pro,hub_meanfanout_t2_wrt_t1,def,2.446708292574496,2026-01-30 17:31:05,hubness_mean_over_words
english,roberta,gemini25pro,hub_topshare_t2_to_t1,rand,0.07634084510673675,2026-01-30 17:31:05,hubness_mean_over_words
english,roberta,gemini25pro,hub_antihubshare_t1_wrt_t2,rand,0.5490112371490247,2026-01-30 17:31:05,hubness_mean_over_words
english,roberta,gemini25pro,hub_meanfanout_t1_wrt_t2,rand,2.2605227489729187,2026-01-30 17:31:05,hubness_mean_over_words
english,roberta,gemini25pro,hub_topshare_t1_to_t2,rand,0.07789740285792529,2026-01-30 17:31:05,hubness_mean_over_words
english,roberta,gemini25pro,hub_antihubshare_t2_wrt_t1,rand,0.5519649235841841,2026-01-30 17:31:05,hubness_mean_over_words
english,roberta,gemini25pro,hub_meanfanout_t2_wrt_t1,rand,2.2736363765355705,2026-01-30 17:31:05,hubness_mean_over_words
german,xll,gemini25pro,prt,full,0.881,2026-01-30 17:31:09,
german,xll,gemini25pro,apd,full,0.873,2026-01-30 17:31:09,
german,xll,gemini25pro,amd,full,0.804,2026-01-30 17:31:09,
german,xll,gemini25pro,amd_sym,full,0.903,2026-01-30 17:31:09,
german,xll,gemini25pro,amd_opt_sym,full,0.909,2026-01-30 17:31:09,
german,xll,gemini25pro,prt,pca,-0.153,2026-01-30 17:31:09,
german,xll,gemini25pro,apd,pca,0.661,2026-01-30 17:31:09,
german,xll,gemini25pro,amd,pca,0.81,2026-01-30 17:31:09,
german,xll,gemini25pro,amd_sym,pca,0.888,2026-01-30 17:31:09,
german,xll,gemini25pro,amd_opt_sym,pca,0.883,2026-01-30 17:31:09,
german,xll,gemini25pro,prt,def,0.862,2026-01-30 17:31:09,
german,xll,gemini25pro,apd,def,0.826,2026-01-30 17:31:09,
german,xll,gemini25pro,amd,def,0.906,2026-01-30 17:31:09,
german,xll,gemini25pro,amd_sym,def,0.773,2026-01-30 17:31:09,
german,xll,gemini25pro,amd_opt_sym,def,0.757,2026-01-30 17:31:09,
german,xll,gemini25pro,prt,rand,0.555,2026-01-30 17:31:09,
german,xll,gemini25pro,apd,rand,0.667,2026-01-30 17:31:09,
german,xll,gemini25pro,amd,rand,0.725,2026-01-30 17:31:09,
german,xll,gemini25pro,amd_sym,rand,0.814,2026-01-30 17:31:09,
german,xll,gemini25pro,amd_opt_sym,rand,0.815,2026-01-30 17:31:09,
german,xll,gemini25pro,hub_topshare_t2_to_t1,full,0.19959148602757015,2026-01-30 17:31:09,hubness_mean_over_words
german,xll,gemini25pro,hub_antihubshare_t1_wrt_t2,full,0.6296747356187296,2026-01-30 17:31:09,hubness_mean_over_words
german,xll,gemini25pro,hub_meanfanout_t1_wrt_t2,full,2.9829357688625655,2026-01-30 17:31:09,hubness_mean_over_words
german,xll,gemini25pro,hub_topshare_t1_to_t2,full,0.1686964220826179,2026-01-30 17:31:09,hubness_mean_over_words
german,xll,gemini25pro,hub_antihubshare_t2_wrt_t1,full,0.6362568213143435,2026-01-30 17:31:09,hubness_mean_over_words
german,xll,gemini25pro,hub_meanfanout_t2_wrt_t1,full,3.0639750311772027,2026-01-30 17:31:09,hubness_mean_over_words
german,xll,gemini25pro,hub_topshare_t2_to_t1,pca,0.21728170950719475,2026-01-30 17:31:09,hubness_mean_over_words
german,xll,gemini25pro,hub_antihubshare_t1_wrt_t2,pca,0.6247024611216823,2026-01-30 17:31:09,hubness_mean_over_words
german,xll,gemini25pro,hub_meanfanout_t1_wrt_t2,pca,4.2125787163774175,2026-01-30 17:31:09,hubness_mean_over_words
german,xll,gemini25pro,hub_topshare_t1_to_t2,pca,0.1733837430143482,2026-01-30 17:31:09,hubness_mean_over_words
german,xll,gemini25pro,hub_antihubshare_t2_wrt_t1,pca,0.6164343434009112,2026-01-30 17:31:09,hubness_mean_over_words
german,xll,gemini25pro,hub_meanfanout_t2_wrt_t1,pca,4.1348186905185385,2026-01-30 17:31:09,hubness_mean_over_words
german,xll,gemini25pro,hub_topshare_t2_to_t1,def,0.2012079836722834,2026-01-30 17:31:09,hubness_mean_over_words
german,xll,gemini25pro,hub_antihubshare_t1_wrt_t2,def,0.6074241516976481,2026-01-30 17:31:09,hubness_mean_over_words
german,xll,gemini25pro,hub_meanfanout_t1_wrt_t2,def,5.141126145919164,2026-01-30 17:31:09,hubness_mean_over_words
german,xll,gemini25pro,hub_topshare_t1_to_t2,def,0.1787171782012771,2026-01-30 17:31:09,hubness_mean_over_words
german,xll,gemini25pro,hub_antihubshare_t2_wrt_t1,def,0.6078554022250683,2026-01-30 17:31:09,hubness_mean_over_words
german,xll,gemini25pro,hub_meanfanout_t2_wrt_t1,def,5.261546611785889,2026-01-30 17:31:09,hubness_mean_over_words
german,xll,gemini25pro,hub_topshare_t2_to_t1,rand,0.17218793755481546,2026-01-30 17:31:09,hubness_mean_over_words
german,xll,gemini25pro,hub_antihubshare_t1_wrt_t2,rand,0.5630641765795654,2026-01-30 17:31:09,hubness_mean_over_words
german,xll,gemini25pro,hub_meanfanout_t1_wrt_t2,rand,4.916580428679784,2026-01-30 17:31:09,hubness_mean_over_words
german,xll,gemini25pro,hub_topshare_t1_to_t2,rand,0.1417481238539892,2026-01-30 17:31:09,hubness_mean_over_words
german,xll,gemini25pro,hub_antihubshare_t2_wrt_t1,rand,0.5647471402956558,2026-01-30 17:31:09,hubness_mean_over_words
german,xll,gemini25pro,hub_meanfanout_t2_wrt_t1,rand,4.86231787999471,2026-01-30 17:31:09,hubness_mean_over_words
german,xlmr,gemini25pro,prt,full,0.493,2026-01-30 17:31:13,
german,xlmr,gemini25pro,apd,full,0.372,2026-01-30 17:31:13,
german,xlmr,gemini25pro,amd,full,0.445,2026-01-30 17:31:13,
german,xlmr,gemini25pro,amd_sym,full,0.394,2026-01-30 17:31:13,
german,xlmr,gemini25pro,amd_opt_sym,full,0.452,2026-01-30 17:31:13,
german,xlmr,gemini25pro,prt,pca,0.313,2026-01-30 17:31:13,
german,xlmr,gemini25pro,apd,pca,0.414,2026-01-30 17:31:13,
german,xlmr,gemini25pro,amd,pca,0.558,2026-01-30 17:31:13,
german,xlmr,gemini25pro,amd_sym,pca,0.664,2026-01-30 17:31:13,
german,xlmr,gemini25pro,amd_opt_sym,pca,0.692,2026-01-30 17:31:13,
german,xlmr,gemini25pro,prt,def,0.609,2026-01-30 17:31:13,
german,xlmr,gemini25pro,apd,def,0.491,2026-01-30 17:31:13,
german,xlmr,gemini25pro,amd,def,0.545,2026-01-30 17:31:13,
german,xlmr,gemini25pro,amd_sym,def,0.52,2026-01-30 17:31:13,
german,xlmr,gemini25pro,amd_opt_sym,def,0.456,2026-01-30 17:31:13,
german,xlmr,gemini25pro,prt,rand,0.112,2026-01-30 17:31:13,
german,xlmr,gemini25pro,apd,rand,-0.206,2026-01-30 17:31:13,
german,xlmr,gemini25pro,amd,rand,0.501,2026-01-30 17:31:13,
german,xlmr,gemini25pro,amd_sym,rand,0.466,2026-01-30 17:31:13,
german,xlmr,gemini25pro,amd_opt_sym,rand,0.503,2026-01-30 17:31:13,
german,xlmr,gemini25pro,hub_topshare_t2_to_t1,full,0.14383413964149075,2026-01-30 17:31:13,hubness_mean_over_words
german,xlmr,gemini25pro,hub_antihubshare_t1_wrt_t2,full,0.6484526708128652,2026-01-30 17:31:13,hubness_mean_over_words
german,xlmr,gemini25pro,hub_meanfanout_t1_wrt_t2,full,2.9669978469610214,2026-01-30 17:31:13,hubness_mean_over_words
german,xlmr,gemini25pro,hub_topshare_t1_to_t2,full,0.16585733093129967,2026-01-30 17:31:13,hubness_mean_over_words
german,xlmr,gemini25pro,hub_antihubshare_t2_wrt_t1,full,0.6571672928243885,2026-01-30 17:31:13,hubness_mean_over_words
german,xlmr,gemini25pro,hub_meanfanout_t2_wrt_t1,full,2.996743102868398,2026-01-30 17:31:13,hubness_mean_over_words
german,xlmr,gemini25pro,hub_topshare_t2_to_t1,pca,0.13165676682309874,2026-01-30 17:31:13,hubness_mean_over_words
german,xlmr,gemini25pro,hub_antihubshare_t1_wrt_t2,pca,0.6135806487609783,2026-01-30 17:31:13,hubness_mean_over_words
german,xlmr,gemini25pro,hub_meanfanout_t1_wrt_t2,pca,3.9105381220579147,2026-01-30 17:31:13,hubness_mean_over_words
german,xlmr,gemini25pro,hub_topshare_t1_to_t2,pca,0.15698489603150811,2026-01-30 17:31:13,hubness_mean_over_words
german,xlmr,gemini25pro,hub_antihubshare_t2_wrt_t1,pca,0.615936837700254,2026-01-30 17:31:13,hubness_mean_over_words
german,xlmr,gemini25pro,hub_meanfanout_t2_wrt_t1,pca,3.8767134845256805,2026-01-30 17:31:13,hubness_mean_over_words
german,xlmr,gemini25pro,hub_topshare_t2_to_t1,def,0.11831076808322248,2026-01-30 17:31:13,hubness_mean_over_words
german,xlmr,gemini25pro,hub_antihubshare_t1_wrt_t2,def,0.5485875416053596,2026-01-30 17:31:13,hubness_mean_over_words
german,xlmr,gemini25pro,hub_meanfanout_t1_wrt_t2,def,4.608804998298486,2026-01-30 17:31:13,hubness_mean_over_words
german,xlmr,gemini25pro,hub_topshare_t1_to_t2,def,0.10979650848242613,2026-01-30 17:31:13,hubness_mean_over_words
german,xlmr,gemini25pro,hub_antihubshare_t2_wrt_t1,def,0.5399904898390798,2026-01-30 17:31:13,hubness_mean_over_words
german,xlmr,gemini25pro,hub_meanfanout_t2_wrt_t1,def,4.5596523359417915,2026-01-30 17:31:13,hubness_mean_over_words
german,xlmr,gemini25pro,hub_topshare_t2_to_t1,rand,0.08889537163384092,2026-01-30 17:31:13,hubness_mean_over_words
german,xlmr,gemini25pro,hub_antihubshare_t1_wrt_t2,rand,0.5012361352630234,2026-01-30 17:31:13,hubness_mean_over_words
german,xlmr,gemini25pro,hub_meanfanout_t1_wrt_t2,rand,3.2433508038520813,2026-01-30 17:31:13,hubness_mean_over_words
german,xlmr,gemini25pro,hub_topshare_t1_to_t2,rand,0.09449293709904337,2026-01-30 17:31:13,hubness_mean_over_words
german,xlmr,gemini25pro,hub_antihubshare_t2_wrt_t1,rand,0.5100318403436263,2026-01-30 17:31:13,hubness_mean_over_words
german,xlmr,gemini25pro,hub_meanfanout_t2_wrt_t1,rand,3.225547805428505,2026-01-30 17:31:13,hubness_mean_over_words
german,rembert,gemini25pro,prt,full,0.527,2026-01-30 17:31:17,
german,rembert,gemini25pro,apd,full,0.403,2026-01-30 17:31:17,
german,rembert,gemini25pro,amd,full,0.406,2026-01-30 17:31:17,
german,rembert,gemini25pro,amd_sym,full,0.529,2026-01-30 17:31:17,
german,rembert,gemini25pro,amd_opt_sym,full,0.542,2026-01-30 17:31:17,
german,rembert,gemini25pro,prt,pca,-0.186,2026-01-30 17:31:17,
german,rembert,gemini25pro,apd,pca,0.343,2026-01-30 17:31:17,
german,rembert,gemini25pro,amd,pca,0.547,2026-01-30 17:31:17,
german,rembert,gemini25pro,amd_sym,pca,0.631,2026-01-30 17:31:17,
german,rembert,gemini25pro,amd_opt_sym,pca,0.63,2026-01-30 17:31:17,
german,rembert,gemini25pro,prt,def,0.629,2026-01-30 17:31:17,
german,rembert,gemini25pro,apd,def,0.31,2026-01-30 17:31:17,
german,rembert,gemini25pro,amd,def,0.555,2026-01-30 17:31:17,
german,rembert,gemini25pro,amd_sym,def,0.496,2026-01-30 17:31:17,
german,rembert,gemini25pro,amd_opt_sym,def,0.445,2026-01-30 17:31:17,
german,rembert,gemini25pro,prt,rand,0.16,2026-01-30 17:31:17,
german,rembert,gemini25pro,apd,rand,0.102,2026-01-30 17:31:17,
german,rembert,gemini25pro,amd,rand,0.427,2026-01-30 17:31:17,
german,rembert,gemini25pro,amd_sym,rand,0.331,2026-01-30 17:31:17,
german,rembert,gemini25pro,amd_opt_sym,rand,0.372,2026-01-30 17:31:17,
german,rembert,gemini25pro,hub_topshare_t2_to_t1,full,0.14916735035575626,2026-01-30 17:31:17,hubness_mean_over_words
german,rembert,gemini25pro,hub_antihubshare_t1_wrt_t2,full,0.6527625876116266,2026-01-30 17:31:17,hubness_mean_over_words
german,rembert,gemini25pro,hub_meanfanout_t1_wrt_t2,full,3.010505815347036,2026-01-30 17:31:17,hubness_mean_over_words
german,rembert,gemini25pro,hub_topshare_t1_to_t2,full,0.20344896065297466,2026-01-30 17:31:17,hubness_mean_over_words
german,rembert,gemini25pro,hub_antihubshare_t2_wrt_t1,full,0.6808723405360118,2026-01-30 17:31:17,hubness_mean_over_words
german,rembert,gemini25pro,hub_meanfanout_t2_wrt_t1,full,3.250231221318245,2026-01-30 17:31:17,hubness_mean_over_words
german,rembert,gemini25pro,hub_topshare_t2_to_t1,pca,0.16086777973868724,2026-01-30 17:31:17,hubness_mean_over_words
german,rembert,gemini25pro,hub_antihubshare_t1_wrt_t2,pca,0.6632591536031907,2026-01-30 17:31:17,hubness_mean_over_words
german,rembert,gemini25pro,hub_meanfanout_t1_wrt_t2,pca,4.311469465494156,2026-01-30 17:31:17,hubness_mean_over_words
german,rembert,gemini25pro,hub_topshare_t1_to_t2,pca,0.2038978085529246,2026-01-30 17:31:17,hubness_mean_over_words
german,rembert,gemini25pro,hub_antihubshare_t2_wrt_t1,pca,0.6639664693569214,2026-01-30 17:31:17,hubness_mean_over_words
german,rembert,gemini25pro,hub_meanfanout_t2_wrt_t1,pca,4.282591409981251,2026-01-30 17:31:17,hubness_mean_over_words
german,rembert,gemini25pro,hub_topshare_t2_to_t1,def,0.13877632130128062,2026-01-30 17:31:17,hubness_mean_over_words
german,rembert,gemini25pro,hub_antihubshare_t1_wrt_t2,def,0.5847820816354178,2026-01-30 17:31:17,hubness_mean_over_words
german,rembert,gemini25pro,hub_meanfanout_t1_wrt_t2,def,4.85417881111304,2026-01-30 17:31:17,hubness_mean_over_words
german,rembert,gemini25pro,hub_topshare_t1_to_t2,def,0.15276004616416783,2026-01-30 17:31:17,hubness_mean_over_words
german,rembert,gemini25pro,hub_antihubshare_t2_wrt_t1,def,0.5842695917299313,2026-01-30 17:31:17,hubness_mean_over_words
german,rembert,gemini25pro,hub_meanfanout_t2_wrt_t1,def,4.881953125198682,2026-01-30 17:31:17,hubness_mean_over_words
german,rembert,gemini25pro,hub_topshare_t2_to_t1,rand,0.10487286287941777,2026-01-30 17:31:17,hubness_mean_over_words
german,rembert,gemini25pro,hub_antihubshare_t1_wrt_t2,rand,0.5138242665067113,2026-01-30 17:31:17,hubness_mean_over_words
german,rembert,gemini25pro,hub_meanfanout_t1_wrt_t2,rand,4.425657811264197,2026-01-30 17:31:17,hubness_mean_over_words
german,rembert,gemini25pro,hub_topshare_t1_to_t2,rand,0.10590475670159999,2026-01-30 17:31:17,hubness_mean_over_words
german,rembert,gemini25pro,hub_antihubshare_t2_wrt_t1,rand,0.5178384670930508,2026-01-30 17:31:17,hubness_mean_over_words
german,rembert,gemini25pro,hub_meanfanout_t2_wrt_t1,rand,4.441047020256519,2026-01-30 17:31:17,hubness_mean_over_words
german,multilingual-e5,gemini25pro,prt,full,0.519,2026-01-30 17:31:21,
german,multilingual-e5,gemini25pro,apd,full,0.452,2026-01-30 17:31:21,
german,multilingual-e5,gemini25pro,amd,full,0.421,2026-01-30 17:31:21,
german,multilingual-e5,gemini25pro,amd_sym,full,0.539,2026-01-30 17:31:21,
german,multilingual-e5,gemini25pro,amd_opt_sym,full,0.532,2026-01-30 17:31:21,
german,multilingual-e5,gemini25pro,prt,pca,0.391,2026-01-30 17:31:21,
german,multilingual-e5,gemini25pro,apd,pca,0.368,2026-01-30 17:31:21,
german,multilingual-e5,gemini25pro,amd,pca,0.644,2026-01-30 17:31:21,
german,multilingual-e5,gemini25pro,amd_sym,pca,0.721,2026-01-30 17:31:21,
german,multilingual-e5,gemini25pro,amd_opt_sym,pca,0.707,2026-01-30 17:31:21,
german,multilingual-e5,gemini25pro,prt,def,-0.011,2026-01-30 17:31:21,
german,multilingual-e5,gemini25pro,apd,def,0.665,2026-01-30 17:31:21,
german,multilingual-e5,gemini25pro,amd,def,0.625,2026-01-30 17:31:21,
german,multilingual-e5,gemini25pro,amd_sym,def,0.559,2026-01-30 17:31:21,
german,multilingual-e5,gemini25pro,amd_opt_sym,def,0.519,2026-01-30 17:31:21,
german,multilingual-e5,gemini25pro,prt,rand,0.372,2026-01-30 17:31:21,
german,multilingual-e5,gemini25pro,apd,rand,0.193,2026-01-30 17:31:21,
german,multilingual-e5,gemini25pro,amd,rand,0.455,2026-01-30 17:31:21,
german,multilingual-e5,gemini25pro,amd_sym,rand,0.436,2026-01-30 17:31:21,
german,multilingual-e5,gemini25pro,amd_opt_sym,rand,0.441,2026-01-30 17:31:21,
german,multilingual-e5,gemini25pro,hub_topshare_t2_to_t1,full,0.14031596941415755,2026-01-30 17:31:21,hubness_mean_over_words
german,multilingual-e5,gemini25pro,hub_antihubshare_t1_wrt_t2,full,0.6307432927714267,2026-01-30 17:31:21,hubness_mean_over_words
german,multilingual-e5,gemini25pro,hub_meanfanout_t1_wrt_t2,full,2.788700538376967,2026-01-30 17:31:21,hubness_mean_over_words
german,multilingual-e5,gemini25pro,hub_topshare_t1_to_t2,full,0.17598048400912178,2026-01-30 17:31:21,hubness_mean_over_words
german,multilingual-e5,gemini25pro,hub_antihubshare_t2_wrt_t1,full,0.6754161005439597,2026-01-30 17:31:21,hubness_mean_over_words
german,multilingual-e5,gemini25pro,hub_meanfanout_t2_wrt_t1,full,3.2697283873955407,2026-01-30 17:31:21,hubness_mean_over_words
german,multilingual-e5,gemini25pro,hub_topshare_t2_to_t1,pca,0.22434533191181197,2026-01-30 17:31:21,hubness_mean_over_words
german,multilingual-e5,gemini25pro,hub_antihubshare_t1_wrt_t2,pca,0.699453095440687,2026-01-30 17:31:21,hubness_mean_over_words
german,multilingual-e5,gemini25pro,hub_meanfanout_t1_wrt_t2,pca,4.944866242508094,2026-01-30 17:31:21,hubness_mean_over_words
german,multilingual-e5,gemini25pro,hub_topshare_t1_to_t2,pca,0.2048445281681406,2026-01-30 17:31:21,hubness_mean_over_words
german,multilingual-e5,gemini25pro,hub_antihubshare_t2_wrt_t1,pca,0.704465714069353,2026-01-30 17:31:21,hubness_mean_over_words
german,multilingual-e5,gemini25pro,hub_meanfanout_t2_wrt_t1,pca,5.004630776743094,2026-01-30 17:31:21,hubness_mean_over_words
german,multilingual-e5,gemini25pro,hub_topshare_t2_to_t1,def,0.3868610434958817,2026-01-30 17:31:21,hubness_mean_over_words
german,multilingual-e5,gemini25pro,hub_antihubshare_t1_wrt_t2,def,0.8354093772385776,2026-01-30 17:31:21,hubness_mean_over_words
german,multilingual-e5,gemini25pro,hub_meanfanout_t1_wrt_t2,def,9.019263833761215,2026-01-30 17:31:21,hubness_mean_over_words
german,multilingual-e5,gemini25pro,hub_topshare_t1_to_t2,def,0.3471070982751166,2026-01-30 17:31:21,hubness_mean_over_words
german,multilingual-e5,gemini25pro,hub_antihubshare_t2_wrt_t1,def,0.8289860692603046,2026-01-30 17:31:21,hubness_mean_over_words
german,multilingual-e5,gemini25pro,hub_meanfanout_t2_wrt_t1,def,8.94053073724111,2026-01-30 17:31:21,hubness_mean_over_words
german,multilingual-e5,gemini25pro,hub_topshare_t2_to_t1,rand,0.08059434512324552,2026-01-30 17:31:21,hubness_mean_over_words
german,multilingual-e5,gemini25pro,hub_antihubshare_t1_wrt_t2,rand,0.4750431509076154,2026-01-30 17:31:21,hubness_mean_over_words
german,multilingual-e5,gemini25pro,hub_meanfanout_t1_wrt_t2,rand,3.0573639969031015,2026-01-30 17:31:21,hubness_mean_over_words
german,multilingual-e5,gemini25pro,hub_topshare_t1_to_t2,rand,0.09234137162456434,2026-01-30 17:31:21,hubness_mean_over_words
german,multilingual-e5,gemini25pro,hub_antihubshare_t2_wrt_t1,rand,0.4824579073094702,2026-01-30 17:31:21,hubness_mean_over_words
german,multilingual-e5,gemini25pro,hub_meanfanout_t2_wrt_t1,rand,3.0936788047353425,2026-01-30 17:31:21,hubness_mean_over_words
german,mmbert,gemini25pro,prt,full,0.423,2026-01-30 17:31:25,
german,mmbert,gemini25pro,apd,full,0.367,2026-01-30 17:31:25,
german,mmbert,gemini25pro,amd,full,0.566,2026-01-30 17:31:25,
german,mmbert,gemini25pro,amd_sym,full,0.564,2026-01-30 17:31:25,
german,mmbert,gemini25pro,amd_opt_sym,full,0.585,2026-01-30 17:31:25,
german,mmbert,gemini25pro,prt,pca,-0.424,2026-01-30 17:31:25,
german,mmbert,gemini25pro,apd,pca,0.43,2026-01-30 17:31:25,
german,mmbert,gemini25pro,amd,pca,0.585,2026-01-30 17:31:25,
german,mmbert,gemini25pro,amd_sym,pca,0.669,2026-01-30 17:31:25,
german,mmbert,gemini25pro,amd_opt_sym,pca,0.666,2026-01-30 17:31:25,
german,mmbert,gemini25pro,prt,def,0.77,2026-01-30 17:31:25,
german,mmbert,gemini25pro,apd,def,0.665,2026-01-30 17:31:25,
german,mmbert,gemini25pro,amd,def,0.672,2026-01-30 17:31:25,
german,mmbert,gemini25pro,amd_sym,def,0.449,2026-01-30 17:31:25,
german,mmbert,gemini25pro,amd_opt_sym,def,0.418,2026-01-30 17:31:25,
german,mmbert,gemini25pro,prt,rand,0.227,2026-01-30 17:31:25,
german,mmbert,gemini25pro,apd,rand,0.012,2026-01-30 17:31:25,
german,mmbert,gemini25pro,amd,rand,0.444,2026-01-30 17:31:25,
german,mmbert,gemini25pro,amd_sym,rand,0.426,2026-01-30 17:31:25,
german,mmbert,gemini25pro,amd_opt_sym,rand,0.428,2026-01-30 17:31:25,
german,mmbert,gemini25pro,hub_topshare_t2_to_t1,full,0.1613878181931646,2026-01-30 17:31:25,hubness_mean_over_words
german,mmbert,gemini25pro,hub_antihubshare_t1_wrt_t2,full,0.664265411375303,2026-01-30 17:31:25,hubness_mean_over_words
german,mmbert,gemini25pro,hub_meanfanout_t1_wrt_t2,full,3.092696805795034,2026-01-30 17:31:25,hubness_mean_over_words
german,mmbert,gemini25pro,hub_topshare_t1_to_t2,full,0.18385805142509512,2026-01-30 17:31:25,hubness_mean_over_words
german,mmbert,gemini25pro,hub_antihubshare_t2_wrt_t1,full,0.6592452206898658,2026-01-30 17:31:25,hubness_mean_over_words
german,mmbert,gemini25pro,hub_meanfanout_t2_wrt_t1,full,3.0229888459046683,2026-01-30 17:31:25,hubness_mean_over_words
german,mmbert,gemini25pro,hub_topshare_t2_to_t1,pca,0.16970629019489544,2026-01-30 17:31:25,hubness_mean_over_words
german,mmbert,gemini25pro,hub_antihubshare_t1_wrt_t2,pca,0.6565291362715496,2026-01-30 17:31:25,hubness_mean_over_words
german,mmbert,gemini25pro,hub_meanfanout_t1_wrt_t2,pca,4.392955087125301,2026-01-30 17:31:25,hubness_mean_over_words
german,mmbert,gemini25pro,hub_topshare_t1_to_t2,pca,0.19705658889321465,2026-01-30 17:31:25,hubness_mean_over_words
german,mmbert,gemini25pro,hub_antihubshare_t2_wrt_t1,pca,0.6602069519812069,2026-01-30 17:31:25,hubness_mean_over_words
german,mmbert,gemini25pro,hub_meanfanout_t2_wrt_t1,pca,4.305212723712127,2026-01-30 17:31:25,hubness_mean_over_words
german,mmbert,gemini25pro,hub_topshare_t2_to_t1,def,0.14230284560838655,2026-01-30 17:31:25,hubness_mean_over_words
german,mmbert,gemini25pro,hub_antihubshare_t1_wrt_t2,def,0.5825473701601623,2026-01-30 17:31:25,hubness_mean_over_words
german,mmbert,gemini25pro,hub_meanfanout_t1_wrt_t2,def,4.875101886689663,2026-01-30 17:31:25,hubness_mean_over_words
german,mmbert,gemini25pro,hub_topshare_t1_to_t2,def,0.15018864734737336,2026-01-30 17:31:25,hubness_mean_over_words
german,mmbert,gemini25pro,hub_antihubshare_t2_wrt_t1,def,0.5833111059764025,2026-01-30 17:31:25,hubness_mean_over_words
german,mmbert,gemini25pro,hub_meanfanout_t2_wrt_t1,def,4.845452032983303,2026-01-30 17:31:25,hubness_mean_over_words
german,mmbert,gemini25pro,hub_topshare_t2_to_t1,rand,0.09930699027780714,2026-01-30 17:31:25,hubness_mean_over_words
german,mmbert,gemini25pro,hub_antihubshare_t1_wrt_t2,rand,0.4980389333879667,2026-01-30 17:31:25,hubness_mean_over_words
german,mmbert,gemini25pro,hub_meanfanout_t1_wrt_t2,rand,3.1613052462538085,2026-01-30 17:31:25,hubness_mean_over_words
german,mmbert,gemini25pro,hub_topshare_t1_to_t2,rand,0.09658842465238554,2026-01-30 17:31:25,hubness_mean_over_words
german,mmbert,gemini25pro,hub_antihubshare_t2_wrt_t1,rand,0.5065847018240442,2026-01-30 17:31:25,hubness_mean_over_words
german,mmbert,gemini25pro,hub_meanfanout_t2_wrt_t1,rand,3.1958605721592903,2026-01-30 17:31:25,hubness_mean_over_words
german,german_GBERT,gemini25pro,prt,full,0.63,2026-01-30 17:31:29,
german,german_GBERT,gemini25pro,apd,full,0.66,2026-01-30 17:31:29,
german,german_GBERT,gemini25pro,amd,full,0.707,2026-01-30 17:31:29,
german,german_GBERT,gemini25pro,amd_sym,full,0.767,2026-01-30 17:31:29,
german,german_GBERT,gemini25pro,amd_opt_sym,full,0.768,2026-01-30 17:31:29,
german,german_GBERT,gemini25pro,prt,pca,0.104,2026-01-30 17:31:29,
german,german_GBERT,gemini25pro,apd,pca,0.419,2026-01-30 17:31:29,
german,german_GBERT,gemini25pro,amd,pca,0.628,2026-01-30 17:31:29,
german,german_GBERT,gemini25pro,amd_sym,pca,0.741,2026-01-30 17:31:29,
german,german_GBERT,gemini25pro,amd_opt_sym,pca,0.739,2026-01-30 17:31:29,
german,german_GBERT,gemini25pro,prt,def,0.764,2026-01-30 17:31:29,
german,german_GBERT,gemini25pro,apd,def,0.764,2026-01-30 17:31:29,
german,german_GBERT,gemini25pro,amd,def,0.672,2026-01-30 17:31:29,
german,german_GBERT,gemini25pro,amd_sym,def,0.63,2026-01-30 17:31:29,
german,german_GBERT,gemini25pro,amd_opt_sym,def,0.634,2026-01-30 17:31:29,
german,german_GBERT,gemini25pro,prt,rand,0.398,2026-01-30 17:31:29,
german,german_GBERT,gemini25pro,apd,rand,0.318,2026-01-30 17:31:29,
german,german_GBERT,gemini25pro,amd,rand,0.462,2026-01-30 17:31:29,
german,german_GBERT,gemini25pro,amd_sym,rand,0.491,2026-01-30 17:31:29,
german,german_GBERT,gemini25pro,amd_opt_sym,rand,0.484,2026-01-30 17:31:29,
german,german_GBERT,gemini25pro,hub_topshare_t2_to_t1,full,0.17905978251873425,2026-01-30 17:31:29,hubness_mean_over_words
german,german_GBERT,gemini25pro,hub_antihubshare_t1_wrt_t2,full,0.6722415062832073,2026-01-30 17:31:29,hubness_mean_over_words
german,german_GBERT,gemini25pro,hub_meanfanout_t1_wrt_t2,full,3.2260431398948035,2026-01-30 17:31:29,hubness_mean_over_words
german,german_GBERT,gemini25pro,hub_topshare_t1_to_t2,full,0.2113269829066872,2026-01-30 17:31:29,hubness_mean_over_words
german,german_GBERT,gemini25pro,hub_antihubshare_t2_wrt_t1,full,0.7079847801646144,2026-01-30 17:31:29,hubness_mean_over_words
german,german_GBERT,gemini25pro,hub_meanfanout_t2_wrt_t1,full,3.567126934727033,2026-01-30 17:31:29,hubness_mean_over_words
german,german_GBERT,gemini25pro,hub_topshare_t2_to_t1,pca,0.22166438652916587,2026-01-30 17:31:29,hubness_mean_over_words
german,german_GBERT,gemini25pro,hub_antihubshare_t1_wrt_t2,pca,0.7013770496396553,2026-01-30 17:31:29,hubness_mean_over_words
german,german_GBERT,gemini25pro,hub_meanfanout_t1_wrt_t2,pca,4.981283898154895,2026-01-30 17:31:29,hubness_mean_over_words
german,german_GBERT,gemini25pro,hub_topshare_t1_to_t2,pca,0.215656515371453,2026-01-30 17:31:29,hubness_mean_over_words
german,german_GBERT,gemini25pro,hub_antihubshare_t2_wrt_t1,pca,0.7028527353194919,2026-01-30 17:31:29,hubness_mean_over_words
german,german_GBERT,gemini25pro,hub_meanfanout_t2_wrt_t1,pca,4.899804937342803,2026-01-30 17:31:29,hubness_mean_over_words
german,german_GBERT,gemini25pro,hub_topshare_t2_to_t1,def,0.1682057850600903,2026-01-30 17:31:29,hubness_mean_over_words
german,german_GBERT,gemini25pro,hub_antihubshare_t1_wrt_t2,def,0.574427182325343,2026-01-30 17:31:29,hubness_mean_over_words
german,german_GBERT,gemini25pro,hub_meanfanout_t1_wrt_t2,def,4.9132606734832125,2026-01-30 17:31:29,hubness_mean_over_words
german,german_GBERT,gemini25pro,hub_topshare_t1_to_t2,def,0.1434883983616119,2026-01-30 17:31:29,hubness_mean_over_words
german,german_GBERT,gemini25pro,hub_antihubshare_t2_wrt_t1,def,0.5809799787172284,2026-01-30 17:31:29,hubness_mean_over_words
german,german_GBERT,gemini25pro,hub_meanfanout_t2_wrt_t1,def,4.97277507185936,2026-01-30 17:31:29,hubness_mean_over_words
german,german_GBERT,gemini25pro,hub_topshare_t2_to_t1,rand,0.090599435629928,2026-01-30 17:31:29,hubness_mean_over_words
german,german_GBERT,gemini25pro,hub_antihubshare_t1_wrt_t2,rand,0.4847841879531886,2026-01-30 17:31:29,hubness_mean_over_words
german,german_GBERT,gemini25pro,hub_meanfanout_t1_wrt_t2,rand,3.1070500363906226,2026-01-30 17:31:29,hubness_mean_over_words
german,german_GBERT,gemini25pro,hub_topshare_t1_to_t2,rand,0.10386225574903195,2026-01-30 17:31:29,hubness_mean_over_words
german,german_GBERT,gemini25pro,hub_antihubshare_t2_wrt_t1,rand,0.49618943305203506,2026-01-30 17:31:29,hubness_mean_over_words
german,german_GBERT,gemini25pro,hub_meanfanout_t2_wrt_t1,rand,3.1484982619682946,2026-01-30 17:31:29,hubness_mean_over_words
swedish,xll,gemini25pro,prt,full,0.678,2026-01-30 17:31:35,
swedish,xll,gemini25pro,apd,full,0.756,2026-01-30 17:31:35,
swedish,xll,gemini25pro,amd,full,0.757,2026-01-30 17:31:35,
swedish,xll,gemini25pro,amd_sym,full,0.77,2026-01-30 17:31:35,
swedish,xll,gemini25pro,amd_opt_sym,full,0.769,2026-01-30 17:31:35,
swedish,xll,gemini25pro,prt,pca,-0.14,2026-01-30 17:31:35,
swedish,xll,gemini25pro,apd,pca,0.118,2026-01-30 17:31:35,
swedish,xll,gemini25pro,amd,pca,0.665,2026-01-30 17:31:35,
swedish,xll,gemini25pro,amd_sym,pca,0.745,2026-01-30 17:31:35,
swedish,xll,gemini25pro,amd_opt_sym,pca,0.744,2026-01-30 17:31:35,
swedish,xll,gemini25pro,prt,def,0.651,2026-01-30 17:31:35,
swedish,xll,gemini25pro,apd,def,0.645,2026-01-30 17:31:35,
swedish,xll,gemini25pro,amd,def,0.723,2026-01-30 17:31:35,
swedish,xll,gemini25pro,amd_sym,def,0.686,2026-01-30 17:31:35,
swedish,xll,gemini25pro,amd_opt_sym,def,0.659,2026-01-30 17:31:35,
swedish,xll,gemini25pro,prt,rand,0.583,2026-01-30 17:31:35,
swedish,xll,gemini25pro,apd,rand,0.528,2026-01-30 17:31:35,
swedish,xll,gemini25pro,amd,rand,0.666,2026-01-30 17:31:35,
swedish,xll,gemini25pro,amd_sym,rand,0.718,2026-01-30 17:31:35,
swedish,xll,gemini25pro,amd_opt_sym,rand,0.695,2026-01-30 17:31:35,
swedish,xll,gemini25pro,hub_topshare_t2_to_t1,full,0.10314733623792804,2026-01-30 17:31:35,hubness_mean_over_words
swedish,xll,gemini25pro,hub_antihubshare_t1_wrt_t2,full,0.5850410822412034,2026-01-30 17:31:35,hubness_mean_over_words
swedish,xll,gemini25pro,hub_meanfanout_t1_wrt_t2,full,2.50397781402834,2026-01-30 17:31:35,hubness_mean_over_words
swedish,xll,gemini25pro,hub_topshare_t1_to_t2,full,0.06818773815269936,2026-01-30 17:31:35,hubness_mean_over_words
swedish,xll,gemini25pro,hub_antihubshare_t2_wrt_t1,full,0.6004384029111461,2026-01-30 17:31:35,hubness_mean_over_words
swedish,xll,gemini25pro,hub_meanfanout_t2_wrt_t1,full,2.5946415009037143,2026-01-30 17:31:35,hubness_mean_over_words
swedish,xll,gemini25pro,hub_topshare_t2_to_t1,pca,0.08491011196090506,2026-01-30 17:31:35,hubness_mean_over_words
swedish,xll,gemini25pro,hub_antihubshare_t1_wrt_t2,pca,0.5480646604071664,2026-01-30 17:31:35,hubness_mean_over_words
swedish,xll,gemini25pro,hub_meanfanout_t1_wrt_t2,pca,2.314702445460904,2026-01-30 17:31:35,hubness_mean_over_words
swedish,xll,gemini25pro,hub_topshare_t1_to_t2,pca,0.0670802080955305,2026-01-30 17:31:35,hubness_mean_over_words
swedish,xll,gemini25pro,hub_antihubshare_t2_wrt_t1,pca,0.5317613347511031,2026-01-30 17:31:35,hubness_mean_over_words
swedish,xll,gemini25pro,hub_meanfanout_t2_wrt_t1,pca,2.2076155408736198,2026-01-30 17:31:35,hubness_mean_over_words
swedish,xll,gemini25pro,hub_topshare_t2_to_t1,def,0.07516646872771146,2026-01-30 17:31:35,hubness_mean_over_words
swedish,xll,gemini25pro,hub_antihubshare_t1_wrt_t2,def,0.5456412873112844,2026-01-30 17:31:35,hubness_mean_over_words
swedish,xll,gemini25pro,hub_meanfanout_t1_wrt_t2,def,2.2822099539541427,2026-01-30 17:31:35,hubness_mean_over_words
swedish,xll,gemini25pro,hub_topshare_t1_to_t2,def,0.05655661978192901,2026-01-30 17:31:35,hubness_mean_over_words
swedish,xll,gemini25pro,hub_antihubshare_t2_wrt_t1,def,0.535541990926079,2026-01-30 17:31:35,hubness_mean_over_words
swedish,xll,gemini25pro,hub_meanfanout_t2_wrt_t1,def,2.2422569028792845,2026-01-30 17:31:35,hubness_mean_over_words
swedish,xll,gemini25pro,hub_topshare_t2_to_t1,rand,0.07045706828554911,2026-01-30 17:31:35,hubness_mean_over_words
swedish,xll,gemini25pro,hub_antihubshare_t1_wrt_t2,rand,0.501173791267597,2026-01-30 17:31:35,hubness_mean_over_words
swedish,xll,gemini25pro,hub_meanfanout_t1_wrt_t2,rand,2.055587468608733,2026-01-30 17:31:35,hubness_mean_over_words
swedish,xll,gemini25pro,hub_topshare_t1_to_t2,rand,0.046489976798198766,2026-01-30 17:31:35,hubness_mean_over_words
swedish,xll,gemini25pro,hub_antihubshare_t2_wrt_t1,rand,0.4990639007131232,2026-01-30 17:31:35,hubness_mean_over_words
swedish,xll,gemini25pro,hub_meanfanout_t2_wrt_t1,rand,2.051539340326863,2026-01-30 17:31:35,hubness_mean_over_words
swedish,xlmr,gemini25pro,prt,full,-0.01,2026-01-30 17:31:41,
swedish,xlmr,gemini25pro,apd,full,0.49,2026-01-30 17:31:41,
swedish,xlmr,gemini25pro,amd,full,0.52,2026-01-30 17:31:41,
swedish,xlmr,gemini25pro,amd_sym,full,0.257,2026-01-30 17:31:41,
swedish,xlmr,gemini25pro,amd_opt_sym,full,0.285,2026-01-30 17:31:41,
swedish,xlmr,gemini25pro,prt,pca,-0.037,2026-01-30 17:31:41,
swedish,xlmr,gemini25pro,apd,pca,-0.253,2026-01-30 17:31:41,
swedish,xlmr,gemini25pro,amd,pca,0.485,2026-01-30 17:31:41,
swedish,xlmr,gemini25pro,amd_sym,pca,0.288,2026-01-30 17:31:41,
swedish,xlmr,gemini25pro,amd_opt_sym,pca,0.232,2026-01-30 17:31:41,
swedish,xlmr,gemini25pro,prt,def,0.303,2026-01-30 17:31:41,
swedish,xlmr,gemini25pro,apd,def,0.332,2026-01-30 17:31:41,
swedish,xlmr,gemini25pro,amd,def,0.403,2026-01-30 17:31:41,
swedish,xlmr,gemini25pro,amd_sym,def,0.0,2026-01-30 17:31:41,
swedish,xlmr,gemini25pro,amd_opt_sym,def,-0.071,2026-01-30 17:31:41,
swedish,xlmr,gemini25pro,prt,rand,0.053,2026-01-30 17:31:41,
swedish,xlmr,gemini25pro,apd,rand,-0.028,2026-01-30 17:31:41,
swedish,xlmr,gemini25pro,amd,rand,0.644,2026-01-30 17:31:41,
swedish,xlmr,gemini25pro,amd_sym,rand,0.644,2026-01-30 17:31:41,
swedish,xlmr,gemini25pro,amd_opt_sym,rand,0.667,2026-01-30 17:31:41,
swedish,xlmr,gemini25pro,hub_topshare_t2_to_t1,full,0.12421722238874028,2026-01-30 17:31:41,hubness_mean_over_words
swedish,xlmr,gemini25pro,hub_antihubshare_t1_wrt_t2,full,0.7165378276998507,2026-01-30 17:31:41,hubness_mean_over_words
swedish,xlmr,gemini25pro,hub_meanfanout_t1_wrt_t2,full,3.6041095718260734,2026-01-30 17:31:41,hubness_mean_over_words
swedish,xlmr,gemini25pro,hub_topshare_t1_to_t2,full,0.1537145153153387,2026-01-30 17:31:41,hubness_mean_over_words
swedish,xlmr,gemini25pro,hub_antihubshare_t2_wrt_t1,full,0.7250382637912963,2026-01-30 17:31:41,hubness_mean_over_words
swedish,xlmr,gemini25pro,hub_meanfanout_t2_wrt_t1,full,3.758786678314209,2026-01-30 17:31:41,hubness_mean_over_words
swedish,xlmr,gemini25pro,hub_topshare_t2_to_t1,pca,0.1304630164267073,2026-01-30 17:31:41,hubness_mean_over_words
swedish,xlmr,gemini25pro,hub_antihubshare_t1_wrt_t2,pca,0.7257936211969997,2026-01-30 17:31:41,hubness_mean_over_words
swedish,xlmr,gemini25pro,hub_meanfanout_t1_wrt_t2,pca,3.8193062197777534,2026-01-30 17:31:41,hubness_mean_over_words
swedish,xlmr,gemini25pro,hub_topshare_t1_to_t2,pca,0.14487386084926554,2026-01-30 17:31:41,hubness_mean_over_words
swedish,xlmr,gemini25pro,hub_antihubshare_t2_wrt_t1,pca,0.7284957477098124,2026-01-30 17:31:41,hubness_mean_over_words
swedish,xlmr,gemini25pro,hub_meanfanout_t2_wrt_t1,pca,3.870330218345888,2026-01-30 17:31:41,hubness_mean_over_words
swedish,xlmr,gemini25pro,hub_topshare_t2_to_t1,def,0.10064486422420323,2026-01-30 17:31:41,hubness_mean_over_words
swedish,xlmr,gemini25pro,hub_antihubshare_t1_wrt_t2,def,0.6060111311685433,2026-01-30 17:31:41,hubness_mean_over_words
swedish,xlmr,gemini25pro,hub_meanfanout_t1_wrt_t2,def,2.612819383221288,2026-01-30 17:31:41,hubness_mean_over_words
swedish,xlmr,gemini25pro,hub_topshare_t1_to_t2,def,0.07944653685115775,2026-01-30 17:31:41,hubness_mean_over_words
swedish,xlmr,gemini25pro,hub_antihubshare_t2_wrt_t1,def,0.6071878109150632,2026-01-30 17:31:41,hubness_mean_over_words
swedish,xlmr,gemini25pro,hub_meanfanout_t2_wrt_t1,def,2.6225401355374243,2026-01-30 17:31:41,hubness_mean_over_words
swedish,xlmr,gemini25pro,hub_topshare_t2_to_t1,rand,0.06107036205970056,2026-01-30 17:31:41,hubness_mean_over_words
swedish,xlmr,gemini25pro,hub_antihubshare_t1_wrt_t2,rand,0.5134319711720144,2026-01-30 17:31:41,hubness_mean_over_words
swedish,xlmr,gemini25pro,hub_meanfanout_t1_wrt_t2,rand,2.1131685049303117,2026-01-30 17:31:41,hubness_mean_over_words
swedish,xlmr,gemini25pro,hub_topshare_t1_to_t2,rand,0.055630012953986945,2026-01-30 17:31:41,hubness_mean_over_words
swedish,xlmr,gemini25pro,hub_antihubshare_t2_wrt_t1,rand,0.5153029423881252,2026-01-30 17:31:41,hubness_mean_over_words
swedish,xlmr,gemini25pro,hub_meanfanout_t2_wrt_t1,rand,2.114433015546491,2026-01-30 17:31:41,hubness_mean_over_words
swedish,rembert,gemini25pro,prt,full,0.23,2026-01-30 17:31:47,
swedish,rembert,gemini25pro,apd,full,0.38,2026-01-30 17:31:47,
swedish,rembert,gemini25pro,amd,full,0.426,2026-01-30 17:31:47,
swedish,rembert,gemini25pro,amd_sym,full,0.359,2026-01-30 17:31:47,
swedish,rembert,gemini25pro,amd_opt_sym,full,0.397,2026-01-30 17:31:47,
swedish,rembert,gemini25pro,prt,pca,-0.038,2026-01-30 17:31:47,
swedish,rembert,gemini25pro,apd,pca,-0.245,2026-01-30 17:31:47,
swedish,rembert,gemini25pro,amd,pca,0.543,2026-01-30 17:31:47,
swedish,rembert,gemini25pro,amd_sym,pca,0.384,2026-01-30 17:31:47,
swedish,rembert,gemini25pro,amd_opt_sym,pca,0.372,2026-01-30 17:31:47,
swedish,rembert,gemini25pro,prt,def,0.267,2026-01-30 17:31:47,
swedish,rembert,gemini25pro,apd,def,0.299,2026-01-30 17:31:47,
swedish,rembert,gemini25pro,amd,def,0.594,2026-01-30 17:31:47,
swedish,rembert,gemini25pro,amd_sym,def,0.177,2026-01-30 17:31:47,
swedish,rembert,gemini25pro,amd_opt_sym,def,0.142,2026-01-30 17:31:47,
swedish,rembert,gemini25pro,prt,rand,0.153,2026-01-30 17:31:47,
swedish,rembert,gemini25pro,apd,rand,0.154,2026-01-30 17:31:47,
swedish,rembert,gemini25pro,amd,rand,0.541,2026-01-30 17:31:47,
swedish,rembert,gemini25pro,amd_sym,rand,0.497,2026-01-30 17:31:47,
swedish,rembert,gemini25pro,amd_opt_sym,rand,0.52,2026-01-30 17:31:47,
swedish,rembert,gemini25pro,hub_topshare_t2_to_t1,full,0.1439723436125522,2026-01-30 17:31:47,hubness_mean_over_words
swedish,rembert,gemini25pro,hub_antihubshare_t1_wrt_t2,full,0.7390379506697428,2026-01-30 17:31:47,hubness_mean_over_words
swedish,rembert,gemini25pro,hub_meanfanout_t1_wrt_t2,full,3.9674488805955455,2026-01-30 17:31:47,hubness_mean_over_words
swedish,rembert,gemini25pro,hub_topshare_t1_to_t2,full,0.14323182759574454,2026-01-30 17:31:47,hubness_mean_over_words
swedish,rembert,gemini25pro,hub_antihubshare_t2_wrt_t1,full,0.7212636359761213,2026-01-30 17:31:47,hubness_mean_over_words
swedish,rembert,gemini25pro,hub_meanfanout_t2_wrt_t1,full,3.6718406446518435,2026-01-30 17:31:47,hubness_mean_over_words
swedish,rembert,gemini25pro,hub_topshare_t2_to_t1,pca,0.14931154595079998,2026-01-30 17:31:47,hubness_mean_over_words
swedish,rembert,gemini25pro,hub_antihubshare_t1_wrt_t2,pca,0.7321064036214097,2026-01-30 17:31:47,hubness_mean_over_words
swedish,rembert,gemini25pro,hub_meanfanout_t1_wrt_t2,pca,3.86736386822116,2026-01-30 17:31:47,hubness_mean_over_words
swedish,rembert,gemini25pro,hub_topshare_t1_to_t2,pca,0.18440250375589168,2026-01-30 17:31:47,hubness_mean_over_words
swedish,rembert,gemini25pro,hub_antihubshare_t2_wrt_t1,pca,0.7326990529089847,2026-01-30 17:31:47,hubness_mean_over_words
swedish,rembert,gemini25pro,hub_meanfanout_t2_wrt_t1,pca,3.8600836799990748,2026-01-30 17:31:47,hubness_mean_over_words
swedish,rembert,gemini25pro,hub_topshare_t2_to_t1,def,0.09375765286230575,2026-01-30 17:31:47,hubness_mean_over_words
swedish,rembert,gemini25pro,hub_antihubshare_t1_wrt_t2,def,0.603868905975854,2026-01-30 17:31:47,hubness_mean_over_words
swedish,rembert,gemini25pro,hub_meanfanout_t1_wrt_t2,def,2.6519439220428467,2026-01-30 17:31:47,hubness_mean_over_words
swedish,rembert,gemini25pro,hub_topshare_t1_to_t2,def,0.08033069232167833,2026-01-30 17:31:47,hubness_mean_over_words
swedish,rembert,gemini25pro,hub_antihubshare_t2_wrt_t1,def,0.6184140420070781,2026-01-30 17:31:47,hubness_mean_over_words
swedish,rembert,gemini25pro,hub_meanfanout_t2_wrt_t1,def,2.7678891112727504,2026-01-30 17:31:47,hubness_mean_over_words
swedish,rembert,gemini25pro,hub_topshare_t2_to_t1,rand,0.05751912355114193,2026-01-30 17:31:47,hubness_mean_over_words
swedish,rembert,gemini25pro,hub_antihubshare_t1_wrt_t2,rand,0.5240429761609693,2026-01-30 17:31:47,hubness_mean_over_words
swedish,rembert,gemini25pro,hub_meanfanout_t1_wrt_t2,rand,2.1489388212080924,2026-01-30 17:31:47,hubness_mean_over_words
swedish,rembert,gemini25pro,hub_topshare_t1_to_t2,rand,0.0611159676248444,2026-01-30 17:31:47,hubness_mean_over_words
swedish,rembert,gemini25pro,hub_antihubshare_t2_wrt_t1,rand,0.509971221448436,2026-01-30 17:31:47,hubness_mean_over_words
swedish,rembert,gemini25pro,hub_meanfanout_t2_wrt_t1,rand,2.081279689265836,2026-01-30 17:31:47,hubness_mean_over_words
swedish,multilingual-e5,gemini25pro,prt,full,0.147,2026-01-30 17:31:53,
swedish,multilingual-e5,gemini25pro,apd,full,0.411,2026-01-30 17:31:53,
swedish,multilingual-e5,gemini25pro,amd,full,0.35,2026-01-30 17:31:53,
swedish,multilingual-e5,gemini25pro,amd_sym,full,0.479,2026-01-30 17:31:53,
swedish,multilingual-e5,gemini25pro,amd_opt_sym,full,0.471,2026-01-30 17:31:53,
swedish,multilingual-e5,gemini25pro,prt,pca,0.148,2026-01-30 17:31:53,
swedish,multilingual-e5,gemini25pro,apd,pca,0.022,2026-01-30 17:31:53,
swedish,multilingual-e5,gemini25pro,amd,pca,0.437,2026-01-30 17:31:53,
swedish,multilingual-e5,gemini25pro,amd_sym,pca,0.432,2026-01-30 17:31:53,
swedish,multilingual-e5,gemini25pro,amd_opt_sym,pca,0.41,2026-01-30 17:31:53,
swedish,multilingual-e5,gemini25pro,prt,def,-0.325,2026-01-30 17:31:53,
swedish,multilingual-e5,gemini25pro,apd,def,0.533,2026-01-30 17:31:53,
swedish,multilingual-e5,gemini25pro,amd,def,0.298,2026-01-30 17:31:53,
swedish,multilingual-e5,gemini25pro,amd_sym,def,0.404,2026-01-30 17:31:53,
swedish,multilingual-e5,gemini25pro,amd_opt_sym,def,0.215,2026-01-30 17:31:53,
swedish,multilingual-e5,gemini25pro,prt,rand,-0.1,2026-01-30 17:31:53,
swedish,multilingual-e5,gemini25pro,apd,rand,0.075,2026-01-30 17:31:53,
swedish,multilingual-e5,gemini25pro,amd,rand,0.542,2026-01-30 17:31:53,
swedish,multilingual-e5,gemini25pro,amd_sym,rand,0.453,2026-01-30 17:31:53,
swedish,multilingual-e5,gemini25pro,amd_opt_sym,rand,0.45,2026-01-30 17:31:53,
swedish,multilingual-e5,gemini25pro,hub_topshare_t2_to_t1,full,0.09126594825270659,2026-01-30 17:31:53,hubness_mean_over_words
swedish,multilingual-e5,gemini25pro,hub_antihubshare_t1_wrt_t2,full,0.6008489466340072,2026-01-30 17:31:53,hubness_mean_over_words
swedish,multilingual-e5,gemini25pro,hub_meanfanout_t1_wrt_t2,full,2.605171484331931,2026-01-30 17:31:53,hubness_mean_over_words
swedish,multilingual-e5,gemini25pro,hub_topshare_t1_to_t2,full,0.10759882866506464,2026-01-30 17:31:53,hubness_mean_over_words
swedish,multilingual-e5,gemini25pro,hub_antihubshare_t2_wrt_t1,full,0.661769987347599,2026-01-30 17:31:53,hubness_mean_over_words
swedish,multilingual-e5,gemini25pro,hub_meanfanout_t2_wrt_t1,full,3.0334147099525697,2026-01-30 17:31:53,hubness_mean_over_words
swedish,multilingual-e5,gemini25pro,hub_topshare_t2_to_t1,pca,0.12215991759460065,2026-01-30 17:31:53,hubness_mean_over_words
swedish,multilingual-e5,gemini25pro,hub_antihubshare_t1_wrt_t2,pca,0.6708238934884747,2026-01-30 17:31:53,hubness_mean_over_words
swedish,multilingual-e5,gemini25pro,hub_meanfanout_t1_wrt_t2,pca,3.220792616567304,2026-01-30 17:31:53,hubness_mean_over_words
swedish,multilingual-e5,gemini25pro,hub_topshare_t1_to_t2,pca,0.10144628033893295,2026-01-30 17:31:53,hubness_mean_over_words
swedish,multilingual-e5,gemini25pro,hub_antihubshare_t2_wrt_t1,pca,0.6715541858295028,2026-01-30 17:31:53,hubness_mean_over_words
swedish,multilingual-e5,gemini25pro,hub_meanfanout_t2_wrt_t1,pca,3.2348731410118843,2026-01-30 17:31:53,hubness_mean_over_words
swedish,multilingual-e5,gemini25pro,hub_topshare_t2_to_t1,def,0.2597268823841186,2026-01-30 17:31:53,hubness_mean_over_words
swedish,multilingual-e5,gemini25pro,hub_antihubshare_t1_wrt_t2,def,0.8561885009040313,2026-01-30 17:31:53,hubness_mean_over_words
swedish,multilingual-e5,gemini25pro,hub_meanfanout_t1_wrt_t2,def,7.529497592679916,2026-01-30 17:31:53,hubness_mean_over_words
swedish,multilingual-e5,gemini25pro,hub_topshare_t1_to_t2,def,0.2681499878554028,2026-01-30 17:31:53,hubness_mean_over_words
swedish,multilingual-e5,gemini25pro,hub_antihubshare_t2_wrt_t1,def,0.852265075635452,2026-01-30 17:31:53,hubness_mean_over_words
swedish,multilingual-e5,gemini25pro,hub_meanfanout_t2_wrt_t1,def,7.171003664693525,2026-01-30 17:31:53,hubness_mean_over_words
swedish,multilingual-e5,gemini25pro,hub_topshare_t2_to_t1,rand,0.0532466347384798,2026-01-30 17:31:53,hubness_mean_over_words
swedish,multilingual-e5,gemini25pro,hub_antihubshare_t1_wrt_t2,rand,0.4593069948094211,2026-01-30 17:31:53,hubness_mean_over_words
swedish,multilingual-e5,gemini25pro,hub_meanfanout_t1_wrt_t2,rand,1.8816725515550183,2026-01-30 17:31:53,hubness_mean_over_words
swedish,multilingual-e5,gemini25pro,hub_topshare_t1_to_t2,rand,0.03523494471638163,2026-01-30 17:31:53,hubness_mean_over_words
swedish,multilingual-e5,gemini25pro,hub_antihubshare_t2_wrt_t1,rand,0.46002256387316326,2026-01-30 17:31:53,hubness_mean_over_words
swedish,multilingual-e5,gemini25pro,hub_meanfanout_t2_wrt_t1,rand,1.8852496839338733,2026-01-30 17:31:53,hubness_mean_over_words
swedish,mmbert,gemini25pro,prt,full,0.007,2026-01-30 17:31:59,
swedish,mmbert,gemini25pro,apd,full,0.476,2026-01-30 17:31:59,
swedish,mmbert,gemini25pro,amd,full,0.573,2026-01-30 17:31:59,
swedish,mmbert,gemini25pro,amd_sym,full,0.477,2026-01-30 17:31:59,
swedish,mmbert,gemini25pro,amd_opt_sym,full,0.518,2026-01-30 17:31:59,
swedish,mmbert,gemini25pro,prt,pca,0.097,2026-01-30 17:31:59,
swedish,mmbert,gemini25pro,apd,pca,-0.323,2026-01-30 17:31:59,
swedish,mmbert,gemini25pro,amd,pca,0.509,2026-01-30 17:31:59,
swedish,mmbert,gemini25pro,amd_sym,pca,0.318,2026-01-30 17:31:59,
swedish,mmbert,gemini25pro,amd_opt_sym,pca,0.312,2026-01-30 17:31:59,
swedish,mmbert,gemini25pro,prt,def,0.141,2026-01-30 17:31:59,
swedish,mmbert,gemini25pro,apd,def,0.52,2026-01-30 17:31:59,
swedish,mmbert,gemini25pro,amd,def,0.572,2026-01-30 17:31:59,
swedish,mmbert,gemini25pro,amd_sym,def,0.301,2026-01-30 17:31:59,
swedish,mmbert,gemini25pro,amd_opt_sym,def,0.237,2026-01-30 17:31:59,
swedish,mmbert,gemini25pro,prt,rand,0.492,2026-01-30 17:31:59,
swedish,mmbert,gemini25pro,apd,rand,0.519,2026-01-30 17:31:59,
swedish,mmbert,gemini25pro,amd,rand,0.565,2026-01-30 17:31:59,
swedish,mmbert,gemini25pro,amd_sym,rand,0.473,2026-01-30 17:31:59,
swedish,mmbert,gemini25pro,amd_opt_sym,rand,0.473,2026-01-30 17:31:59,
swedish,mmbert,gemini25pro,hub_topshare_t2_to_t1,full,0.13470519006857595,2026-01-30 17:31:59,hubness_mean_over_words
swedish,mmbert,gemini25pro,hub_antihubshare_t1_wrt_t2,full,0.7257028366663678,2026-01-30 17:31:59,hubness_mean_over_words
swedish,mmbert,gemini25pro,hub_meanfanout_t1_wrt_t2,full,3.7564868542455856,2026-01-30 17:31:59,hubness_mean_over_words
swedish,mmbert,gemini25pro,hub_topshare_t1_to_t2,full,0.14319721972221108,2026-01-30 17:31:59,hubness_mean_over_words
swedish,mmbert,gemini25pro,hub_antihubshare_t2_wrt_t1,full,0.7290124546857969,2026-01-30 17:31:59,hubness_mean_over_words
swedish,mmbert,gemini25pro,hub_meanfanout_t2_wrt_t1,full,3.7845037291126866,2026-01-30 17:31:59,hubness_mean_over_words
swedish,mmbert,gemini25pro,hub_topshare_t2_to_t1,pca,0.14501335645182917,2026-01-30 17:31:59,hubness_mean_over_words
swedish,mmbert,gemini25pro,hub_antihubshare_t1_wrt_t2,pca,0.7491039708251558,2026-01-30 17:31:59,hubness_mean_over_words
swedish,mmbert,gemini25pro,hub_meanfanout_t1_wrt_t2,pca,4.162985740169402,2026-01-30 17:31:59,hubness_mean_over_words
swedish,mmbert,gemini25pro,hub_topshare_t1_to_t2,pca,0.18624054567915876,2026-01-30 17:31:59,hubness_mean_over_words
swedish,mmbert,gemini25pro,hub_antihubshare_t2_wrt_t1,pca,0.7512711905580334,2026-01-30 17:31:59,hubness_mean_over_words
swedish,mmbert,gemini25pro,hub_meanfanout_t2_wrt_t1,pca,4.203356712095199,2026-01-30 17:31:59,hubness_mean_over_words
swedish,mmbert,gemini25pro,hub_topshare_t2_to_t1,def,0.09954112214989427,2026-01-30 17:31:59,hubness_mean_over_words
swedish,mmbert,gemini25pro,hub_antihubshare_t1_wrt_t2,def,0.5861906890118225,2026-01-30 17:31:59,hubness_mean_over_words
swedish,mmbert,gemini25pro,hub_meanfanout_t1_wrt_t2,def,2.5401275388656126,2026-01-30 17:31:59,hubness_mean_over_words
swedish,mmbert,gemini25pro,hub_topshare_t1_to_t2,def,0.0680087935783822,2026-01-30 17:31:59,hubness_mean_over_words
swedish,mmbert,gemini25pro,hub_antihubshare_t2_wrt_t1,def,0.5970112230993665,2026-01-30 17:31:59,hubness_mean_over_words
swedish,mmbert,gemini25pro,hub_meanfanout_t2_wrt_t1,def,2.591950547310614,2026-01-30 17:31:59,hubness_mean_over_words
swedish,mmbert,gemini25pro,hub_topshare_t2_to_t1,rand,0.07151426162219011,2026-01-30 17:31:59,hubness_mean_over_words
swedish,mmbert,gemini25pro,hub_antihubshare_t1_wrt_t2,rand,0.5490068622359656,2026-01-30 17:31:59,hubness_mean_over_words
swedish,mmbert,gemini25pro,hub_meanfanout_t1_wrt_t2,rand,2.2869012048167567,2026-01-30 17:31:59,hubness_mean_over_words
swedish,mmbert,gemini25pro,hub_topshare_t1_to_t2,rand,0.06706645165174756,2026-01-30 17:31:59,hubness_mean_over_words
swedish,mmbert,gemini25pro,hub_antihubshare_t2_wrt_t1,rand,0.5488454526059999,2026-01-30 17:31:59,hubness_mean_over_words
swedish,mmbert,gemini25pro,hub_meanfanout_t2_wrt_t1,rand,2.2948209701045865,2026-01-30 17:31:59,hubness_mean_over_words
swedish,swedish_MegatronBERT,gemini25pro,prt,full,0.024,2026-01-30 17:32:05,
swedish,swedish_MegatronBERT,gemini25pro,apd,full,0.257,2026-01-30 17:32:05,
swedish,swedish_MegatronBERT,gemini25pro,amd,full,0.268,2026-01-30 17:32:05,
swedish,swedish_MegatronBERT,gemini25pro,amd_sym,full,0.105,2026-01-30 17:32:05,
swedish,swedish_MegatronBERT,gemini25pro,amd_opt_sym,full,0.135,2026-01-30 17:32:05,
swedish,swedish_MegatronBERT,gemini25pro,prt,pca,-0.348,2026-01-30 17:32:05,
swedish,swedish_MegatronBERT,gemini25pro,apd,pca,0.242,2026-01-30 17:32:05,
swedish,swedish_MegatronBERT,gemini25pro,amd,pca,0.487,2026-01-30 17:32:05,
swedish,swedish_MegatronBERT,gemini25pro,amd_sym,pca,0.219,2026-01-30 17:32:05,
swedish,swedish_MegatronBERT,gemini25pro,amd_opt_sym,pca,0.233,2026-01-30 17:32:05,
swedish,swedish_MegatronBERT,gemini25pro,prt,def,0.172,2026-01-30 17:32:05,
swedish,swedish_MegatronBERT,gemini25pro,apd,def,0.276,2026-01-30 17:32:05,
swedish,swedish_MegatronBERT,gemini25pro,amd,def,0.588,2026-01-30 17:32:05,
swedish,swedish_MegatronBERT,gemini25pro,amd_sym,def,0.339,2026-01-30 17:32:05,
swedish,swedish_MegatronBERT,gemini25pro,amd_opt_sym,def,0.313,2026-01-30 17:32:05,
swedish,swedish_MegatronBERT,gemini25pro,prt,rand,-0.165,2026-01-30 17:32:05,
swedish,swedish_MegatronBERT,gemini25pro,apd,rand,0.135,2026-01-30 17:32:05,
swedish,swedish_MegatronBERT,gemini25pro,amd,rand,0.538,2026-01-30 17:32:05,
swedish,swedish_MegatronBERT,gemini25pro,amd_sym,rand,0.443,2026-01-30 17:32:05,
swedish,swedish_MegatronBERT,gemini25pro,amd_opt_sym,rand,0.417,2026-01-30 17:32:05,
swedish,swedish_MegatronBERT,gemini25pro,hub_topshare_t2_to_t1,full,0.15038187251307245,2026-01-30 17:32:05,hubness_mean_over_words
swedish,swedish_MegatronBERT,gemini25pro,hub_antihubshare_t1_wrt_t2,full,0.6967582126142691,2026-01-30 17:32:05,hubness_mean_over_words
swedish,swedish_MegatronBERT,gemini25pro,hub_meanfanout_t1_wrt_t2,full,3.406969816453995,2026-01-30 17:32:05,hubness_mean_over_words
swedish,swedish_MegatronBERT,gemini25pro,hub_topshare_t1_to_t2,full,0.20944378097307553,2026-01-30 17:32:05,hubness_mean_over_words
swedish,swedish_MegatronBERT,gemini25pro,hub_antihubshare_t2_wrt_t1,full,0.7382533458798329,2026-01-30 17:32:05,hubness_mean_over_words
swedish,swedish_MegatronBERT,gemini25pro,hub_meanfanout_t2_wrt_t1,full,3.969908422039401,2026-01-30 17:32:05,hubness_mean_over_words
swedish,swedish_MegatronBERT,gemini25pro,hub_topshare_t2_to_t1,pca,0.1620828831342546,2026-01-30 17:32:05,hubness_mean_over_words
swedish,swedish_MegatronBERT,gemini25pro,hub_antihubshare_t1_wrt_t2,pca,0.7694288862622488,2026-01-30 17:32:05,hubness_mean_over_words
swedish,swedish_MegatronBERT,gemini25pro,hub_meanfanout_t1_wrt_t2,pca,4.679146151388845,2026-01-30 17:32:05,hubness_mean_over_words
swedish,swedish_MegatronBERT,gemini25pro,hub_topshare_t1_to_t2,pca,0.21757635586401333,2026-01-30 17:32:05,hubness_mean_over_words
swedish,swedish_MegatronBERT,gemini25pro,hub_antihubshare_t2_wrt_t1,pca,0.7646080824964016,2026-01-30 17:32:05,hubness_mean_over_words
swedish,swedish_MegatronBERT,gemini25pro,hub_meanfanout_t2_wrt_t1,pca,4.63436565091533,2026-01-30 17:32:05,hubness_mean_over_words
swedish,swedish_MegatronBERT,gemini25pro,hub_topshare_t2_to_t1,def,0.08667323740165597,2026-01-30 17:32:05,hubness_mean_over_words
swedish,swedish_MegatronBERT,gemini25pro,hub_antihubshare_t1_wrt_t2,def,0.5839037992663312,2026-01-30 17:32:05,hubness_mean_over_words
swedish,swedish_MegatronBERT,gemini25pro,hub_meanfanout_t1_wrt_t2,def,2.5096533913766184,2026-01-30 17:32:05,hubness_mean_over_words
swedish,swedish_MegatronBERT,gemini25pro,hub_topshare_t1_to_t2,def,0.07179277980751446,2026-01-30 17:32:05,hubness_mean_over_words
swedish,swedish_MegatronBERT,gemini25pro,hub_antihubshare_t2_wrt_t1,def,0.5897150612661356,2026-01-30 17:32:05,hubness_mean_over_words
swedish,swedish_MegatronBERT,gemini25pro,hub_meanfanout_t2_wrt_t1,def,2.54496818588626,2026-01-30 17:32:05,hubness_mean_over_words
swedish,swedish_MegatronBERT,gemini25pro,hub_topshare_t2_to_t1,rand,0.06477962296846687,2026-01-30 17:32:05,hubness_mean_over_words
swedish,swedish_MegatronBERT,gemini25pro,hub_antihubshare_t1_wrt_t2,rand,0.5302621504622756,2026-01-30 17:32:05,hubness_mean_over_words
swedish,swedish_MegatronBERT,gemini25pro,hub_meanfanout_t1_wrt_t2,rand,2.1913505331162484,2026-01-30 17:32:05,hubness_mean_over_words
swedish,swedish_MegatronBERT,gemini25pro,hub_topshare_t1_to_t2,rand,0.07669888153667978,2026-01-30 17:32:05,hubness_mean_over_words
swedish,swedish_MegatronBERT,gemini25pro,hub_antihubshare_t2_wrt_t1,rand,0.5450505749218157,2026-01-30 17:32:05,hubness_mean_over_words
swedish,swedish_MegatronBERT,gemini25pro,hub_meanfanout_t2_wrt_t1,rand,2.2473129072496967,2026-01-30 17:32:05,hubness_mean_over_words
latin,xll,gemini25pro,prt,full,0.467,2026-01-30 17:32:14,
latin,xll,gemini25pro,apd,full,-0.035,2026-01-30 17:32:14,
latin,xll,gemini25pro,amd,full,0.033,2026-01-30 17:32:14,
latin,xll,gemini25pro,amd_sym,full,0.22,2026-01-30 17:32:14,
latin,xll,gemini25pro,amd_opt_sym,full,0.21,2026-01-30 17:32:14,
latin,xll,gemini25pro,prt,pca,0.0,2026-01-30 17:32:14,
latin,xll,gemini25pro,apd,pca,0.443,2026-01-30 17:32:14,
latin,xll,gemini25pro,amd,pca,0.344,2026-01-30 17:32:14,
latin,xll,gemini25pro,amd_sym,pca,0.463,2026-01-30 17:32:14,
latin,xll,gemini25pro,amd_opt_sym,pca,0.479,2026-01-30 17:32:14,
latin,xll,gemini25pro,prt,def,0.317,2026-01-30 17:32:14,
latin,xll,gemini25pro,apd,def,-0.196,2026-01-30 17:32:14,
latin,xll,gemini25pro,amd,def,0.121,2026-01-30 17:32:14,
latin,xll,gemini25pro,amd_sym,def,0.155,2026-01-30 17:32:14,
latin,xll,gemini25pro,amd_opt_sym,def,0.189,2026-01-30 17:32:14,
latin,xll,gemini25pro,prt,rand,0.432,2026-01-30 17:32:14,
latin,xll,gemini25pro,apd,rand,0.042,2026-01-30 17:32:14,
latin,xll,gemini25pro,amd,rand,0.178,2026-01-30 17:32:14,
latin,xll,gemini25pro,amd_sym,rand,0.365,2026-01-30 17:32:14,
latin,xll,gemini25pro,amd_opt_sym,rand,0.346,2026-01-30 17:32:14,
latin,xll,gemini25pro,hub_topshare_t2_to_t1,full,0.08375961524268023,2026-01-30 17:32:14,hubness_mean_over_words
latin,xll,gemini25pro,hub_antihubshare_t1_wrt_t2,full,0.5209767437050724,2026-01-30 17:32:14,hubness_mean_over_words
latin,xll,gemini25pro,hub_meanfanout_t1_wrt_t2,full,2.1406515717506407,2026-01-30 17:32:14,hubness_mean_over_words
latin,xll,gemini25pro,hub_topshare_t1_to_t2,full,0.06811527322503326,2026-01-30 17:32:14,hubness_mean_over_words
latin,xll,gemini25pro,hub_antihubshare_t2_wrt_t1,full,0.5372523444144274,2026-01-30 17:32:14,hubness_mean_over_words
latin,xll,gemini25pro,hub_meanfanout_t2_wrt_t1,full,2.207489809393883,2026-01-30 17:32:14,hubness_mean_over_words
latin,xll,gemini25pro,hub_topshare_t2_to_t1,pca,0.07415387995014718,2026-01-30 17:32:14,hubness_mean_over_words
latin,xll,gemini25pro,hub_antihubshare_t1_wrt_t2,pca,0.48616803424280863,2026-01-30 17:32:14,hubness_mean_over_words
latin,xll,gemini25pro,hub_meanfanout_t1_wrt_t2,pca,1.9959425628185272,2026-01-30 17:32:14,hubness_mean_over_words
latin,xll,gemini25pro,hub_topshare_t1_to_t2,pca,0.05999301378219141,2026-01-30 17:32:14,hubness_mean_over_words
latin,xll,gemini25pro,hub_antihubshare_t2_wrt_t1,pca,0.49097828146131056,2026-01-30 17:32:14,hubness_mean_over_words
latin,xll,gemini25pro,hub_meanfanout_t2_wrt_t1,pca,2.0087693691253663,2026-01-30 17:32:14,hubness_mean_over_words
latin,xll,gemini25pro,hub_topshare_t2_to_t1,def,0.06454810465055799,2026-01-30 17:32:14,hubness_mean_over_words
latin,xll,gemini25pro,hub_antihubshare_t1_wrt_t2,def,0.48411577923922683,2026-01-30 17:32:14,hubness_mean_over_words
latin,xll,gemini25pro,hub_meanfanout_t1_wrt_t2,def,1.973850393295288,2026-01-30 17:32:14,hubness_mean_over_words
latin,xll,gemini25pro,hub_topshare_t1_to_t2,def,0.05073210727464593,2026-01-30 17:32:14,hubness_mean_over_words
latin,xll,gemini25pro,hub_antihubshare_t2_wrt_t1,def,0.48706065485578237,2026-01-30 17:32:14,hubness_mean_over_words
latin,xll,gemini25pro,hub_meanfanout_t2_wrt_t1,def,1.9863769173622132,2026-01-30 17:32:14,hubness_mean_over_words
latin,xll,gemini25pro,hub_topshare_t2_to_t1,rand,0.05728610012167741,2026-01-30 17:32:14,hubness_mean_over_words
latin,xll,gemini25pro,hub_antihubshare_t1_wrt_t2,rand,0.46768186213010576,2026-01-30 17:32:14,hubness_mean_over_words
latin,xll,gemini25pro,hub_meanfanout_t1_wrt_t2,rand,1.8992811739444733,2026-01-30 17:32:14,hubness_mean_over_words
latin,xll,gemini25pro,hub_topshare_t1_to_t2,rand,0.054434927654064214,2026-01-30 17:32:14,hubness_mean_over_words
latin,xll,gemini25pro,hub_antihubshare_t2_wrt_t1,rand,0.47255871985770037,2026-01-30 17:32:14,hubness_mean_over_words
latin,xll,gemini25pro,hub_meanfanout_t2_wrt_t1,rand,1.922798353433609,2026-01-30 17:32:14,hubness_mean_over_words
latin,xlmr,gemini25pro,prt,full,0.5,2026-01-30 17:32:22,
latin,xlmr,gemini25pro,apd,full,0.027,2026-01-30 17:32:22,
latin,xlmr,gemini25pro,amd,full,0.264,2026-01-30 17:32:22,
latin,xlmr,gemini25pro,amd_sym,full,0.321,2026-01-30 17:32:22,
latin,xlmr,gemini25pro,amd_opt_sym,full,0.35,2026-01-30 17:32:22,
latin,xlmr,gemini25pro,prt,pca,0.022,2026-01-30 17:32:22,
latin,xlmr,gemini25pro,apd,pca,0.505,2026-01-30 17:32:22,
latin,xlmr,gemini25pro,amd,pca,0.365,2026-01-30 17:32:22,
latin,xlmr,gemini25pro,amd_sym,pca,0.439,2026-01-30 17:32:22,
latin,xlmr,gemini25pro,amd_opt_sym,pca,0.425,2026-01-30 17:32:22,
latin,xlmr,gemini25pro,prt,def,0.187,2026-01-30 17:32:22,
latin,xlmr,gemini25pro,apd,def,0.019,2026-01-30 17:32:22,
latin,xlmr,gemini25pro,amd,def,0.17,2026-01-30 17:32:22,
latin,xlmr,gemini25pro,amd_sym,def,0.251,2026-01-30 17:32:22,
latin,xlmr,gemini25pro,amd_opt_sym,def,0.19,2026-01-30 17:32:22,
latin,xlmr,gemini25pro,prt,rand,0.136,2026-01-30 17:32:22,
latin,xlmr,gemini25pro,apd,rand,-0.079,2026-01-30 17:32:22,
latin,xlmr,gemini25pro,amd,rand,0.369,2026-01-30 17:32:22,
latin,xlmr,gemini25pro,amd_sym,rand,0.425,2026-01-30 17:32:22,
latin,xlmr,gemini25pro,amd_opt_sym,rand,0.424,2026-01-30 17:32:22,
latin,xlmr,gemini25pro,hub_topshare_t2_to_t1,full,0.07335672600599451,2026-01-30 17:32:22,hubness_mean_over_words
latin,xlmr,gemini25pro,hub_antihubshare_t1_wrt_t2,full,0.5828963078347653,2026-01-30 17:32:22,hubness_mean_over_words
latin,xlmr,gemini25pro,hub_meanfanout_t1_wrt_t2,full,2.4196171164512634,2026-01-30 17:32:22,hubness_mean_over_words
latin,xlmr,gemini25pro,hub_topshare_t1_to_t2,full,0.09824222499088495,2026-01-30 17:32:22,hubness_mean_over_words
latin,xlmr,gemini25pro,hub_antihubshare_t2_wrt_t1,full,0.6284994643708023,2026-01-30 17:32:22,hubness_mean_over_words
latin,xlmr,gemini25pro,hub_meanfanout_t2_wrt_t1,full,2.7401625603437423,2026-01-30 17:32:22,hubness_mean_over_words
latin,xlmr,gemini25pro,hub_topshare_t2_to_t1,pca,0.06743217797409798,2026-01-30 17:32:22,hubness_mean_over_words
latin,xlmr,gemini25pro,hub_antihubshare_t1_wrt_t2,pca,0.5122048519792941,2026-01-30 17:32:22,hubness_mean_over_words
latin,xlmr,gemini25pro,hub_meanfanout_t1_wrt_t2,pca,2.077012073993683,2026-01-30 17:32:22,hubness_mean_over_words
latin,xlmr,gemini25pro,hub_topshare_t1_to_t2,pca,0.06620306174985591,2026-01-30 17:32:22,hubness_mean_over_words
latin,xlmr,gemini25pro,hub_antihubshare_t2_wrt_t1,pca,0.5296238757762889,2026-01-30 17:32:22,hubness_mean_over_words
latin,xlmr,gemini25pro,hub_meanfanout_t2_wrt_t1,pca,2.1716519236564635,2026-01-30 17:32:22,hubness_mean_over_words
latin,xlmr,gemini25pro,hub_topshare_t2_to_t1,def,0.04575392379461949,2026-01-30 17:32:22,hubness_mean_over_words
latin,xlmr,gemini25pro,hub_antihubshare_t1_wrt_t2,def,0.4571353392013241,2026-01-30 17:32:22,hubness_mean_over_words
latin,xlmr,gemini25pro,hub_meanfanout_t1_wrt_t2,def,1.8563771337270736,2026-01-30 17:32:22,hubness_mean_over_words
latin,xlmr,gemini25pro,hub_topshare_t1_to_t2,def,0.04623230979837859,2026-01-30 17:32:22,hubness_mean_over_words
latin,xlmr,gemini25pro,hub_antihubshare_t2_wrt_t1,def,0.45931229172381166,2026-01-30 17:32:22,hubness_mean_over_words
latin,xlmr,gemini25pro,hub_meanfanout_t2_wrt_t1,def,1.8666970282793045,2026-01-30 17:32:22,hubness_mean_over_words
latin,xlmr,gemini25pro,hub_topshare_t2_to_t1,rand,0.053572753169517505,2026-01-30 17:32:22,hubness_mean_over_words
latin,xlmr,gemini25pro,hub_antihubshare_t1_wrt_t2,rand,0.44273704807700864,2026-01-30 17:32:22,hubness_mean_over_words
latin,xlmr,gemini25pro,hub_meanfanout_t1_wrt_t2,rand,1.809252879023552,2026-01-30 17:32:22,hubness_mean_over_words
latin,xlmr,gemini25pro,hub_topshare_t1_to_t2,rand,0.04935265989401112,2026-01-30 17:32:22,hubness_mean_over_words
latin,xlmr,gemini25pro,hub_antihubshare_t2_wrt_t1,rand,0.4652707586062769,2026-01-30 17:32:22,hubness_mean_over_words
latin,xlmr,gemini25pro,hub_meanfanout_t2_wrt_t1,rand,1.8874913096427917,2026-01-30 17:32:22,hubness_mean_over_words
latin,rembert,gemini25pro,prt,full,0.523,2026-01-30 17:32:31,
latin,rembert,gemini25pro,apd,full,-0.209,2026-01-30 17:32:31,
latin,rembert,gemini25pro,amd,full,0.161,2026-01-30 17:32:31,
latin,rembert,gemini25pro,amd_sym,full,0.285,2026-01-30 17:32:31,
latin,rembert,gemini25pro,amd_opt_sym,full,0.271,2026-01-30 17:32:31,
latin,rembert,gemini25pro,prt,pca,0.026,2026-01-30 17:32:31,
latin,rembert,gemini25pro,apd,pca,0.517,2026-01-30 17:32:31,
latin,rembert,gemini25pro,amd,pca,0.289,2026-01-30 17:32:31,
latin,rembert,gemini25pro,amd_sym,pca,0.509,2026-01-30 17:32:31,
latin,rembert,gemini25pro,amd_opt_sym,pca,0.501,2026-01-30 17:32:31,
latin,rembert,gemini25pro,prt,def,0.205,2026-01-30 17:32:31,
latin,rembert,gemini25pro,apd,def,-0.114,2026-01-30 17:32:31,
latin,rembert,gemini25pro,amd,def,0.178,2026-01-30 17:32:31,
latin,rembert,gemini25pro,amd_sym,def,0.358,2026-01-30 17:32:31,
latin,rembert,gemini25pro,amd_opt_sym,def,0.362,2026-01-30 17:32:31,
latin,rembert,gemini25pro,prt,rand,-0.048,2026-01-30 17:32:31,
latin,rembert,gemini25pro,apd,rand,-0.231,2026-01-30 17:32:31,
latin,rembert,gemini25pro,amd,rand,0.29,2026-01-30 17:32:31,
latin,rembert,gemini25pro,amd_sym,rand,0.242,2026-01-30 17:32:31,
latin,rembert,gemini25pro,amd_opt_sym,rand,0.264,2026-01-30 17:32:31,
latin,rembert,gemini25pro,hub_topshare_t2_to_t1,full,0.08286806165818962,2026-01-30 17:32:31,hubness_mean_over_words
latin,rembert,gemini25pro,hub_antihubshare_t1_wrt_t2,full,0.5845614888930935,2026-01-30 17:32:31,hubness_mean_over_words
latin,rembert,gemini25pro,hub_meanfanout_t1_wrt_t2,full,2.4460533261299133,2026-01-30 17:32:31,hubness_mean_over_words
latin,rembert,gemini25pro,hub_topshare_t1_to_t2,full,0.09655350216771655,2026-01-30 17:32:31,hubness_mean_over_words
latin,rembert,gemini25pro,hub_antihubshare_t2_wrt_t1,full,0.6385450315529196,2026-01-30 17:32:31,hubness_mean_over_words
latin,rembert,gemini25pro,hub_meanfanout_t2_wrt_t1,full,2.82184756398201,2026-01-30 17:32:31,hubness_mean_over_words
latin,rembert,gemini25pro,hub_topshare_t2_to_t1,pca,0.07678908683834446,2026-01-30 17:32:31,hubness_mean_over_words
latin,rembert,gemini25pro,hub_antihubshare_t1_wrt_t2,pca,0.5150068204958655,2026-01-30 17:32:31,hubness_mean_over_words
latin,rembert,gemini25pro,hub_meanfanout_t1_wrt_t2,pca,2.1105186223983763,2026-01-30 17:32:31,hubness_mean_over_words
latin,rembert,gemini25pro,hub_topshare_t1_to_t2,pca,0.07317586039235317,2026-01-30 17:32:31,hubness_mean_over_words
latin,rembert,gemini25pro,hub_antihubshare_t2_wrt_t1,pca,0.5424504475338626,2026-01-30 17:32:31,hubness_mean_over_words
latin,rembert,gemini25pro,hub_meanfanout_t2_wrt_t1,pca,2.253840833902359,2026-01-30 17:32:31,hubness_mean_over_words
latin,rembert,gemini25pro,hub_topshare_t2_to_t1,def,0.0673771169569818,2026-01-30 17:32:31,hubness_mean_over_words
latin,rembert,gemini25pro,hub_antihubshare_t1_wrt_t2,def,0.4898160739939268,2026-01-30 17:32:31,hubness_mean_over_words
latin,rembert,gemini25pro,hub_meanfanout_t1_wrt_t2,def,2.000214546918869,2026-01-30 17:32:31,hubness_mean_over_words
latin,rembert,gemini25pro,hub_topshare_t1_to_t2,def,0.053566778246072214,2026-01-30 17:32:31,hubness_mean_over_words
latin,rembert,gemini25pro,hub_antihubshare_t2_wrt_t1,def,0.5054534585618853,2026-01-30 17:32:31,hubness_mean_over_words
latin,rembert,gemini25pro,hub_meanfanout_t2_wrt_t1,def,2.0999218344688417,2026-01-30 17:32:31,hubness_mean_over_words
latin,rembert,gemini25pro,hub_topshare_t2_to_t1,rand,0.05260244123185227,2026-01-30 17:32:31,hubness_mean_over_words
latin,rembert,gemini25pro,hub_antihubshare_t1_wrt_t2,rand,0.4660649677627067,2026-01-30 17:32:31,hubness_mean_over_words
latin,rembert,gemini25pro,hub_meanfanout_t1_wrt_t2,rand,1.8886072367429734,2026-01-30 17:32:31,hubness_mean_over_words
latin,rembert,gemini25pro,hub_topshare_t1_to_t2,rand,0.05402118265661861,2026-01-30 17:32:31,hubness_mean_over_words
latin,rembert,gemini25pro,hub_antihubshare_t2_wrt_t1,rand,0.4769522494841298,2026-01-30 17:32:31,hubness_mean_over_words
latin,rembert,gemini25pro,hub_meanfanout_t2_wrt_t1,rand,1.9321742117404939,2026-01-30 17:32:31,hubness_mean_over_words
latin,multilingual-e5,gemini25pro,prt,full,0.419,2026-01-30 17:32:40,
latin,multilingual-e5,gemini25pro,apd,full,0.274,2026-01-30 17:32:40,
latin,multilingual-e5,gemini25pro,amd,full,0.387,2026-01-30 17:32:40,
latin,multilingual-e5,gemini25pro,amd_sym,full,0.398,2026-01-30 17:32:40,
latin,multilingual-e5,gemini25pro,amd_opt_sym,full,0.438,2026-01-30 17:32:40,
latin,multilingual-e5,gemini25pro,prt,pca,0.514,2026-01-30 17:32:40,
latin,multilingual-e5,gemini25pro,apd,pca,0.514,2026-01-30 17:32:40,
latin,multilingual-e5,gemini25pro,amd,pca,0.421,2026-01-30 17:32:40,
latin,multilingual-e5,gemini25pro,amd_sym,pca,0.459,2026-01-30 17:32:40,
latin,multilingual-e5,gemini25pro,amd_opt_sym,pca,0.432,2026-01-30 17:32:40,
latin,multilingual-e5,gemini25pro,prt,def,0.158,2026-01-30 17:32:40,
latin,multilingual-e5,gemini25pro,apd,def,0.015,2026-01-30 17:32:40,
latin,multilingual-e5,gemini25pro,amd,def,0.179,2026-01-30 17:32:40,
latin,multilingual-e5,gemini25pro,amd_sym,def,0.238,2026-01-30 17:32:40,
latin,multilingual-e5,gemini25pro,amd_opt_sym,def,0.197,2026-01-30 17:32:40,
latin,multilingual-e5,gemini25pro,prt,rand,0.129,2026-01-30 17:32:40,
latin,multilingual-e5,gemini25pro,apd,rand,0.021,2026-01-30 17:32:40,
latin,multilingual-e5,gemini25pro,amd,rand,0.268,2026-01-30 17:32:40,
latin,multilingual-e5,gemini25pro,amd_sym,rand,0.248,2026-01-30 17:32:40,
latin,multilingual-e5,gemini25pro,amd_opt_sym,rand,0.251,2026-01-30 17:32:40,
latin,multilingual-e5,gemini25pro,hub_topshare_t2_to_t1,full,0.07691634811951949,2026-01-30 17:32:40,hubness_mean_over_words
latin,multilingual-e5,gemini25pro,hub_antihubshare_t1_wrt_t2,full,0.576328281137987,2026-01-30 17:32:40,hubness_mean_over_words
latin,multilingual-e5,gemini25pro,hub_meanfanout_t1_wrt_t2,full,2.380852523446083,2026-01-30 17:32:40,hubness_mean_over_words
latin,multilingual-e5,gemini25pro,hub_topshare_t1_to_t2,full,0.1022706550750591,2026-01-30 17:32:40,hubness_mean_over_words
latin,multilingual-e5,gemini25pro,hub_antihubshare_t2_wrt_t1,full,0.6269464416611292,2026-01-30 17:32:40,hubness_mean_over_words
latin,multilingual-e5,gemini25pro,hub_meanfanout_t2_wrt_t1,full,2.720353752374649,2026-01-30 17:32:40,hubness_mean_over_words
latin,multilingual-e5,gemini25pro,hub_topshare_t2_to_t1,pca,0.06381356736403243,2026-01-30 17:32:40,hubness_mean_over_words
latin,multilingual-e5,gemini25pro,hub_antihubshare_t1_wrt_t2,pca,0.5014410841422334,2026-01-30 17:32:40,hubness_mean_over_words
latin,multilingual-e5,gemini25pro,hub_meanfanout_t1_wrt_t2,pca,2.0462607949972154,2026-01-30 17:32:40,hubness_mean_over_words
latin,multilingual-e5,gemini25pro,hub_topshare_t1_to_t2,pca,0.06298232030646055,2026-01-30 17:32:40,hubness_mean_over_words
latin,multilingual-e5,gemini25pro,hub_antihubshare_t2_wrt_t1,pca,0.5306641172999911,2026-01-30 17:32:40,hubness_mean_over_words
latin,multilingual-e5,gemini25pro,hub_meanfanout_t2_wrt_t1,pca,2.198022773861885,2026-01-30 17:32:40,hubness_mean_over_words
latin,multilingual-e5,gemini25pro,hub_topshare_t2_to_t1,def,0.25992527622849504,2026-01-30 17:32:40,hubness_mean_over_words
latin,multilingual-e5,gemini25pro,hub_antihubshare_t1_wrt_t2,def,0.8103520522257168,2026-01-30 17:32:40,hubness_mean_over_words
latin,multilingual-e5,gemini25pro,hub_meanfanout_t1_wrt_t2,def,5.671516239643097,2026-01-30 17:32:40,hubness_mean_over_words
latin,multilingual-e5,gemini25pro,hub_topshare_t1_to_t2,def,0.2585175197609432,2026-01-30 17:32:40,hubness_mean_over_words
latin,multilingual-e5,gemini25pro,hub_antihubshare_t2_wrt_t1,def,0.8080776867422053,2026-01-30 17:32:40,hubness_mean_over_words
latin,multilingual-e5,gemini25pro,hub_meanfanout_t2_wrt_t1,def,5.755602556467056,2026-01-30 17:32:40,hubness_mean_over_words
latin,multilingual-e5,gemini25pro,hub_topshare_t2_to_t1,rand,0.0403975140222135,2026-01-30 17:32:40,hubness_mean_over_words
latin,multilingual-e5,gemini25pro,hub_antihubshare_t1_wrt_t2,rand,0.4250929060029313,2026-01-30 17:32:40,hubness_mean_over_words
latin,multilingual-e5,gemini25pro,hub_meanfanout_t1_wrt_t2,rand,1.7434342503547668,2026-01-30 17:32:40,hubness_mean_over_words
latin,multilingual-e5,gemini25pro,hub_topshare_t1_to_t2,rand,0.045005854804163595,2026-01-30 17:32:40,hubness_mean_over_words
latin,multilingual-e5,gemini25pro,hub_antihubshare_t2_wrt_t1,rand,0.4394496937503158,2026-01-30 17:32:40,hubness_mean_over_words
latin,multilingual-e5,gemini25pro,hub_meanfanout_t2_wrt_t1,rand,1.7902060180902482,2026-01-30 17:32:40,hubness_mean_over_words
latin,mmbert,gemini25pro,prt,full,0.493,2026-01-30 17:32:49,
latin,mmbert,gemini25pro,apd,full,-0.073,2026-01-30 17:32:49,
latin,mmbert,gemini25pro,amd,full,0.203,2026-01-30 17:32:49,
latin,mmbert,gemini25pro,amd_sym,full,0.313,2026-01-30 17:32:49,
latin,mmbert,gemini25pro,amd_opt_sym,full,0.284,2026-01-30 17:32:49,
latin,mmbert,gemini25pro,prt,pca,0.405,2026-01-30 17:32:49,
latin,mmbert,gemini25pro,apd,pca,0.534,2026-01-30 17:32:49,
latin,mmbert,gemini25pro,amd,pca,0.36,2026-01-30 17:32:49,
latin,mmbert,gemini25pro,amd_sym,pca,0.395,2026-01-30 17:32:49,
latin,mmbert,gemini25pro,amd_opt_sym,pca,0.41,2026-01-30 17:32:49,
latin,mmbert,gemini25pro,prt,def,0.251,2026-01-30 17:32:49,
latin,mmbert,gemini25pro,apd,def,-0.001,2026-01-30 17:32:49,
latin,mmbert,gemini25pro,amd,def,0.17,2026-01-30 17:32:49,
latin,mmbert,gemini25pro,amd_sym,def,0.28,2026-01-30 17:32:49,
latin,mmbert,gemini25pro,amd_opt_sym,def,0.244,2026-01-30 17:32:49,
latin,mmbert,gemini25pro,prt,rand,-0.018,2026-01-30 17:32:49,
latin,mmbert,gemini25pro,apd,rand,-0.164,2026-01-30 17:32:49,
latin,mmbert,gemini25pro,amd,rand,0.169,2026-01-30 17:32:49,
latin,mmbert,gemini25pro,amd_sym,rand,0.088,2026-01-30 17:32:49,
latin,mmbert,gemini25pro,amd_opt_sym,rand,0.08,2026-01-30 17:32:49,
latin,mmbert,gemini25pro,hub_topshare_t2_to_t1,full,0.07709351005515967,2026-01-30 17:32:49,hubness_mean_over_words
latin,mmbert,gemini25pro,hub_antihubshare_t1_wrt_t2,full,0.5793579485833602,2026-01-30 17:32:49,hubness_mean_over_words
latin,mmbert,gemini25pro,hub_meanfanout_t1_wrt_t2,full,2.397387519478798,2026-01-30 17:32:49,hubness_mean_over_words
latin,mmbert,gemini25pro,hub_topshare_t1_to_t2,full,0.08730304140140657,2026-01-30 17:32:49,hubness_mean_over_words
latin,mmbert,gemini25pro,hub_antihubshare_t2_wrt_t1,full,0.6152327165082252,2026-01-30 17:32:49,hubness_mean_over_words
latin,mmbert,gemini25pro,hub_meanfanout_t2_wrt_t1,full,2.62950294315815,2026-01-30 17:32:49,hubness_mean_over_words
latin,mmbert,gemini25pro,hub_topshare_t2_to_t1,pca,0.063931244563495,2026-01-30 17:32:49,hubness_mean_over_words
latin,mmbert,gemini25pro,hub_antihubshare_t1_wrt_t2,pca,0.4890940889245251,2026-01-30 17:32:49,hubness_mean_over_words
latin,mmbert,gemini25pro,hub_meanfanout_t1_wrt_t2,pca,1.990918681025505,2026-01-30 17:32:49,hubness_mean_over_words
latin,mmbert,gemini25pro,hub_topshare_t1_to_t2,pca,0.05671619758779407,2026-01-30 17:32:49,hubness_mean_over_words
latin,mmbert,gemini25pro,hub_antihubshare_t2_wrt_t1,pca,0.5050159073153956,2026-01-30 17:32:49,hubness_mean_over_words
latin,mmbert,gemini25pro,hub_meanfanout_t2_wrt_t1,pca,2.063717249035835,2026-01-30 17:32:49,hubness_mean_over_words
latin,mmbert,gemini25pro,hub_topshare_t2_to_t1,def,0.04922316878634395,2026-01-30 17:32:49,hubness_mean_over_words
latin,mmbert,gemini25pro,hub_antihubshare_t1_wrt_t2,def,0.4600919188489632,2026-01-30 17:32:49,hubness_mean_over_words
latin,mmbert,gemini25pro,hub_meanfanout_t1_wrt_t2,def,1.8705941408872604,2026-01-30 17:32:49,hubness_mean_over_words
latin,mmbert,gemini25pro,hub_topshare_t1_to_t2,def,0.053080648401090835,2026-01-30 17:32:49,hubness_mean_over_words
latin,mmbert,gemini25pro,hub_antihubshare_t2_wrt_t1,def,0.47042266350752887,2026-01-30 17:32:49,hubness_mean_over_words
latin,mmbert,gemini25pro,hub_meanfanout_t2_wrt_t1,def,1.9142954528331757,2026-01-30 17:32:49,hubness_mean_over_words
latin,mmbert,gemini25pro,hub_topshare_t2_to_t1,rand,0.04344888089477622,2026-01-30 17:32:49,hubness_mean_over_words
latin,mmbert,gemini25pro,hub_antihubshare_t1_wrt_t2,rand,0.4361537847590786,2026-01-30 17:32:49,hubness_mean_over_words
latin,mmbert,gemini25pro,hub_meanfanout_t1_wrt_t2,rand,1.7834935009479522,2026-01-30 17:32:49,hubness_mean_over_words
latin,mmbert,gemini25pro,hub_topshare_t1_to_t2,rand,0.045390031243723664,2026-01-30 17:32:49,hubness_mean_over_words
latin,mmbert,gemini25pro,hub_antihubshare_t2_wrt_t1,rand,0.4582281379664672,2026-01-30 17:32:49,hubness_mean_over_words
latin,mmbert,gemini25pro,hub_meanfanout_t2_wrt_t1,rand,1.8562519967556,2026-01-30 17:32:49,hubness_mean_over_words
latin,latin_BammanBurns,gemini25pro,prt,full,0.252,2026-01-30 17:32:57,
latin,latin_BammanBurns,gemini25pro,apd,full,-0.071,2026-01-30 17:32:57,
latin,latin_BammanBurns,gemini25pro,amd,full,0.18,2026-01-30 17:32:57,
latin,latin_BammanBurns,gemini25pro,amd_sym,full,0.264,2026-01-30 17:32:57,
latin,latin_BammanBurns,gemini25pro,amd_opt_sym,full,0.235,2026-01-30 17:32:57,
latin,latin_BammanBurns,gemini25pro,prt,pca,-0.041,2026-01-30 17:32:57,
latin,latin_BammanBurns,gemini25pro,apd,pca,0.279,2026-01-30 17:32:57,
latin,latin_BammanBurns,gemini25pro,amd,pca,0.278,2026-01-30 17:32:57,
latin,latin_BammanBurns,gemini25pro,amd_sym,pca,0.347,2026-01-30 17:32:57,
latin,latin_BammanBurns,gemini25pro,amd_opt_sym,pca,0.313,2026-01-30 17:32:57,
latin,latin_BammanBurns,gemini25pro,prt,def,0.424,2026-01-30 17:32:57,
latin,latin_BammanBurns,gemini25pro,apd,def,0.199,2026-01-30 17:32:57,
latin,latin_BammanBurns,gemini25pro,amd,def,0.384,2026-01-30 17:32:57,
latin,latin_BammanBurns,gemini25pro,amd_sym,def,0.381,2026-01-30 17:32:57,
latin,latin_BammanBurns,gemini25pro,amd_opt_sym,def,0.371,2026-01-30 17:32:57,
latin,latin_BammanBurns,gemini25pro,prt,rand,0.259,2026-01-30 17:32:57,
latin,latin_BammanBurns,gemini25pro,apd,rand,0.115,2026-01-30 17:32:57,
latin,latin_BammanBurns,gemini25pro,amd,rand,0.293,2026-01-30 17:32:57,
latin,latin_BammanBurns,gemini25pro,amd_sym,rand,0.326,2026-01-30 17:32:57,
latin,latin_BammanBurns,gemini25pro,amd_opt_sym,rand,0.303,2026-01-30 17:32:57,
latin,latin_BammanBurns,gemini25pro,hub_topshare_t2_to_t1,full,0.07054774375127507,2026-01-30 17:32:57,hubness_mean_over_words
latin,latin_BammanBurns,gemini25pro,hub_antihubshare_t1_wrt_t2,full,0.5520426525140851,2026-01-30 17:32:57,hubness_mean_over_words
latin,latin_BammanBurns,gemini25pro,hub_meanfanout_t1_wrt_t2,full,2.2587319761514664,2026-01-30 17:32:57,hubness_mean_over_words
latin,latin_BammanBurns,gemini25pro,hub_topshare_t1_to_t2,full,0.05728722487853384,2026-01-30 17:32:57,hubness_mean_over_words
latin,latin_BammanBurns,gemini25pro,hub_antihubshare_t2_wrt_t1,full,0.5424310816632255,2026-01-30 17:32:57,hubness_mean_over_words
latin,latin_BammanBurns,gemini25pro,hub_meanfanout_t2_wrt_t1,full,2.2034073054790495,2026-01-30 17:32:57,hubness_mean_over_words
latin,latin_BammanBurns,gemini25pro,hub_topshare_t2_to_t1,pca,0.058050296151051436,2026-01-30 17:32:57,hubness_mean_over_words
latin,latin_BammanBurns,gemini25pro,hub_antihubshare_t1_wrt_t2,pca,0.46549592643532434,2026-01-30 17:32:57,hubness_mean_over_words
latin,latin_BammanBurns,gemini25pro,hub_meanfanout_t1_wrt_t2,pca,1.8819227129220963,2026-01-30 17:32:57,hubness_mean_over_words
latin,latin_BammanBurns,gemini25pro,hub_topshare_t1_to_t2,pca,0.04930144093219962,2026-01-30 17:32:57,hubness_mean_over_words
latin,latin_BammanBurns,gemini25pro,hub_antihubshare_t2_wrt_t1,pca,0.45690063922256935,2026-01-30 17:32:57,hubness_mean_over_words
latin,latin_BammanBurns,gemini25pro,hub_meanfanout_t2_wrt_t1,pca,1.8521137416362763,2026-01-30 17:32:57,hubness_mean_over_words
latin,latin_BammanBurns,gemini25pro,hub_topshare_t2_to_t1,def,0.044949806182029955,2026-01-30 17:32:57,hubness_mean_over_words
latin,latin_BammanBurns,gemini25pro,hub_antihubshare_t1_wrt_t2,def,0.4430258096848835,2026-01-30 17:32:57,hubness_mean_over_words
latin,latin_BammanBurns,gemini25pro,hub_meanfanout_t1_wrt_t2,def,1.8026154518127442,2026-01-30 17:32:57,hubness_mean_over_words
latin,latin_BammanBurns,gemini25pro,hub_topshare_t1_to_t2,def,0.049610134840178,2026-01-30 17:32:57,hubness_mean_over_words
latin,latin_BammanBurns,gemini25pro,hub_antihubshare_t2_wrt_t1,def,0.4589190446541275,2026-01-30 17:32:57,hubness_mean_over_words
latin,latin_BammanBurns,gemini25pro,hub_meanfanout_t2_wrt_t1,def,1.8621492326259612,2026-01-30 17:32:57,hubness_mean_over_words
latin,latin_BammanBurns,gemini25pro,hub_topshare_t2_to_t1,rand,0.04626382171207584,2026-01-30 17:32:57,hubness_mean_over_words
latin,latin_BammanBurns,gemini25pro,hub_antihubshare_t1_wrt_t2,rand,0.44224619024148737,2026-01-30 17:32:57,hubness_mean_over_words
latin,latin_BammanBurns,gemini25pro,hub_meanfanout_t1_wrt_t2,rand,1.8001027345657348,2026-01-30 17:32:57,hubness_mean_over_words
latin,latin_BammanBurns,gemini25pro,hub_topshare_t1_to_t2,rand,0.03915195686976478,2026-01-30 17:32:57,hubness_mean_over_words
latin,latin_BammanBurns,gemini25pro,hub_antihubshare_t2_wrt_t1,rand,0.44069600500645356,2026-01-30 17:32:57,hubness_mean_over_words
latin,latin_BammanBurns,gemini25pro,hub_meanfanout_t2_wrt_t1,rand,1.7962466299533844,2026-01-30 17:32:57,hubness_mean_over_words
spanish,xll,gemini25pro,prt,full,0.633,2026-01-30 17:32:58,
spanish,xll,gemini25pro,apd,full,0.665,2026-01-30 17:32:58,
spanish,xll,gemini25pro,amd,full,0.663,2026-01-30 17:32:58,
spanish,xll,gemini25pro,amd_sym,full,0.649,2026-01-30 17:32:58,
spanish,xll,gemini25pro,amd_opt_sym,full,0.656,2026-01-30 17:32:58,
spanish,xll,gemini25pro,prt,pca,-0.093,2026-01-30 17:32:58,
spanish,xll,gemini25pro,apd,pca,0.323,2026-01-30 17:32:58,
spanish,xll,gemini25pro,amd,pca,0.704,2026-01-30 17:32:58,
spanish,xll,gemini25pro,amd_sym,pca,0.685,2026-01-30 17:32:58,
spanish,xll,gemini25pro,amd_opt_sym,pca,0.679,2026-01-30 17:32:58,
spanish,xll,gemini25pro,prt,def,0.6,2026-01-30 17:32:58,
spanish,xll,gemini25pro,apd,def,0.635,2026-01-30 17:32:58,
spanish,xll,gemini25pro,amd,def,0.659,2026-01-30 17:32:58,
spanish,xll,gemini25pro,amd_sym,def,0.613,2026-01-30 17:32:58,
spanish,xll,gemini25pro,amd_opt_sym,def,0.607,2026-01-30 17:32:58,
spanish,xll,gemini25pro,prt,rand,0.461,2026-01-30 17:32:58,
spanish,xll,gemini25pro,apd,rand,0.542,2026-01-30 17:32:58,
spanish,xll,gemini25pro,amd,rand,0.613,2026-01-30 17:32:58,
spanish,xll,gemini25pro,amd_sym,rand,0.617,2026-01-30 17:32:58,
spanish,xll,gemini25pro,amd_opt_sym,rand,0.618,2026-01-30 17:32:58,
spanish,xll,gemini25pro,hub_topshare_t2_to_t1,full,0.4301578947368421,2026-01-30 17:32:58,hubness_mean_over_words
spanish,xll,gemini25pro,hub_antihubshare_t1_wrt_t2,full,0.6717631578947367,2026-01-30 17:32:58,hubness_mean_over_words
spanish,xll,gemini25pro,hub_meanfanout_t1_wrt_t2,full,3.679769114255905,2026-01-30 17:32:58,hubness_mean_over_words
spanish,xll,gemini25pro,hub_topshare_t1_to_t2,full,0.4056052631578948,2026-01-30 17:32:58,hubness_mean_over_words
spanish,xll,gemini25pro,hub_antihubshare_t2_wrt_t1,full,0.6522105263157895,2026-01-30 17:32:58,hubness_mean_over_words
spanish,xll,gemini25pro,hub_meanfanout_t2_wrt_t1,full,3.5761710631847383,2026-01-30 17:32:58,hubness_mean_over_words
spanish,xll,gemini25pro,hub_topshare_t2_to_t1,pca,0.4366578947368421,2026-01-30 17:32:58,hubness_mean_over_words
spanish,xll,gemini25pro,hub_antihubshare_t1_wrt_t2,pca,0.6587105263157895,2026-01-30 17:32:58,hubness_mean_over_words
spanish,xll,gemini25pro,hub_meanfanout_t1_wrt_t2,pca,3.608744601011276,2026-01-30 17:32:58,hubness_mean_over_words
spanish,xll,gemini25pro,hub_topshare_t1_to_t2,pca,0.40613157894736845,2026-01-30 17:32:58,hubness_mean_over_words
spanish,xll,gemini25pro,hub_antihubshare_t2_wrt_t1,pca,0.6527368421052633,2026-01-30 17:32:58,hubness_mean_over_words
spanish,xll,gemini25pro,hub_meanfanout_t2_wrt_t1,pca,3.4638579201698305,2026-01-30 17:32:58,hubness_mean_over_words
spanish,xll,gemini25pro,hub_topshare_t2_to_t1,def,0.4441315789473683,2026-01-30 17:32:58,hubness_mean_over_words
spanish,xll,gemini25pro,hub_antihubshare_t1_wrt_t2,def,0.6592368421052633,2026-01-30 17:32:58,hubness_mean_over_words
spanish,xll,gemini25pro,hub_meanfanout_t1_wrt_t2,def,4.09229948759079,2026-01-30 17:32:58,hubness_mean_over_words
spanish,xll,gemini25pro,hub_topshare_t1_to_t2,def,0.3891315789473684,2026-01-30 17:32:58,hubness_mean_over_words
spanish,xll,gemini25pro,hub_antihubshare_t2_wrt_t1,def,0.6167631578947368,2026-01-30 17:32:58,hubness_mean_over_words
spanish,xll,gemini25pro,hub_meanfanout_t2_wrt_t1,def,3.485581650733948,2026-01-30 17:32:58,hubness_mean_over_words
spanish,xll,gemini25pro,hub_topshare_t2_to_t1,rand,0.3845789473684211,2026-01-30 17:32:58,hubness_mean_over_words
spanish,xll,gemini25pro,hub_antihubshare_t1_wrt_t2,rand,0.6176842105263158,2026-01-30 17:32:58,hubness_mean_over_words
spanish,xll,gemini25pro,hub_meanfanout_t1_wrt_t2,rand,3.206010946035385,2026-01-30 17:32:58,hubness_mean_over_words
spanish,xll,gemini25pro,hub_topshare_t1_to_t2,rand,0.36710526315789466,2026-01-30 17:32:58,hubness_mean_over_words
spanish,xll,gemini25pro,hub_antihubshare_t2_wrt_t1,rand,0.5972631578947368,2026-01-30 17:32:58,hubness_mean_over_words
spanish,xll,gemini25pro,hub_meanfanout_t2_wrt_t1,rand,3.148739058971405,2026-01-30 17:32:58,hubness_mean_over_words
spanish,xlmr,gemini25pro,prt,full,0.23,2026-01-30 17:32:59,
spanish,xlmr,gemini25pro,apd,full,0.247,2026-01-30 17:32:59,
spanish,xlmr,gemini25pro,amd,full,0.309,2026-01-30 17:32:59,
spanish,xlmr,gemini25pro,amd_sym,full,0.204,2026-01-30 17:32:59,
spanish,xlmr,gemini25pro,amd_opt_sym,full,0.266,2026-01-30 17:32:59,
spanish,xlmr,gemini25pro,prt,pca,-0.034,2026-01-30 17:32:59,
spanish,xlmr,gemini25pro,apd,pca,-0.172,2026-01-30 17:32:59,
spanish,xlmr,gemini25pro,amd,pca,0.515,2026-01-30 17:32:59,
spanish,xlmr,gemini25pro,amd_sym,pca,0.479,2026-01-30 17:32:59,
spanish,xlmr,gemini25pro,amd_opt_sym,pca,0.49,2026-01-30 17:32:59,
spanish,xlmr,gemini25pro,prt,def,0.229,2026-01-30 17:32:59,
spanish,xlmr,gemini25pro,apd,def,0.192,2026-01-30 17:32:59,
spanish,xlmr,gemini25pro,amd,def,0.445,2026-01-30 17:32:59,
spanish,xlmr,gemini25pro,amd_sym,def,0.308,2026-01-30 17:32:59,
spanish,xlmr,gemini25pro,amd_opt_sym,def,0.269,2026-01-30 17:32:59,
spanish,xlmr,gemini25pro,prt,rand,0.009,2026-01-30 17:32:59,
spanish,xlmr,gemini25pro,apd,rand,-0.047,2026-01-30 17:32:59,
spanish,xlmr,gemini25pro,amd,rand,0.434,2026-01-30 17:32:59,
spanish,xlmr,gemini25pro,amd_sym,rand,0.397,2026-01-30 17:32:59,
spanish,xlmr,gemini25pro,amd_opt_sym,rand,0.405,2026-01-30 17:32:59,
spanish,xlmr,gemini25pro,hub_topshare_t2_to_t1,full,0.43573684210526326,2026-01-30 17:32:59,hubness_mean_over_words
spanish,xlmr,gemini25pro,hub_antihubshare_t1_wrt_t2,full,0.6808157894736843,2026-01-30 17:32:59,hubness_mean_over_words
spanish,xlmr,gemini25pro,hub_meanfanout_t1_wrt_t2,full,3.3948412799835204,2026-01-30 17:32:59,hubness_mean_over_words
spanish,xlmr,gemini25pro,hub_topshare_t1_to_t2,full,0.46378947368421053,2026-01-30 17:32:59,hubness_mean_over_words
spanish,xlmr,gemini25pro,hub_antihubshare_t2_wrt_t1,full,0.7243684210526316,2026-01-30 17:32:59,hubness_mean_over_words
spanish,xlmr,gemini25pro,hub_meanfanout_t2_wrt_t1,full,3.9717301321029663,2026-01-30 17:32:59,hubness_mean_over_words
spanish,xlmr,gemini25pro,hub_topshare_t2_to_t1,pca,0.3962631578947368,2026-01-30 17:32:59,hubness_mean_over_words
spanish,xlmr,gemini25pro,hub_antihubshare_t1_wrt_t2,pca,0.6749473684210527,2026-01-30 17:32:59,hubness_mean_over_words
spanish,xlmr,gemini25pro,hub_meanfanout_t1_wrt_t2,pca,3.6986724483966826,2026-01-30 17:32:59,hubness_mean_over_words
spanish,xlmr,gemini25pro,hub_topshare_t1_to_t2,pca,0.40478947368421053,2026-01-30 17:32:59,hubness_mean_over_words
spanish,xlmr,gemini25pro,hub_antihubshare_t2_wrt_t1,pca,0.6994473684210525,2026-01-30 17:32:59,hubness_mean_over_words
spanish,xlmr,gemini25pro,hub_meanfanout_t2_wrt_t1,pca,3.9208080649375914,2026-01-30 17:32:59,hubness_mean_over_words
spanish,xlmr,gemini25pro,hub_topshare_t2_to_t1,def,0.3842631578947369,2026-01-30 17:32:59,hubness_mean_over_words
spanish,xlmr,gemini25pro,hub_antihubshare_t1_wrt_t2,def,0.6283157894736843,2026-01-30 17:32:59,hubness_mean_over_words
spanish,xlmr,gemini25pro,hub_meanfanout_t1_wrt_t2,def,3.1473926031589508,2026-01-30 17:32:59,hubness_mean_over_words
spanish,xlmr,gemini25pro,hub_topshare_t1_to_t2,def,0.3661578947368422,2026-01-30 17:32:59,hubness_mean_over_words
spanish,xlmr,gemini25pro,hub_antihubshare_t2_wrt_t1,def,0.6197894736842106,2026-01-30 17:32:59,hubness_mean_over_words
spanish,xlmr,gemini25pro,hub_meanfanout_t2_wrt_t1,def,3.077751568555832,2026-01-30 17:32:59,hubness_mean_over_words
spanish,xlmr,gemini25pro,hub_topshare_t2_to_t1,rand,0.32263157894736844,2026-01-30 17:32:59,hubness_mean_over_words
spanish,xlmr,gemini25pro,hub_antihubshare_t1_wrt_t2,rand,0.5732631578947368,2026-01-30 17:32:59,hubness_mean_over_words
spanish,xlmr,gemini25pro,hub_meanfanout_t1_wrt_t2,rand,2.620612746477127,2026-01-30 17:32:59,hubness_mean_over_words
spanish,xlmr,gemini25pro,hub_topshare_t1_to_t2,rand,0.3156052631578947,2026-01-30 17:32:59,hubness_mean_over_words
spanish,xlmr,gemini25pro,hub_antihubshare_t2_wrt_t1,rand,0.5692631578947369,2026-01-30 17:32:59,hubness_mean_over_words
spanish,xlmr,gemini25pro,hub_meanfanout_t2_wrt_t1,rand,2.4823204851150513,2026-01-30 17:32:59,hubness_mean_over_words
spanish,rembert,gemini25pro,prt,full,0.322,2026-01-30 17:33:00,
spanish,rembert,gemini25pro,apd,full,0.356,2026-01-30 17:33:00,
spanish,rembert,gemini25pro,amd,full,0.326,2026-01-30 17:33:00,
spanish,rembert,gemini25pro,amd_sym,full,0.306,2026-01-30 17:33:00,
spanish,rembert,gemini25pro,amd_opt_sym,full,0.342,2026-01-30 17:33:00,
spanish,rembert,gemini25pro,prt,pca,0.01,2026-01-30 17:33:00,
spanish,rembert,gemini25pro,apd,pca,-0.196,2026-01-30 17:33:00,
spanish,rembert,gemini25pro,amd,pca,0.523,2026-01-30 17:33:00,
spanish,rembert,gemini25pro,amd_sym,pca,0.522,2026-01-30 17:33:00,
spanish,rembert,gemini25pro,amd_opt_sym,pca,0.52,2026-01-30 17:33:00,
spanish,rembert,gemini25pro,prt,def,0.353,2026-01-30 17:33:00,
spanish,rembert,gemini25pro,apd,def,0.325,2026-01-30 17:33:00,
spanish,rembert,gemini25pro,amd,def,0.428,2026-01-30 17:33:00,
spanish,rembert,gemini25pro,amd_sym,def,0.409,2026-01-30 17:33:00,
spanish,rembert,gemini25pro,amd_opt_sym,def,0.402,2026-01-30 17:33:00,
spanish,rembert,gemini25pro,prt,rand,0.102,2026-01-30 17:33:00,
spanish,rembert,gemini25pro,apd,rand,0.038,2026-01-30 17:33:00,
spanish,rembert,gemini25pro,amd,rand,0.485,2026-01-30 17:33:00,
spanish,rembert,gemini25pro,amd_sym,rand,0.458,2026-01-30 17:33:00,
spanish,rembert,gemini25pro,amd_opt_sym,rand,0.467,2026-01-30 17:33:00,
spanish,rembert,gemini25pro,hub_topshare_t2_to_t1,full,0.4943157894736842,2026-01-30 17:33:00,hubness_mean_over_words
spanish,rembert,gemini25pro,hub_antihubshare_t1_wrt_t2,full,0.7279210526315789,2026-01-30 17:33:00,hubness_mean_over_words
spanish,rembert,gemini25pro,hub_meanfanout_t1_wrt_t2,full,4.1266666555404665,2026-01-30 17:33:00,hubness_mean_over_words
spanish,rembert,gemini25pro,hub_topshare_t1_to_t2,full,0.5932368421052632,2026-01-30 17:33:00,hubness_mean_over_words
spanish,rembert,gemini25pro,hub_antihubshare_t2_wrt_t1,full,0.7773947368421051,2026-01-30 17:33:00,hubness_mean_over_words
spanish,rembert,gemini25pro,hub_meanfanout_t2_wrt_t1,full,5.299404726028443,2026-01-30 17:33:00,hubness_mean_over_words
spanish,rembert,gemini25pro,hub_topshare_t2_to_t1,pca,0.45234210526315793,2026-01-30 17:33:00,hubness_mean_over_words
spanish,rembert,gemini25pro,hub_antihubshare_t1_wrt_t2,pca,0.7074473684210525,2026-01-30 17:33:00,hubness_mean_over_words
spanish,rembert,gemini25pro,hub_meanfanout_t1_wrt_t2,pca,4.182301580905914,2026-01-30 17:33:00,hubness_mean_over_words
spanish,rembert,gemini25pro,hub_topshare_t1_to_t2,pca,0.4913947368421054,2026-01-30 17:33:00,hubness_mean_over_words
spanish,rembert,gemini25pro,hub_antihubshare_t2_wrt_t1,pca,0.7414473684210527,2026-01-30 17:33:00,hubness_mean_over_words
spanish,rembert,gemini25pro,hub_meanfanout_t2_wrt_t1,pca,4.6931024372577665,2026-01-30 17:33:00,hubness_mean_over_words
spanish,rembert,gemini25pro,hub_topshare_t2_to_t1,def,0.6143157894736843,2026-01-30 17:33:00,hubness_mean_over_words
spanish,rembert,gemini25pro,hub_antihubshare_t1_wrt_t2,def,0.7608684210526317,2026-01-30 17:33:00,hubness_mean_over_words
spanish,rembert,gemini25pro,hub_meanfanout_t1_wrt_t2,def,5.7553159976005555,2026-01-30 17:33:00,hubness_mean_over_words
spanish,rembert,gemini25pro,hub_topshare_t1_to_t2,def,0.5903157894736843,2026-01-30 17:33:00,hubness_mean_over_words
spanish,rembert,gemini25pro,hub_antihubshare_t2_wrt_t1,def,0.7678421052631579,2026-01-30 17:33:00,hubness_mean_over_words
spanish,rembert,gemini25pro,hub_meanfanout_t2_wrt_t1,def,6.083023074865341,2026-01-30 17:33:00,hubness_mean_over_words
spanish,rembert,gemini25pro,hub_topshare_t2_to_t1,rand,0.35660526315789476,2026-01-30 17:33:00,hubness_mean_over_words
spanish,rembert,gemini25pro,hub_antihubshare_t1_wrt_t2,rand,0.603263157894737,2026-01-30 17:33:00,hubness_mean_over_words
spanish,rembert,gemini25pro,hub_meanfanout_t1_wrt_t2,rand,2.8841553139686584,2026-01-30 17:33:00,hubness_mean_over_words
spanish,rembert,gemini25pro,hub_topshare_t1_to_t2,rand,0.4091052631578947,2026-01-30 17:33:00,hubness_mean_over_words
spanish,rembert,gemini25pro,hub_antihubshare_t2_wrt_t1,rand,0.6327368421052632,2026-01-30 17:33:00,hubness_mean_over_words
spanish,rembert,gemini25pro,hub_meanfanout_t2_wrt_t1,rand,3.3320469653606413,2026-01-30 17:33:00,hubness_mean_over_words
spanish,multilingual-e5,gemini25pro,prt,full,0.381,2026-01-30 17:33:01,
spanish,multilingual-e5,gemini25pro,apd,full,0.188,2026-01-30 17:33:01,
spanish,multilingual-e5,gemini25pro,amd,full,0.194,2026-01-30 17:33:01,
spanish,multilingual-e5,gemini25pro,amd_sym,full,0.222,2026-01-30 17:33:01,
spanish,multilingual-e5,gemini25pro,amd_opt_sym,full,0.218,2026-01-30 17:33:01,
spanish,multilingual-e5,gemini25pro,prt,pca,-0.163,2026-01-30 17:33:01,
spanish,multilingual-e5,gemini25pro,apd,pca,-0.258,2026-01-30 17:33:01,
spanish,multilingual-e5,gemini25pro,amd,pca,0.593,2026-01-30 17:33:01,
spanish,multilingual-e5,gemini25pro,amd_sym,pca,0.599,2026-01-30 17:33:01,
spanish,multilingual-e5,gemini25pro,amd_opt_sym,pca,0.598,2026-01-30 17:33:01,
spanish,multilingual-e5,gemini25pro,prt,def,0.05,2026-01-30 17:33:01,
spanish,multilingual-e5,gemini25pro,apd,def,0.416,2026-01-30 17:33:01,
spanish,multilingual-e5,gemini25pro,amd,def,0.486,2026-01-30 17:33:01,
spanish,multilingual-e5,gemini25pro,amd_sym,def,0.308,2026-01-30 17:33:01,
spanish,multilingual-e5,gemini25pro,amd_opt_sym,def,0.283,2026-01-30 17:33:01,
spanish,multilingual-e5,gemini25pro,prt,rand,0.335,2026-01-30 17:33:01,
spanish,multilingual-e5,gemini25pro,apd,rand,0.106,2026-01-30 17:33:01,
spanish,multilingual-e5,gemini25pro,amd,rand,0.476,2026-01-30 17:33:01,
spanish,multilingual-e5,gemini25pro,amd_sym,rand,0.487,2026-01-30 17:33:01,
spanish,multilingual-e5,gemini25pro,amd_opt_sym,rand,0.485,2026-01-30 17:33:01,
spanish,multilingual-e5,gemini25pro,hub_topshare_t2_to_t1,full,0.3432105263157895,2026-01-30 17:33:01,hubness_mean_over_words
spanish,multilingual-e5,gemini25pro,hub_antihubshare_t1_wrt_t2,full,0.5868157894736842,2026-01-30 17:33:01,hubness_mean_over_words
spanish,multilingual-e5,gemini25pro,hub_meanfanout_t1_wrt_t2,full,2.576745501756668,2026-01-30 17:33:01,hubness_mean_over_words
spanish,multilingual-e5,gemini25pro,hub_topshare_t1_to_t2,full,0.42376315789473695,2026-01-30 17:33:01,hubness_mean_over_words
spanish,multilingual-e5,gemini25pro,hub_antihubshare_t2_wrt_t1,full,0.6838684210526316,2026-01-30 17:33:01,hubness_mean_over_words
spanish,multilingual-e5,gemini25pro,hub_meanfanout_t2_wrt_t1,full,3.445686193704605,2026-01-30 17:33:01,hubness_mean_over_words
spanish,multilingual-e5,gemini25pro,hub_topshare_t2_to_t1,pca,0.3217894736842105,2026-01-30 17:33:01,hubness_mean_over_words
spanish,multilingual-e5,gemini25pro,hub_antihubshare_t1_wrt_t2,pca,0.6074473684210526,2026-01-30 17:33:01,hubness_mean_over_words
spanish,multilingual-e5,gemini25pro,hub_meanfanout_t1_wrt_t2,pca,3.2821084594726564,2026-01-30 17:33:01,hubness_mean_over_words
spanish,multilingual-e5,gemini25pro,hub_topshare_t1_to_t2,pca,0.3623684210526317,2026-01-30 17:33:01,hubness_mean_over_words
spanish,multilingual-e5,gemini25pro,hub_antihubshare_t2_wrt_t1,pca,0.6379473684210526,2026-01-30 17:33:01,hubness_mean_over_words
spanish,multilingual-e5,gemini25pro,hub_meanfanout_t2_wrt_t1,pca,3.576699979305267,2026-01-30 17:33:01,hubness_mean_over_words
spanish,multilingual-e5,gemini25pro,hub_topshare_t2_to_t1,def,0.4432105263157895,2026-01-30 17:33:01,hubness_mean_over_words
spanish,multilingual-e5,gemini25pro,hub_antihubshare_t1_wrt_t2,def,0.6818421052631579,2026-01-30 17:33:01,hubness_mean_over_words
spanish,multilingual-e5,gemini25pro,hub_meanfanout_t1_wrt_t2,def,3.724756897687912,2026-01-30 17:33:01,hubness_mean_over_words
spanish,multilingual-e5,gemini25pro,hub_topshare_t1_to_t2,def,0.4398947368421052,2026-01-30 17:33:01,hubness_mean_over_words
spanish,multilingual-e5,gemini25pro,hub_antihubshare_t2_wrt_t1,def,0.6748684210526315,2026-01-30 17:33:01,hubness_mean_over_words
spanish,multilingual-e5,gemini25pro,hub_meanfanout_t2_wrt_t1,def,3.5623001408576966,2026-01-30 17:33:01,hubness_mean_over_words
spanish,multilingual-e5,gemini25pro,hub_topshare_t2_to_t1,rand,0.26060526315789473,2026-01-30 17:33:01,hubness_mean_over_words
spanish,multilingual-e5,gemini25pro,hub_antihubshare_t1_wrt_t2,rand,0.5022368421052631,2026-01-30 17:33:01,hubness_mean_over_words
spanish,multilingual-e5,gemini25pro,hub_meanfanout_t1_wrt_t2,rand,2.263474439382553,2026-01-30 17:33:01,hubness_mean_over_words
spanish,multilingual-e5,gemini25pro,hub_topshare_t1_to_t2,rand,0.27457894736842103,2026-01-30 17:33:01,hubness_mean_over_words
spanish,multilingual-e5,gemini25pro,hub_antihubshare_t2_wrt_t1,rand,0.5257631578947368,2026-01-30 17:33:01,hubness_mean_over_words
spanish,multilingual-e5,gemini25pro,hub_meanfanout_t2_wrt_t1,rand,2.3560167825222016,2026-01-30 17:33:01,hubness_mean_over_words
spanish,mmbert,gemini25pro,prt,full,0.276,2026-01-30 17:33:02,
spanish,mmbert,gemini25pro,apd,full,0.335,2026-01-30 17:33:02,
spanish,mmbert,gemini25pro,amd,full,0.455,2026-01-30 17:33:02,
spanish,mmbert,gemini25pro,amd_sym,full,0.294,2026-01-30 17:33:02,
spanish,mmbert,gemini25pro,amd_opt_sym,full,0.361,2026-01-30 17:33:02,
spanish,mmbert,gemini25pro,prt,pca,0.128,2026-01-30 17:33:02,
spanish,mmbert,gemini25pro,apd,pca,-0.207,2026-01-30 17:33:02,
spanish,mmbert,gemini25pro,amd,pca,0.548,2026-01-30 17:33:02,
spanish,mmbert,gemini25pro,amd_sym,pca,0.485,2026-01-30 17:33:02,
spanish,mmbert,gemini25pro,amd_opt_sym,pca,0.508,2026-01-30 17:33:02,
spanish,mmbert,gemini25pro,prt,def,0.275,2026-01-30 17:33:02,
spanish,mmbert,gemini25pro,apd,def,0.394,2026-01-30 17:33:02,
spanish,mmbert,gemini25pro,amd,def,0.457,2026-01-30 17:33:02,
spanish,mmbert,gemini25pro,amd_sym,def,0.298,2026-01-30 17:33:02,
spanish,mmbert,gemini25pro,amd_opt_sym,def,0.274,2026-01-30 17:33:02,
spanish,mmbert,gemini25pro,prt,rand,0.173,2026-01-30 17:33:02,
spanish,mmbert,gemini25pro,apd,rand,0.106,2026-01-30 17:33:02,
spanish,mmbert,gemini25pro,amd,rand,0.489,2026-01-30 17:33:02,
spanish,mmbert,gemini25pro,amd_sym,rand,0.47,2026-01-30 17:33:02,
spanish,mmbert,gemini25pro,amd_opt_sym,rand,0.475,2026-01-30 17:33:02,
spanish,mmbert,gemini25pro,hub_topshare_t2_to_t1,full,0.45321052631578945,2026-01-30 17:33:02,hubness_mean_over_words
spanish,mmbert,gemini25pro,hub_antihubshare_t1_wrt_t2,full,0.6913421052631579,2026-01-30 17:33:02,hubness_mean_over_words
spanish,mmbert,gemini25pro,hub_meanfanout_t1_wrt_t2,full,3.6673953771591186,2026-01-30 17:33:02,hubness_mean_over_words
spanish,mmbert,gemini25pro,hub_topshare_t1_to_t2,full,0.5483421052631579,2026-01-30 17:33:02,hubness_mean_over_words
spanish,mmbert,gemini25pro,hub_antihubshare_t2_wrt_t1,full,0.7494210526315789,2026-01-30 17:33:02,hubness_mean_over_words
spanish,mmbert,gemini25pro,hub_meanfanout_t2_wrt_t1,full,4.626349184513092,2026-01-30 17:33:02,hubness_mean_over_words
spanish,mmbert,gemini25pro,hub_topshare_t2_to_t1,pca,0.39476315789473687,2026-01-30 17:33:02,hubness_mean_over_words
spanish,mmbert,gemini25pro,hub_antihubshare_t1_wrt_t2,pca,0.6644473684210527,2026-01-30 17:33:02,hubness_mean_over_words
spanish,mmbert,gemini25pro,hub_meanfanout_t1_wrt_t2,pca,3.7503124713897704,2026-01-30 17:33:02,hubness_mean_over_words
spanish,mmbert,gemini25pro,hub_topshare_t1_to_t2,pca,0.4278421052631579,2026-01-30 17:33:02,hubness_mean_over_words
spanish,mmbert,gemini25pro,hub_antihubshare_t2_wrt_t1,pca,0.6964473684210525,2026-01-30 17:33:02,hubness_mean_over_words
spanish,mmbert,gemini25pro,hub_meanfanout_t2_wrt_t1,pca,4.074624817371369,2026-01-30 17:33:02,hubness_mean_over_words
spanish,mmbert,gemini25pro,hub_topshare_t2_to_t1,def,0.4484736842105263,2026-01-30 17:33:02,hubness_mean_over_words
spanish,mmbert,gemini25pro,hub_antihubshare_t1_wrt_t2,def,0.6704473684210526,2026-01-30 17:33:02,hubness_mean_over_words
spanish,mmbert,gemini25pro,hub_meanfanout_t1_wrt_t2,def,3.5970729172229765,2026-01-30 17:33:02,hubness_mean_over_words
spanish,mmbert,gemini25pro,hub_topshare_t1_to_t2,def,0.440421052631579,2026-01-30 17:33:02,hubness_mean_over_words
spanish,mmbert,gemini25pro,hub_antihubshare_t2_wrt_t1,def,0.6624210526315789,2026-01-30 17:33:02,hubness_mean_over_words
spanish,mmbert,gemini25pro,hub_meanfanout_t2_wrt_t1,def,3.666315360069275,2026-01-30 17:33:02,hubness_mean_over_words
spanish,mmbert,gemini25pro,hub_topshare_t2_to_t1,rand,0.3365789473684211,2026-01-30 17:33:02,hubness_mean_over_words
spanish,mmbert,gemini25pro,hub_antihubshare_t1_wrt_t2,rand,0.5917368421052631,2026-01-30 17:33:02,hubness_mean_over_words
spanish,mmbert,gemini25pro,hub_meanfanout_t1_wrt_t2,rand,2.8505290484428407,2026-01-30 17:33:02,hubness_mean_over_words
spanish,mmbert,gemini25pro,hub_topshare_t1_to_t2,rand,0.3546052631578948,2026-01-30 17:33:02,hubness_mean_over_words
spanish,mmbert,gemini25pro,hub_antihubshare_t2_wrt_t1,rand,0.5967368421052631,2026-01-30 17:33:02,hubness_mean_over_words
spanish,mmbert,gemini25pro,hub_meanfanout_t2_wrt_t1,rand,2.869906339645386,2026-01-30 17:33:02,hubness_mean_over_words
spanish,spanish_BERT_WWM,gemini25pro,prt,full,0.348,2026-01-30 17:33:02,
spanish,spanish_BERT_WWM,gemini25pro,apd,full,0.332,2026-01-30 17:33:02,
spanish,spanish_BERT_WWM,gemini25pro,amd,full,0.364,2026-01-30 17:33:02,
spanish,spanish_BERT_WWM,gemini25pro,amd_sym,full,0.337,2026-01-30 17:33:02,
spanish,spanish_BERT_WWM,gemini25pro,amd_opt_sym,full,0.359,2026-01-30 17:33:02,
spanish,spanish_BERT_WWM,gemini25pro,prt,pca,-0.002,2026-01-30 17:33:02,
spanish,spanish_BERT_WWM,gemini25pro,apd,pca,-0.246,2026-01-30 17:33:02,
spanish,spanish_BERT_WWM,gemini25pro,amd,pca,0.536,2026-01-30 17:33:02,
spanish,spanish_BERT_WWM,gemini25pro,amd_sym,pca,0.533,2026-01-30 17:33:02,
spanish,spanish_BERT_WWM,gemini25pro,amd_opt_sym,pca,0.53,2026-01-30 17:33:02,
spanish,spanish_BERT_WWM,gemini25pro,prt,def,0.421,2026-01-30 17:33:02,
spanish,spanish_BERT_WWM,gemini25pro,apd,def,0.543,2026-01-30 17:33:02,
spanish,spanish_BERT_WWM,gemini25pro,amd,def,0.529,2026-01-30 17:33:02,
spanish,spanish_BERT_WWM,gemini25pro,amd_sym,def,0.363,2026-01-30 17:33:02,
spanish,spanish_BERT_WWM,gemini25pro,amd_opt_sym,def,0.369,2026-01-30 17:33:02,
spanish,spanish_BERT_WWM,gemini25pro,prt,rand,0.135,2026-01-30 17:33:02,
spanish,spanish_BERT_WWM,gemini25pro,apd,rand,0.052,2026-01-30 17:33:02,
spanish,spanish_BERT_WWM,gemini25pro,amd,rand,0.468,2026-01-30 17:33:02,
spanish,spanish_BERT_WWM,gemini25pro,amd_sym,rand,0.458,2026-01-30 17:33:02,
spanish,spanish_BERT_WWM,gemini25pro,amd_opt_sym,rand,0.448,2026-01-30 17:33:02,
spanish,spanish_BERT_WWM,gemini25pro,hub_topshare_t2_to_t1,full,0.4893157894736842,2026-01-30 17:33:02,hubness_mean_over_words
spanish,spanish_BERT_WWM,gemini25pro,hub_antihubshare_t1_wrt_t2,full,0.7283684210526318,2026-01-30 17:33:02,hubness_mean_over_words
spanish,spanish_BERT_WWM,gemini25pro,hub_meanfanout_t1_wrt_t2,full,4.110070697069168,2026-01-30 17:33:02,hubness_mean_over_words
spanish,spanish_BERT_WWM,gemini25pro,hub_topshare_t1_to_t2,full,0.49523684210526303,2026-01-30 17:33:02,hubness_mean_over_words
spanish,spanish_BERT_WWM,gemini25pro,hub_antihubshare_t2_wrt_t1,full,0.7333157894736843,2026-01-30 17:33:02,hubness_mean_over_words
spanish,spanish_BERT_WWM,gemini25pro,hub_meanfanout_t2_wrt_t1,full,4.383968236446381,2026-01-30 17:33:02,hubness_mean_over_words
spanish,spanish_BERT_WWM,gemini25pro,hub_topshare_t2_to_t1,pca,0.4118421052631578,2026-01-30 17:33:02,hubness_mean_over_words
spanish,spanish_BERT_WWM,gemini25pro,hub_antihubshare_t1_wrt_t2,pca,0.6809473684210526,2026-01-30 17:33:02,hubness_mean_over_words
spanish,spanish_BERT_WWM,gemini25pro,hub_meanfanout_t1_wrt_t2,pca,3.8742207872867582,2026-01-30 17:33:02,hubness_mean_over_words
spanish,spanish_BERT_WWM,gemini25pro,hub_topshare_t1_to_t2,pca,0.3982631578947368,2026-01-30 17:33:02,hubness_mean_over_words
spanish,spanish_BERT_WWM,gemini25pro,hub_antihubshare_t2_wrt_t1,pca,0.6959473684210525,2026-01-30 17:33:02,hubness_mean_over_words
spanish,spanish_BERT_WWM,gemini25pro,hub_meanfanout_t2_wrt_t1,pca,4.088917744159699,2026-01-30 17:33:02,hubness_mean_over_words
spanish,spanish_BERT_WWM,gemini25pro,hub_topshare_t2_to_t1,def,0.42265789473684207,2026-01-30 17:33:02,hubness_mean_over_words
spanish,spanish_BERT_WWM,gemini25pro,hub_antihubshare_t1_wrt_t2,def,0.6517894736842105,2026-01-30 17:33:02,hubness_mean_over_words
spanish,spanish_BERT_WWM,gemini25pro,hub_meanfanout_t1_wrt_t2,def,3.4867558908462524,2026-01-30 17:33:02,hubness_mean_over_words
spanish,spanish_BERT_WWM,gemini25pro,hub_topshare_t1_to_t2,def,0.4086315789473685,2026-01-30 17:33:02,hubness_mean_over_words
spanish,spanish_BERT_WWM,gemini25pro,hub_antihubshare_t2_wrt_t1,def,0.6543157894736841,2026-01-30 17:33:02,hubness_mean_over_words
spanish,spanish_BERT_WWM,gemini25pro,hub_meanfanout_t2_wrt_t1,def,3.425028864145279,2026-01-30 17:33:02,hubness_mean_over_words
spanish,spanish_BERT_WWM,gemini25pro,hub_topshare_t2_to_t1,rand,0.3240789473684211,2026-01-30 17:33:02,hubness_mean_over_words
spanish,spanish_BERT_WWM,gemini25pro,hub_antihubshare_t1_wrt_t2,rand,0.5796842105263158,2026-01-30 17:33:02,hubness_mean_over_words
spanish,spanish_BERT_WWM,gemini25pro,hub_meanfanout_t1_wrt_t2,rand,2.6161147427558897,2026-01-30 17:33:02,hubness_mean_over_words
spanish,spanish_BERT_WWM,gemini25pro,hub_topshare_t1_to_t2,rand,0.3281052631578948,2026-01-30 17:33:02,hubness_mean_over_words
spanish,spanish_BERT_WWM,gemini25pro,hub_antihubshare_t2_wrt_t1,rand,0.5717631578947369,2026-01-30 17:33:02,hubness_mean_over_words
spanish,spanish_BERT_WWM,gemini25pro,hub_meanfanout_t2_wrt_t1,rand,2.6432245802879333,2026-01-30 17:33:02,hubness_mean_over_words
chinese,xll,gemini25pro,prt,full,0.702,2026-01-30 17:33:03,
chinese,xll,gemini25pro,apd,full,0.734,2026-01-30 17:33:03,
chinese,xll,gemini25pro,amd,full,0.735,2026-01-30 17:33:03,
chinese,xll,gemini25pro,amd_sym,full,0.763,2026-01-30 17:33:03,
chinese,xll,gemini25pro,amd_opt_sym,full,0.766,2026-01-30 17:33:03,
chinese,xll,gemini25pro,prt,pca,0.024,2026-01-30 17:33:03,
chinese,xll,gemini25pro,apd,pca,0.453,2026-01-30 17:33:03,
chinese,xll,gemini25pro,amd,pca,0.771,2026-01-30 17:33:03,
chinese,xll,gemini25pro,amd_sym,pca,0.752,2026-01-30 17:33:03,
chinese,xll,gemini25pro,amd_opt_sym,pca,0.761,2026-01-30 17:33:03,
chinese,xll,gemini25pro,prt,def,0.686,2026-01-30 17:33:03,
chinese,xll,gemini25pro,apd,def,0.596,2026-01-30 17:33:03,
chinese,xll,gemini25pro,amd,def,0.74,2026-01-30 17:33:03,
chinese,xll,gemini25pro,amd_sym,def,0.652,2026-01-30 17:33:03,
chinese,xll,gemini25pro,amd_opt_sym,def,0.645,2026-01-30 17:33:03,
chinese,xll,gemini25pro,prt,rand,0.451,2026-01-30 17:33:03,
chinese,xll,gemini25pro,apd,rand,0.562,2026-01-30 17:33:03,
chinese,xll,gemini25pro,amd,rand,0.706,2026-01-30 17:33:03,
chinese,xll,gemini25pro,amd_sym,rand,0.705,2026-01-30 17:33:03,
chinese,xll,gemini25pro,amd_opt_sym,rand,0.718,2026-01-30 17:33:03,
chinese,xll,gemini25pro,hub_topshare_t2_to_t1,full,0.2940131578947368,2026-01-30 17:33:03,hubness_mean_over_words
chinese,xll,gemini25pro,hub_antihubshare_t1_wrt_t2,full,0.5255263157894736,2026-01-30 17:33:03,hubness_mean_over_words
chinese,xll,gemini25pro,hub_meanfanout_t1_wrt_t2,full,2.447713404893875,2026-01-30 17:33:03,hubness_mean_over_words
chinese,xll,gemini25pro,hub_topshare_t1_to_t2,full,0.31532894736842104,2026-01-30 17:33:03,hubness_mean_over_words
chinese,xll,gemini25pro,hub_antihubshare_t2_wrt_t1,full,0.5531578947368422,2026-01-30 17:33:03,hubness_mean_over_words
chinese,xll,gemini25pro,hub_meanfanout_t2_wrt_t1,full,2.5905899852514267,2026-01-30 17:33:03,hubness_mean_over_words
chinese,xll,gemini25pro,hub_topshare_t2_to_t1,pca,0.31440789473684216,2026-01-30 17:33:03,hubness_mean_over_words
chinese,xll,gemini25pro,hub_antihubshare_t1_wrt_t2,pca,0.5155921052631578,2026-01-30 17:33:03,hubness_mean_over_words
chinese,xll,gemini25pro,hub_meanfanout_t1_wrt_t2,pca,2.355020263791084,2026-01-30 17:33:03,hubness_mean_over_words
chinese,xll,gemini25pro,hub_topshare_t1_to_t2,pca,0.3140131578947368,2026-01-30 17:33:03,hubness_mean_over_words
chinese,xll,gemini25pro,hub_antihubshare_t2_wrt_t1,pca,0.5243421052631578,2026-01-30 17:33:03,hubness_mean_over_words
chinese,xll,gemini25pro,hub_meanfanout_t2_wrt_t1,pca,2.5119702577590943,2026-01-30 17:33:03,hubness_mean_over_words
chinese,xll,gemini25pro,hub_topshare_t2_to_t1,def,0.32065789473684203,2026-01-30 17:33:03,hubness_mean_over_words
chinese,xll,gemini25pro,hub_antihubshare_t1_wrt_t2,def,0.5219078947368421,2026-01-30 17:33:03,hubness_mean_over_words
chinese,xll,gemini25pro,hub_meanfanout_t1_wrt_t2,def,2.4410104036331175,2026-01-30 17:33:03,hubness_mean_over_words
chinese,xll,gemini25pro,hub_topshare_t1_to_t2,def,0.30296052631578946,2026-01-30 17:33:03,hubness_mean_over_words
chinese,xll,gemini25pro,hub_antihubshare_t2_wrt_t1,def,0.5320394736842106,2026-01-30 17:33:03,hubness_mean_over_words
chinese,xll,gemini25pro,hub_meanfanout_t2_wrt_t1,def,2.4640554070472716,2026-01-30 17:33:03,hubness_mean_over_words
chinese,xll,gemini25pro,hub_topshare_t2_to_t1,rand,0.275328947368421,2026-01-30 17:33:03,hubness_mean_over_words
chinese,xll,gemini25pro,hub_antihubshare_t1_wrt_t2,rand,0.48684210526315785,2026-01-30 17:33:03,hubness_mean_over_words
chinese,xll,gemini25pro,hub_meanfanout_t1_wrt_t2,rand,2.1341959595680238,2026-01-30 17:33:03,hubness_mean_over_words
chinese,xll,gemini25pro,hub_topshare_t1_to_t2,rand,0.2627631578947368,2026-01-30 17:33:03,hubness_mean_over_words
chinese,xll,gemini25pro,hub_antihubshare_t2_wrt_t1,rand,0.5006578947368421,2026-01-30 17:33:03,hubness_mean_over_words
chinese,xll,gemini25pro,hub_meanfanout_t2_wrt_t1,rand,2.133215421438217,2026-01-30 17:33:03,hubness_mean_over_words
chinese,xlmr,gemini25pro,prt,full,0.351,2026-01-30 17:33:03,
chinese,xlmr,gemini25pro,apd,full,0.419,2026-01-30 17:33:03,
chinese,xlmr,gemini25pro,amd,full,0.429,2026-01-30 17:33:03,
chinese,xlmr,gemini25pro,amd_sym,full,0.398,2026-01-30 17:33:03,
chinese,xlmr,gemini25pro,amd_opt_sym,full,0.403,2026-01-30 17:33:03,
chinese,xlmr,gemini25pro,prt,pca,0.154,2026-01-30 17:33:03,
chinese,xlmr,gemini25pro,apd,pca,0.454,2026-01-30 17:33:03,
chinese,xlmr,gemini25pro,amd,pca,0.66,2026-01-30 17:33:03,
chinese,xlmr,gemini25pro,amd_sym,pca,0.638,2026-01-30 17:33:03,
chinese,xlmr,gemini25pro,amd_opt_sym,pca,0.659,2026-01-30 17:33:03,
chinese,xlmr,gemini25pro,prt,def,0.3,2026-01-30 17:33:03,
chinese,xlmr,gemini25pro,apd,def,0.088,2026-01-30 17:33:03,
chinese,xlmr,gemini25pro,amd,def,0.532,2026-01-30 17:33:03,
chinese,xlmr,gemini25pro,amd_sym,def,0.414,2026-01-30 17:33:03,
chinese,xlmr,gemini25pro,amd_opt_sym,def,0.39,2026-01-30 17:33:03,
chinese,xlmr,gemini25pro,prt,rand,0.302,2026-01-30 17:33:03,
chinese,xlmr,gemini25pro,apd,rand,0.236,2026-01-30 17:33:03,
chinese,xlmr,gemini25pro,amd,rand,0.53,2026-01-30 17:33:03,
chinese,xlmr,gemini25pro,amd_sym,rand,0.471,2026-01-30 17:33:03,
chinese,xlmr,gemini25pro,amd_opt_sym,rand,0.495,2026-01-30 17:33:03,
chinese,xlmr,gemini25pro,hub_topshare_t2_to_t1,full,0.26026315789473686,2026-01-30 17:33:03,hubness_mean_over_words
chinese,xlmr,gemini25pro,hub_antihubshare_t1_wrt_t2,full,0.5318421052631579,2026-01-30 17:33:03,hubness_mean_over_words
chinese,xlmr,gemini25pro,hub_meanfanout_t1_wrt_t2,full,2.2217965602874754,2026-01-30 17:33:03,hubness_mean_over_words
chinese,xlmr,gemini25pro,hub_topshare_t1_to_t2,full,0.28927631578947366,2026-01-30 17:33:03,hubness_mean_over_words
chinese,xlmr,gemini25pro,hub_antihubshare_t2_wrt_t1,full,0.5557236842105263,2026-01-30 17:33:03,hubness_mean_over_words
chinese,xlmr,gemini25pro,hub_meanfanout_t2_wrt_t1,full,2.3320301473140717,2026-01-30 17:33:03,hubness_mean_over_words
chinese,xlmr,gemini25pro,hub_topshare_t2_to_t1,pca,0.22901315789473684,2026-01-30 17:33:03,hubness_mean_over_words
chinese,xlmr,gemini25pro,hub_antihubshare_t1_wrt_t2,pca,0.4717763157894737,2026-01-30 17:33:03,hubness_mean_over_words
chinese,xlmr,gemini25pro,hub_meanfanout_t1_wrt_t2,pca,2.0631160616874693,2026-01-30 17:33:03,hubness_mean_over_words
chinese,xlmr,gemini25pro,hub_topshare_t1_to_t2,pca,0.22151315789473683,2026-01-30 17:33:03,hubness_mean_over_words
chinese,xlmr,gemini25pro,hub_antihubshare_t2_wrt_t1,pca,0.4631578947368421,2026-01-30 17:33:03,hubness_mean_over_words
chinese,xlmr,gemini25pro,hub_meanfanout_t2_wrt_t1,pca,2.0098942905664443,2026-01-30 17:33:03,hubness_mean_over_words
chinese,xlmr,gemini25pro,hub_topshare_t2_to_t1,def,0.2476973684210526,2026-01-30 17:33:03,hubness_mean_over_words
chinese,xlmr,gemini25pro,hub_antihubshare_t1_wrt_t2,def,0.47046052631578944,2026-01-30 17:33:03,hubness_mean_over_words
chinese,xlmr,gemini25pro,hub_meanfanout_t1_wrt_t2,def,2.019517311453819,2026-01-30 17:33:03,hubness_mean_over_words
chinese,xlmr,gemini25pro,hub_topshare_t1_to_t2,def,0.22026315789473686,2026-01-30 17:33:03,hubness_mean_over_words
chinese,xlmr,gemini25pro,hub_antihubshare_t2_wrt_t1,def,0.48052631578947375,2026-01-30 17:33:03,hubness_mean_over_words
chinese,xlmr,gemini25pro,hub_meanfanout_t2_wrt_t1,def,2.0124986320734024,2026-01-30 17:33:03,hubness_mean_over_words
chinese,xlmr,gemini25pro,hub_topshare_t2_to_t1,rand,0.20157894736842102,2026-01-30 17:33:03,hubness_mean_over_words
chinese,xlmr,gemini25pro,hub_antihubshare_t1_wrt_t2,rand,0.4344736842105263,2026-01-30 17:33:03,hubness_mean_over_words
chinese,xlmr,gemini25pro,hub_meanfanout_t1_wrt_t2,rand,1.8052902191877365,2026-01-30 17:33:03,hubness_mean_over_words
chinese,xlmr,gemini25pro,hub_topshare_t1_to_t2,rand,0.2066447368421053,2026-01-30 17:33:03,hubness_mean_over_words
chinese,xlmr,gemini25pro,hub_antihubshare_t2_wrt_t1,rand,0.4356578947368421,2026-01-30 17:33:03,hubness_mean_over_words
chinese,xlmr,gemini25pro,hub_meanfanout_t2_wrt_t1,rand,1.8182761937379837,2026-01-30 17:33:03,hubness_mean_over_words
chinese,rembert,gemini25pro,prt,full,0.305,2026-01-30 17:33:04,
chinese,rembert,gemini25pro,apd,full,0.262,2026-01-30 17:33:04,
chinese,rembert,gemini25pro,amd,full,0.353,2026-01-30 17:33:04,
chinese,rembert,gemini25pro,amd_sym,full,0.226,2026-01-30 17:33:04,
chinese,rembert,gemini25pro,amd_opt_sym,full,0.245,2026-01-30 17:33:04,
chinese,rembert,gemini25pro,prt,pca,-0.121,2026-01-30 17:33:04,
chinese,rembert,gemini25pro,apd,pca,0.358,2026-01-30 17:33:04,
chinese,rembert,gemini25pro,amd,pca,0.629,2026-01-30 17:33:04,
chinese,rembert,gemini25pro,amd_sym,pca,0.573,2026-01-30 17:33:04,
chinese,rembert,gemini25pro,amd_opt_sym,pca,0.574,2026-01-30 17:33:04,
chinese,rembert,gemini25pro,prt,def,0.157,2026-01-30 17:33:04,
chinese,rembert,gemini25pro,apd,def,0.049,2026-01-30 17:33:04,
chinese,rembert,gemini25pro,amd,def,0.524,2026-01-30 17:33:04,
chinese,rembert,gemini25pro,amd_sym,def,0.571,2026-01-30 17:33:04,
chinese,rembert,gemini25pro,amd_opt_sym,def,0.587,2026-01-30 17:33:04,
chinese,rembert,gemini25pro,prt,rand,0.359,2026-01-30 17:33:04,
chinese,rembert,gemini25pro,apd,rand,0.046,2026-01-30 17:33:04,
chinese,rembert,gemini25pro,amd,rand,0.565,2026-01-30 17:33:04,
chinese,rembert,gemini25pro,amd_sym,rand,0.576,2026-01-30 17:33:04,
chinese,rembert,gemini25pro,amd_opt_sym,rand,0.577,2026-01-30 17:33:04,
chinese,rembert,gemini25pro,hub_topshare_t2_to_t1,full,0.27157894736842103,2026-01-30 17:33:04,hubness_mean_over_words
chinese,rembert,gemini25pro,hub_antihubshare_t1_wrt_t2,full,0.5206578947368421,2026-01-30 17:33:04,hubness_mean_over_words
chinese,rembert,gemini25pro,hub_meanfanout_t1_wrt_t2,full,2.144967567920685,2026-01-30 17:33:04,hubness_mean_over_words
chinese,rembert,gemini25pro,hub_topshare_t1_to_t2,full,0.27671052631578946,2026-01-30 17:33:04,hubness_mean_over_words
chinese,rembert,gemini25pro,hub_antihubshare_t2_wrt_t1,full,0.5433552631578948,2026-01-30 17:33:04,hubness_mean_over_words
chinese,rembert,gemini25pro,hub_meanfanout_t2_wrt_t1,full,2.2952852994203568,2026-01-30 17:33:04,hubness_mean_over_words
chinese,rembert,gemini25pro,hub_topshare_t2_to_t1,pca,0.23151315789473684,2026-01-30 17:33:04,hubness_mean_over_words
chinese,rembert,gemini25pro,hub_antihubshare_t1_wrt_t2,pca,0.4544078947368422,2026-01-30 17:33:04,hubness_mean_over_words
chinese,rembert,gemini25pro,hub_meanfanout_t1_wrt_t2,pca,1.9357365101575852,2026-01-30 17:33:04,hubness_mean_over_words
chinese,rembert,gemini25pro,hub_topshare_t1_to_t2,pca,0.23421052631578948,2026-01-30 17:33:04,hubness_mean_over_words
chinese,rembert,gemini25pro,hub_antihubshare_t2_wrt_t1,pca,0.4481578947368421,2026-01-30 17:33:04,hubness_mean_over_words
chinese,rembert,gemini25pro,hub_meanfanout_t2_wrt_t1,pca,1.9811570525169373,2026-01-30 17:33:04,hubness_mean_over_words
chinese,rembert,gemini25pro,hub_topshare_t2_to_t1,def,0.20921052631578946,2026-01-30 17:33:04,hubness_mean_over_words
chinese,rembert,gemini25pro,hub_antihubshare_t1_wrt_t2,def,0.4431578947368422,2026-01-30 17:33:04,hubness_mean_over_words
chinese,rembert,gemini25pro,hub_meanfanout_t1_wrt_t2,def,1.838465717434883,2026-01-30 17:33:04,hubness_mean_over_words
chinese,rembert,gemini25pro,hub_topshare_t1_to_t2,def,0.20526315789473681,2026-01-30 17:33:04,hubness_mean_over_words
chinese,rembert,gemini25pro,hub_antihubshare_t2_wrt_t1,def,0.44809210526315796,2026-01-30 17:33:04,hubness_mean_over_words
chinese,rembert,gemini25pro,hub_meanfanout_t2_wrt_t1,def,1.8690194725990295,2026-01-30 17:33:04,hubness_mean_over_words
chinese,rembert,gemini25pro,hub_topshare_t2_to_t1,rand,0.20401315789473684,2026-01-30 17:33:04,hubness_mean_over_words
chinese,rembert,gemini25pro,hub_antihubshare_t1_wrt_t2,rand,0.4217763157894737,2026-01-30 17:33:04,hubness_mean_over_words
chinese,rembert,gemini25pro,hub_meanfanout_t1_wrt_t2,rand,1.7701520830392838,2026-01-30 17:33:04,hubness_mean_over_words
chinese,rembert,gemini25pro,hub_topshare_t1_to_t2,rand,0.22157894736842104,2026-01-30 17:33:04,hubness_mean_over_words
chinese,rembert,gemini25pro,hub_antihubshare_t2_wrt_t1,rand,0.438092105263158,2026-01-30 17:33:04,hubness_mean_over_words
chinese,rembert,gemini25pro,hub_meanfanout_t2_wrt_t1,rand,1.8674522817134858,2026-01-30 17:33:04,hubness_mean_over_words
chinese,multilingual-e5,gemini25pro,prt,full,0.228,2026-01-30 17:33:04,
chinese,multilingual-e5,gemini25pro,apd,full,0.259,2026-01-30 17:33:04,
chinese,multilingual-e5,gemini25pro,amd,full,0.301,2026-01-30 17:33:04,
chinese,multilingual-e5,gemini25pro,amd_sym,full,0.272,2026-01-30 17:33:04,
chinese,multilingual-e5,gemini25pro,amd_opt_sym,full,0.273,2026-01-30 17:33:04,
chinese,multilingual-e5,gemini25pro,prt,pca,0.348,2026-01-30 17:33:04,
chinese,multilingual-e5,gemini25pro,apd,pca,0.19,2026-01-30 17:33:04,
chinese,multilingual-e5,gemini25pro,amd,pca,0.695,2026-01-30 17:33:04,
chinese,multilingual-e5,gemini25pro,amd_sym,pca,0.623,2026-01-30 17:33:04,
chinese,multilingual-e5,gemini25pro,amd_opt_sym,pca,0.627,2026-01-30 17:33:04,
chinese,multilingual-e5,gemini25pro,prt,def,0.082,2026-01-30 17:33:04,
chinese,multilingual-e5,gemini25pro,apd,def,0.504,2026-01-30 17:33:04,
chinese,multilingual-e5,gemini25pro,amd,def,0.68,2026-01-30 17:33:04,
chinese,multilingual-e5,gemini25pro,amd_sym,def,0.702,2026-01-30 17:33:04,
chinese,multilingual-e5,gemini25pro,amd_opt_sym,def,0.716,2026-01-30 17:33:04,
chinese,multilingual-e5,gemini25pro,prt,rand,-0.029,2026-01-30 17:33:04,
chinese,multilingual-e5,gemini25pro,apd,rand,-0.211,2026-01-30 17:33:04,
chinese,multilingual-e5,gemini25pro,amd,rand,0.55,2026-01-30 17:33:04,
chinese,multilingual-e5,gemini25pro,amd_sym,rand,0.47,2026-01-30 17:33:04,
chinese,multilingual-e5,gemini25pro,amd_opt_sym,rand,0.516,2026-01-30 17:33:04,
chinese,multilingual-e5,gemini25pro,hub_topshare_t2_to_t1,full,0.27651315789473685,2026-01-30 17:33:04,hubness_mean_over_words
chinese,multilingual-e5,gemini25pro,hub_antihubshare_t1_wrt_t2,full,0.5355921052631579,2026-01-30 17:33:04,hubness_mean_over_words
chinese,multilingual-e5,gemini25pro,hub_meanfanout_t1_wrt_t2,full,2.263252314925194,2026-01-30 17:33:04,hubness_mean_over_words
chinese,multilingual-e5,gemini25pro,hub_topshare_t1_to_t2,full,0.2677631578947368,2026-01-30 17:33:04,hubness_mean_over_words
chinese,multilingual-e5,gemini25pro,hub_antihubshare_t2_wrt_t1,full,0.545657894736842,2026-01-30 17:33:04,hubness_mean_over_words
chinese,multilingual-e5,gemini25pro,hub_meanfanout_t2_wrt_t1,full,2.26515154838562,2026-01-30 17:33:04,hubness_mean_over_words
chinese,multilingual-e5,gemini25pro,hub_topshare_t2_to_t1,pca,0.24026315789473682,2026-01-30 17:33:04,hubness_mean_over_words
chinese,multilingual-e5,gemini25pro,hub_antihubshare_t1_wrt_t2,pca,0.48296052631578945,2026-01-30 17:33:04,hubness_mean_over_words
chinese,multilingual-e5,gemini25pro,hub_meanfanout_t1_wrt_t2,pca,2.056037726998329,2026-01-30 17:33:04,hubness_mean_over_words
chinese,multilingual-e5,gemini25pro,hub_topshare_t1_to_t2,pca,0.24407894736842106,2026-01-30 17:33:04,hubness_mean_over_words
chinese,multilingual-e5,gemini25pro,hub_antihubshare_t2_wrt_t1,pca,0.49690789473684216,2026-01-30 17:33:04,hubness_mean_over_words
chinese,multilingual-e5,gemini25pro,hub_meanfanout_t2_wrt_t1,pca,2.1246683955192567,2026-01-30 17:33:04,hubness_mean_over_words
chinese,multilingual-e5,gemini25pro,hub_topshare_t2_to_t1,def,0.43440789473684216,2026-01-30 17:33:04,hubness_mean_over_words
chinese,multilingual-e5,gemini25pro,hub_antihubshare_t1_wrt_t2,def,0.6884210526315788,2026-01-30 17:33:04,hubness_mean_over_words
chinese,multilingual-e5,gemini25pro,hub_meanfanout_t1_wrt_t2,def,3.506507933139801,2026-01-30 17:33:04,hubness_mean_over_words
chinese,multilingual-e5,gemini25pro,hub_topshare_t1_to_t2,def,0.47302631578947363,2026-01-30 17:33:04,hubness_mean_over_words
chinese,multilingual-e5,gemini25pro,hub_antihubshare_t2_wrt_t1,def,0.7120394736842106,2026-01-30 17:33:04,hubness_mean_over_words
chinese,multilingual-e5,gemini25pro,hub_meanfanout_t2_wrt_t1,def,3.808134895563126,2026-01-30 17:33:04,hubness_mean_over_words
chinese,multilingual-e5,gemini25pro,hub_topshare_t2_to_t1,rand,0.20894736842105263,2026-01-30 17:33:04,hubness_mean_over_words
chinese,multilingual-e5,gemini25pro,hub_antihubshare_t1_wrt_t2,rand,0.42046052631578945,2026-01-30 17:33:04,hubness_mean_over_words
chinese,multilingual-e5,gemini25pro,hub_meanfanout_t1_wrt_t2,rand,1.756613552570343,2026-01-30 17:33:04,hubness_mean_over_words
chinese,multilingual-e5,gemini25pro,hub_topshare_t1_to_t2,rand,0.20171052631578945,2026-01-30 17:33:04,hubness_mean_over_words
chinese,multilingual-e5,gemini25pro,hub_antihubshare_t2_wrt_t1,rand,0.4342105263157895,2026-01-30 17:33:04,hubness_mean_over_words
chinese,multilingual-e5,gemini25pro,hub_meanfanout_t2_wrt_t1,rand,1.8028742372989655,2026-01-30 17:33:04,hubness_mean_over_words
chinese,mmbert,gemini25pro,prt,full,0.349,2026-01-30 17:33:05,
chinese,mmbert,gemini25pro,apd,full,0.363,2026-01-30 17:33:05,
chinese,mmbert,gemini25pro,amd,full,0.452,2026-01-30 17:33:05,
chinese,mmbert,gemini25pro,amd_sym,full,0.352,2026-01-30 17:33:05,
chinese,mmbert,gemini25pro,amd_opt_sym,full,0.368,2026-01-30 17:33:05,
chinese,mmbert,gemini25pro,prt,pca,0.334,2026-01-30 17:33:05,
chinese,mmbert,gemini25pro,apd,pca,0.435,2026-01-30 17:33:05,
chinese,mmbert,gemini25pro,amd,pca,0.687,2026-01-30 17:33:05,
chinese,mmbert,gemini25pro,amd_sym,pca,0.676,2026-01-30 17:33:05,
chinese,mmbert,gemini25pro,amd_opt_sym,pca,0.659,2026-01-30 17:33:05,
chinese,mmbert,gemini25pro,prt,def,0.308,2026-01-30 17:33:05,
chinese,mmbert,gemini25pro,apd,def,0.317,2026-01-30 17:33:05,
chinese,mmbert,gemini25pro,amd,def,0.605,2026-01-30 17:33:05,
chinese,mmbert,gemini25pro,amd_sym,def,0.568,2026-01-30 17:33:05,
chinese,mmbert,gemini25pro,amd_opt_sym,def,0.606,2026-01-30 17:33:05,
chinese,mmbert,gemini25pro,prt,rand,0.304,2026-01-30 17:33:05,
chinese,mmbert,gemini25pro,apd,rand,0.091,2026-01-30 17:33:05,
chinese,mmbert,gemini25pro,amd,rand,0.599,2026-01-30 17:33:05,
chinese,mmbert,gemini25pro,amd_sym,rand,0.543,2026-01-30 17:33:05,
chinese,mmbert,gemini25pro,amd_opt_sym,rand,0.579,2026-01-30 17:33:05,
chinese,mmbert,gemini25pro,hub_topshare_t2_to_t1,full,0.27782894736842106,2026-01-30 17:33:05,hubness_mean_over_words
chinese,mmbert,gemini25pro,hub_antihubshare_t1_wrt_t2,full,0.5068421052631579,2026-01-30 17:33:05,hubness_mean_over_words
chinese,mmbert,gemini25pro,hub_meanfanout_t1_wrt_t2,full,2.0862085461616515,2026-01-30 17:33:05,hubness_mean_over_words
chinese,mmbert,gemini25pro,hub_topshare_t1_to_t2,full,0.2717763157894737,2026-01-30 17:33:05,hubness_mean_over_words
chinese,mmbert,gemini25pro,hub_antihubshare_t2_wrt_t1,full,0.5333552631578947,2026-01-30 17:33:05,hubness_mean_over_words
chinese,mmbert,gemini25pro,hub_meanfanout_t2_wrt_t1,full,2.3926878929138184,2026-01-30 17:33:05,hubness_mean_over_words
chinese,mmbert,gemini25pro,hub_topshare_t2_to_t1,pca,0.26164473684210526,2026-01-30 17:33:05,hubness_mean_over_words
chinese,mmbert,gemini25pro,hub_antihubshare_t1_wrt_t2,pca,0.48940789473684204,2026-01-30 17:33:05,hubness_mean_over_words
chinese,mmbert,gemini25pro,hub_meanfanout_t1_wrt_t2,pca,2.0960053980350493,2026-01-30 17:33:05,hubness_mean_over_words
chinese,mmbert,gemini25pro,hub_topshare_t1_to_t2,pca,0.2629605263157894,2026-01-30 17:33:05,hubness_mean_over_words
chinese,mmbert,gemini25pro,hub_antihubshare_t2_wrt_t1,pca,0.49585526315789485,2026-01-30 17:33:05,hubness_mean_over_words
chinese,mmbert,gemini25pro,hub_meanfanout_t2_wrt_t1,pca,2.135339671373367,2026-01-30 17:33:05,hubness_mean_over_words
chinese,mmbert,gemini25pro,hub_topshare_t2_to_t1,def,0.26901315789473684,2026-01-30 17:33:05,hubness_mean_over_words
chinese,mmbert,gemini25pro,hub_antihubshare_t1_wrt_t2,def,0.5018421052631579,2026-01-30 17:33:05,hubness_mean_over_words
chinese,mmbert,gemini25pro,hub_meanfanout_t1_wrt_t2,def,2.1450580298900603,2026-01-30 17:33:05,hubness_mean_over_words
chinese,mmbert,gemini25pro,hub_topshare_t1_to_t2,def,0.26401315789473684,2026-01-30 17:33:05,hubness_mean_over_words
chinese,mmbert,gemini25pro,hub_antihubshare_t2_wrt_t1,def,0.49802631578947365,2026-01-30 17:33:05,hubness_mean_over_words
chinese,mmbert,gemini25pro,hub_meanfanout_t2_wrt_t1,def,2.100456511974335,2026-01-30 17:33:05,hubness_mean_over_words
chinese,mmbert,gemini25pro,hub_topshare_t2_to_t1,rand,0.20414473684210527,2026-01-30 17:33:05,hubness_mean_over_words
chinese,mmbert,gemini25pro,hub_antihubshare_t1_wrt_t2,rand,0.43559210526315795,2026-01-30 17:33:05,hubness_mean_over_words
chinese,mmbert,gemini25pro,hub_meanfanout_t1_wrt_t2,rand,1.8139433026313783,2026-01-30 17:33:05,hubness_mean_over_words
chinese,mmbert,gemini25pro,hub_topshare_t1_to_t2,rand,0.21282894736842106,2026-01-30 17:33:05,hubness_mean_over_words
chinese,mmbert,gemini25pro,hub_antihubshare_t2_wrt_t1,rand,0.4392763157894738,2026-01-30 17:33:05,hubness_mean_over_words
chinese,mmbert,gemini25pro,hub_meanfanout_t2_wrt_t1,rand,1.83579478263855,2026-01-30 17:33:05,hubness_mean_over_words
chinese,chinese_RoBERTa_WWM,gemini25pro,prt,full,0.348,2026-01-30 17:33:05,
chinese,chinese_RoBERTa_WWM,gemini25pro,apd,full,0.629,2026-01-30 17:33:05,
chinese,chinese_RoBERTa_WWM,gemini25pro,amd,full,0.692,2026-01-30 17:33:05,
chinese,chinese_RoBERTa_WWM,gemini25pro,amd_sym,full,0.682,2026-01-30 17:33:05,
chinese,chinese_RoBERTa_WWM,gemini25pro,amd_opt_sym,full,0.689,2026-01-30 17:33:05,
chinese,chinese_RoBERTa_WWM,gemini25pro,prt,pca,0.082,2026-01-30 17:33:05,
chinese,chinese_RoBERTa_WWM,gemini25pro,apd,pca,0.363,2026-01-30 17:33:05,
chinese,chinese_RoBERTa_WWM,gemini25pro,amd,pca,0.637,2026-01-30 17:33:05,
chinese,chinese_RoBERTa_WWM,gemini25pro,amd_sym,pca,0.694,2026-01-30 17:33:05,
chinese,chinese_RoBERTa_WWM,gemini25pro,amd_opt_sym,pca,0.681,2026-01-30 17:33:05,
chinese,chinese_RoBERTa_WWM,gemini25pro,prt,def,0.47,2026-01-30 17:33:05,
chinese,chinese_RoBERTa_WWM,gemini25pro,apd,def,0.437,2026-01-30 17:33:05,
chinese,chinese_RoBERTa_WWM,gemini25pro,amd,def,0.756,2026-01-30 17:33:05,
chinese,chinese_RoBERTa_WWM,gemini25pro,amd_sym,def,0.644,2026-01-30 17:33:05,
chinese,chinese_RoBERTa_WWM,gemini25pro,amd_opt_sym,def,0.681,2026-01-30 17:33:05,
chinese,chinese_RoBERTa_WWM,gemini25pro,prt,rand,0.142,2026-01-30 17:33:05,
chinese,chinese_RoBERTa_WWM,gemini25pro,apd,rand,0.031,2026-01-30 17:33:05,
chinese,chinese_RoBERTa_WWM,gemini25pro,amd,rand,0.577,2026-01-30 17:33:05,
chinese,chinese_RoBERTa_WWM,gemini25pro,amd_sym,rand,0.624,2026-01-30 17:33:05,
chinese,chinese_RoBERTa_WWM,gemini25pro,amd_opt_sym,rand,0.615,2026-01-30 17:33:05,
chinese,chinese_RoBERTa_WWM,gemini25pro,hub_topshare_t2_to_t1,full,0.2627631578947368,2026-01-30 17:33:05,hubness_mean_over_words
chinese,chinese_RoBERTa_WWM,gemini25pro,hub_antihubshare_t1_wrt_t2,full,0.5206578947368421,2026-01-30 17:33:05,hubness_mean_over_words
chinese,chinese_RoBERTa_WWM,gemini25pro,hub_meanfanout_t1_wrt_t2,full,2.169341805577278,2026-01-30 17:33:05,hubness_mean_over_words
chinese,chinese_RoBERTa_WWM,gemini25pro,hub_topshare_t1_to_t2,full,0.31164473684210525,2026-01-30 17:33:05,hubness_mean_over_words
chinese,chinese_RoBERTa_WWM,gemini25pro,hub_antihubshare_t2_wrt_t1,full,0.5695394736842105,2026-01-30 17:33:05,hubness_mean_over_words
chinese,chinese_RoBERTa_WWM,gemini25pro,hub_meanfanout_t2_wrt_t1,full,2.5818182051181795,2026-01-30 17:33:05,hubness_mean_over_words
chinese,chinese_RoBERTa_WWM,gemini25pro,hub_topshare_t2_to_t1,pca,0.26651315789473684,2026-01-30 17:33:05,hubness_mean_over_words
chinese,chinese_RoBERTa_WWM,gemini25pro,hub_antihubshare_t1_wrt_t2,pca,0.49059210526315794,2026-01-30 17:33:05,hubness_mean_over_words
chinese,chinese_RoBERTa_WWM,gemini25pro,hub_meanfanout_t1_wrt_t2,pca,2.0998837530612944,2026-01-30 17:33:05,hubness_mean_over_words
chinese,chinese_RoBERTa_WWM,gemini25pro,hub_topshare_t1_to_t2,pca,0.26171052631578945,2026-01-30 17:33:05,hubness_mean_over_words
chinese,chinese_RoBERTa_WWM,gemini25pro,hub_antihubshare_t2_wrt_t1,pca,0.5219736842105263,2026-01-30 17:33:05,hubness_mean_over_words
chinese,chinese_RoBERTa_WWM,gemini25pro,hub_meanfanout_t2_wrt_t1,pca,2.242183876037598,2026-01-30 17:33:05,hubness_mean_over_words
chinese,chinese_RoBERTa_WWM,gemini25pro,hub_topshare_t2_to_t1,def,0.26809210526315785,2026-01-30 17:33:05,hubness_mean_over_words
chinese,chinese_RoBERTa_WWM,gemini25pro,hub_antihubshare_t1_wrt_t2,def,0.49947368421052635,2026-01-30 17:33:05,hubness_mean_over_words
chinese,chinese_RoBERTa_WWM,gemini25pro,hub_meanfanout_t1_wrt_t2,def,2.100733685493469,2026-01-30 17:33:05,hubness_mean_over_words
chinese,chinese_RoBERTa_WWM,gemini25pro,hub_topshare_t1_to_t2,def,0.23526315789473684,2026-01-30 17:33:05,hubness_mean_over_words
chinese,chinese_RoBERTa_WWM,gemini25pro,hub_antihubshare_t2_wrt_t1,def,0.514407894736842,2026-01-30 17:33:05,hubness_mean_over_words
chinese,chinese_RoBERTa_WWM,gemini25pro,hub_meanfanout_t2_wrt_t1,def,2.1584291070699693,2026-01-30 17:33:05,hubness_mean_over_words
chinese,chinese_RoBERTa_WWM,gemini25pro,hub_topshare_t2_to_t1,rand,0.2102631578947368,2026-01-30 17:33:05,hubness_mean_over_words
chinese,chinese_RoBERTa_WWM,gemini25pro,hub_antihubshare_t1_wrt_t2,rand,0.4492105263157895,2026-01-30 17:33:05,hubness_mean_over_words
chinese,chinese_RoBERTa_WWM,gemini25pro,hub_meanfanout_t1_wrt_t2,rand,1.8689040392637253,2026-01-30 17:33:05,hubness_mean_over_words
chinese,chinese_RoBERTa_WWM,gemini25pro,hub_topshare_t1_to_t2,rand,0.21157894736842103,2026-01-30 17:33:05,hubness_mean_over_words
chinese,chinese_RoBERTa_WWM,gemini25pro,hub_antihubshare_t2_wrt_t1,rand,0.4555263157894737,2026-01-30 17:33:05,hubness_mean_over_words
chinese,chinese_RoBERTa_WWM,gemini25pro,hub_meanfanout_t2_wrt_t1,rand,1.8907994985580445,2026-01-30 17:33:05,hubness_mean_over_words
norwegian_1,xll,gemini25pro,prt,full,0.769,2026-01-30 17:33:06,
norwegian_1,xll,gemini25pro,apd,full,0.668,2026-01-30 17:33:06,
norwegian_1,xll,gemini25pro,amd,full,0.705,2026-01-30 17:33:06,
norwegian_1,xll,gemini25pro,amd_sym,full,0.723,2026-01-30 17:33:06,
norwegian_1,xll,gemini25pro,amd_opt_sym,full,0.729,2026-01-30 17:33:06,
norwegian_1,xll,gemini25pro,prt,pca,-0.061,2026-01-30 17:33:06,
norwegian_1,xll,gemini25pro,apd,pca,0.552,2026-01-30 17:33:06,
norwegian_1,xll,gemini25pro,amd,pca,0.703,2026-01-30 17:33:06,
norwegian_1,xll,gemini25pro,amd_sym,pca,0.707,2026-01-30 17:33:06,
norwegian_1,xll,gemini25pro,amd_opt_sym,pca,0.73,2026-01-30 17:33:06,
norwegian_1,xll,gemini25pro,prt,def,0.545,2026-01-30 17:33:06,
norwegian_1,xll,gemini25pro,apd,def,0.589,2026-01-30 17:33:06,
norwegian_1,xll,gemini25pro,amd,def,0.68,2026-01-30 17:33:06,
norwegian_1,xll,gemini25pro,amd_sym,def,0.698,2026-01-30 17:33:06,
norwegian_1,xll,gemini25pro,amd_opt_sym,def,0.69,2026-01-30 17:33:06,
norwegian_1,xll,gemini25pro,prt,rand,0.529,2026-01-30 17:33:06,
norwegian_1,xll,gemini25pro,apd,rand,0.374,2026-01-30 17:33:06,
norwegian_1,xll,gemini25pro,amd,rand,0.627,2026-01-30 17:33:06,
norwegian_1,xll,gemini25pro,amd_sym,rand,0.676,2026-01-30 17:33:06,
norwegian_1,xll,gemini25pro,amd_opt_sym,rand,0.669,2026-01-30 17:33:06,
norwegian_1,xll,gemini25pro,hub_topshare_t2_to_t1,full,0.3984532828282828,2026-01-30 17:33:06,hubness_mean_over_words
norwegian_1,xll,gemini25pro,hub_antihubshare_t1_wrt_t2,full,0.5066919191919192,2026-01-30 17:33:06,hubness_mean_over_words
norwegian_1,xll,gemini25pro,hub_meanfanout_t1_wrt_t2,full,2.194732165336609,2026-01-30 17:33:06,hubness_mean_over_words
norwegian_1,xll,gemini25pro,hub_topshare_t1_to_t2,full,0.3785037878787879,2026-01-30 17:33:06,hubness_mean_over_words
norwegian_1,xll,gemini25pro,hub_antihubshare_t2_wrt_t1,full,0.4963383838383838,2026-01-30 17:33:06,hubness_mean_over_words
norwegian_1,xll,gemini25pro,hub_meanfanout_t2_wrt_t1,full,2.1506250202655792,2026-01-30 17:33:06,hubness_mean_over_words
norwegian_1,xll,gemini25pro,hub_topshare_t2_to_t1,pca,0.38083964646464646,2026-01-30 17:33:06,hubness_mean_over_words
norwegian_1,xll,gemini25pro,hub_antihubshare_t1_wrt_t2,pca,0.5017992424242423,2026-01-30 17:33:06,hubness_mean_over_words
norwegian_1,xll,gemini25pro,hub_meanfanout_t1_wrt_t2,pca,2.1786309748888018,2026-01-30 17:33:06,hubness_mean_over_words
norwegian_1,xll,gemini25pro,hub_topshare_t1_to_t2,pca,0.360385101010101,2026-01-30 17:33:06,hubness_mean_over_words
norwegian_1,xll,gemini25pro,hub_antihubshare_t2_wrt_t1,pca,0.47821969696969696,2026-01-30 17:33:06,hubness_mean_over_words
norwegian_1,xll,gemini25pro,hub_meanfanout_t2_wrt_t1,pca,2.0459226459264754,2026-01-30 17:33:06,hubness_mean_over_words
norwegian_1,xll,gemini25pro,hub_topshare_t2_to_t1,def,0.37679924242424245,2026-01-30 17:33:06,hubness_mean_over_words
norwegian_1,xll,gemini25pro,hub_antihubshare_t1_wrt_t2,def,0.48781565656565656,2026-01-30 17:33:06,hubness_mean_over_words
norwegian_1,xll,gemini25pro,hub_meanfanout_t1_wrt_t2,def,2.085833355784416,2026-01-30 17:33:06,hubness_mean_over_words
norwegian_1,xll,gemini25pro,hub_topshare_t1_to_t2,def,0.3721906565656566,2026-01-30 17:33:06,hubness_mean_over_words
norwegian_1,xll,gemini25pro,hub_antihubshare_t2_wrt_t1,def,0.4882575757575758,2026-01-30 17:33:06,hubness_mean_over_words
norwegian_1,xll,gemini25pro,hub_meanfanout_t2_wrt_t1,def,2.06866073012352,2026-01-30 17:33:06,hubness_mean_over_words
norwegian_1,xll,gemini25pro,hub_topshare_t2_to_t1,rand,0.3404356060606061,2026-01-30 17:33:06,hubness_mean_over_words
norwegian_1,xll,gemini25pro,hub_antihubshare_t1_wrt_t2,rand,0.44043560606060606,2026-01-30 17:33:06,hubness_mean_over_words
norwegian_1,xll,gemini25pro,hub_meanfanout_t1_wrt_t2,rand,1.8630357295274735,2026-01-30 17:33:06,hubness_mean_over_words
norwegian_1,xll,gemini25pro,hub_topshare_t1_to_t2,rand,0.3503787878787879,2026-01-30 17:33:06,hubness_mean_over_words
norwegian_1,xll,gemini25pro,hub_antihubshare_t2_wrt_t1,rand,0.43816287878787874,2026-01-30 17:33:06,hubness_mean_over_words
norwegian_1,xll,gemini25pro,hub_meanfanout_t2_wrt_t1,rand,1.8970833450555802,2026-01-30 17:33:06,hubness_mean_over_words
norwegian_1,xlmr,gemini25pro,prt,full,0.597,2026-01-30 17:33:06,
norwegian_1,xlmr,gemini25pro,apd,full,0.497,2026-01-30 17:33:06,
norwegian_1,xlmr,gemini25pro,amd,full,0.633,2026-01-30 17:33:06,
norwegian_1,xlmr,gemini25pro,amd_sym,full,0.612,2026-01-30 17:33:06,
norwegian_1,xlmr,gemini25pro,amd_opt_sym,full,0.594,2026-01-30 17:33:06,
norwegian_1,xlmr,gemini25pro,prt,pca,0.032,2026-01-30 17:33:06,
norwegian_1,xlmr,gemini25pro,apd,pca,0.383,2026-01-30 17:33:06,
norwegian_1,xlmr,gemini25pro,amd,pca,0.639,2026-01-30 17:33:06,
norwegian_1,xlmr,gemini25pro,amd_sym,pca,0.658,2026-01-30 17:33:06,
norwegian_1,xlmr,gemini25pro,amd_opt_sym,pca,0.647,2026-01-30 17:33:06,
norwegian_1,xlmr,gemini25pro,prt,def,0.401,2026-01-30 17:33:06,
norwegian_1,xlmr,gemini25pro,apd,def,-0.056,2026-01-30 17:33:06,
norwegian_1,xlmr,gemini25pro,amd,def,0.501,2026-01-30 17:33:06,
norwegian_1,xlmr,gemini25pro,amd_sym,def,0.527,2026-01-30 17:33:06,
norwegian_1,xlmr,gemini25pro,amd_opt_sym,def,0.518,2026-01-30 17:33:06,
norwegian_1,xlmr,gemini25pro,prt,rand,-0.057,2026-01-30 17:33:06,
norwegian_1,xlmr,gemini25pro,apd,rand,0.013,2026-01-30 17:33:06,
norwegian_1,xlmr,gemini25pro,amd,rand,0.481,2026-01-30 17:33:06,
norwegian_1,xlmr,gemini25pro,amd_sym,rand,0.424,2026-01-30 17:33:06,
norwegian_1,xlmr,gemini25pro,amd_opt_sym,rand,0.443,2026-01-30 17:33:06,
norwegian_1,xlmr,gemini25pro,hub_topshare_t2_to_t1,full,0.4755366161616161,2026-01-30 17:33:06,hubness_mean_over_words
norwegian_1,xlmr,gemini25pro,hub_antihubshare_t1_wrt_t2,full,0.5886679292929292,2026-01-30 17:33:06,hubness_mean_over_words
norwegian_1,xlmr,gemini25pro,hub_meanfanout_t1_wrt_t2,full,2.68244049847126,2026-01-30 17:33:06,hubness_mean_over_words
norwegian_1,xlmr,gemini25pro,hub_topshare_t1_to_t2,full,0.4267992424242425,2026-01-30 17:33:06,hubness_mean_over_words
norwegian_1,xlmr,gemini25pro,hub_antihubshare_t2_wrt_t1,full,0.5741161616161616,2026-01-30 17:33:06,hubness_mean_over_words
norwegian_1,xlmr,gemini25pro,hub_meanfanout_t2_wrt_t1,full,2.541309541463852,2026-01-30 17:33:06,hubness_mean_over_words
norwegian_1,xlmr,gemini25pro,hub_topshare_t2_to_t1,pca,0.37866161616161614,2026-01-30 17:33:06,hubness_mean_over_words
norwegian_1,xlmr,gemini25pro,hub_antihubshare_t1_wrt_t2,pca,0.5437184343434344,2026-01-30 17:33:06,hubness_mean_over_words
norwegian_1,xlmr,gemini25pro,hub_meanfanout_t1_wrt_t2,pca,2.3735119313001634,2026-01-30 17:33:06,hubness_mean_over_words
norwegian_1,xlmr,gemini25pro,hub_topshare_t1_to_t2,pca,0.3677083333333333,2026-01-30 17:33:06,hubness_mean_over_words
norwegian_1,xlmr,gemini25pro,hub_antihubshare_t2_wrt_t1,pca,0.535479797979798,2026-01-30 17:33:06,hubness_mean_over_words
norwegian_1,xlmr,gemini25pro,hub_meanfanout_t2_wrt_t1,pca,2.2564881265163423,2026-01-30 17:33:06,hubness_mean_over_words
norwegian_1,xlmr,gemini25pro,hub_topshare_t2_to_t1,def,0.35770202020202013,2026-01-30 17:33:06,hubness_mean_over_words
norwegian_1,xlmr,gemini25pro,hub_antihubshare_t1_wrt_t2,def,0.4917929292929292,2026-01-30 17:33:06,hubness_mean_over_words
norwegian_1,xlmr,gemini25pro,hub_meanfanout_t1_wrt_t2,def,2.079583352804184,2026-01-30 17:33:06,hubness_mean_over_words
norwegian_1,xlmr,gemini25pro,hub_topshare_t1_to_t2,def,0.3963383838383838,2026-01-30 17:33:06,hubness_mean_over_words
norwegian_1,xlmr,gemini25pro,hub_antihubshare_t2_wrt_t1,def,0.4963383838383838,2026-01-30 17:33:06,hubness_mean_over_words
norwegian_1,xlmr,gemini25pro,hub_meanfanout_t2_wrt_t1,def,2.1273809731006623,2026-01-30 17:33:06,hubness_mean_over_words
norwegian_1,xlmr,gemini25pro,hub_topshare_t2_to_t1,rand,0.3458964646464647,2026-01-30 17:33:06,hubness_mean_over_words
norwegian_1,xlmr,gemini25pro,hub_antihubshare_t1_wrt_t2,rand,0.48866792929292924,2026-01-30 17:33:06,hubness_mean_over_words
norwegian_1,xlmr,gemini25pro,hub_meanfanout_t1_wrt_t2,rand,2.0677281975746156,2026-01-30 17:33:06,hubness_mean_over_words
norwegian_1,xlmr,gemini25pro,hub_topshare_t1_to_t2,rand,0.3458333333333333,2026-01-30 17:33:06,hubness_mean_over_words
norwegian_1,xlmr,gemini25pro,hub_antihubshare_t2_wrt_t1,rand,0.4636679292929292,2026-01-30 17:33:06,hubness_mean_over_words
norwegian_1,xlmr,gemini25pro,hub_meanfanout_t2_wrt_t1,rand,1.9261904925107955,2026-01-30 17:33:06,hubness_mean_over_words
norwegian_1,rembert,gemini25pro,prt,full,0.59,2026-01-30 17:33:07,
norwegian_1,rembert,gemini25pro,apd,full,0.538,2026-01-30 17:33:07,
norwegian_1,rembert,gemini25pro,amd,full,0.521,2026-01-30 17:33:07,
norwegian_1,rembert,gemini25pro,amd_sym,full,0.625,2026-01-30 17:33:07,
norwegian_1,rembert,gemini25pro,amd_opt_sym,full,0.625,2026-01-30 17:33:07,
norwegian_1,rembert,gemini25pro,prt,pca,-0.294,2026-01-30 17:33:07,
norwegian_1,rembert,gemini25pro,apd,pca,0.347,2026-01-30 17:33:07,
norwegian_1,rembert,gemini25pro,amd,pca,0.581,2026-01-30 17:33:07,
norwegian_1,rembert,gemini25pro,amd_sym,pca,0.647,2026-01-30 17:33:07,
norwegian_1,rembert,gemini25pro,amd_opt_sym,pca,0.638,2026-01-30 17:33:07,
norwegian_1,rembert,gemini25pro,prt,def,0.432,2026-01-30 17:33:07,
norwegian_1,rembert,gemini25pro,apd,def,0.178,2026-01-30 17:33:07,
norwegian_1,rembert,gemini25pro,amd,def,0.666,2026-01-30 17:33:07,
norwegian_1,rembert,gemini25pro,amd_sym,def,0.654,2026-01-30 17:33:07,
norwegian_1,rembert,gemini25pro,amd_opt_sym,def,0.65,2026-01-30 17:33:07,
norwegian_1,rembert,gemini25pro,prt,rand,0.204,2026-01-30 17:33:07,
norwegian_1,rembert,gemini25pro,apd,rand,0.153,2026-01-30 17:33:07,
norwegian_1,rembert,gemini25pro,amd,rand,0.528,2026-01-30 17:33:07,
norwegian_1,rembert,gemini25pro,amd_sym,rand,0.521,2026-01-30 17:33:07,
norwegian_1,rembert,gemini25pro,amd_opt_sym,rand,0.535,2026-01-30 17:33:07,
norwegian_1,rembert,gemini25pro,hub_topshare_t2_to_t1,full,0.4894570707070708,2026-01-30 17:33:07,hubness_mean_over_words
norwegian_1,rembert,gemini25pro,hub_antihubshare_t1_wrt_t2,full,0.6209280303030302,2026-01-30 17:33:07,hubness_mean_over_words
norwegian_1,rembert,gemini25pro,hub_meanfanout_t1_wrt_t2,full,2.9741667032241823,2026-01-30 17:33:07,hubness_mean_over_words
norwegian_1,rembert,gemini25pro,hub_topshare_t1_to_t2,full,0.4636679292929292,2026-01-30 17:33:07,hubness_mean_over_words
norwegian_1,rembert,gemini25pro,hub_antihubshare_t2_wrt_t1,full,0.5832070707070708,2026-01-30 17:33:07,hubness_mean_over_words
norwegian_1,rembert,gemini25pro,hub_meanfanout_t2_wrt_t1,full,2.6319940775632857,2026-01-30 17:33:07,hubness_mean_over_words
norwegian_1,rembert,gemini25pro,hub_topshare_t2_to_t1,pca,0.45012626262626265,2026-01-30 17:33:07,hubness_mean_over_words
norwegian_1,rembert,gemini25pro,hub_antihubshare_t1_wrt_t2,pca,0.5646780303030303,2026-01-30 17:33:07,hubness_mean_over_words
norwegian_1,rembert,gemini25pro,hub_meanfanout_t1_wrt_t2,pca,2.622738128900528,2026-01-30 17:33:07,hubness_mean_over_words
norwegian_1,rembert,gemini25pro,hub_topshare_t1_to_t2,pca,0.4433080808080808,2026-01-30 17:33:07,hubness_mean_over_words
norwegian_1,rembert,gemini25pro,hub_antihubshare_t2_wrt_t1,pca,0.5450757575757575,2026-01-30 17:33:07,hubness_mean_over_words
norwegian_1,rembert,gemini25pro,hub_meanfanout_t2_wrt_t1,pca,2.357410743832588,2026-01-30 17:33:07,hubness_mean_over_words
norwegian_1,rembert,gemini25pro,hub_topshare_t2_to_t1,def,0.5342171717171718,2026-01-30 17:33:07,hubness_mean_over_words
norwegian_1,rembert,gemini25pro,hub_antihubshare_t1_wrt_t2,def,0.5768939393939394,2026-01-30 17:33:07,hubness_mean_over_words
norwegian_1,rembert,gemini25pro,hub_meanfanout_t1_wrt_t2,def,2.7813690751791,2026-01-30 17:33:07,hubness_mean_over_words
norwegian_1,rembert,gemini25pro,hub_topshare_t1_to_t2,def,0.47200126262626263,2026-01-30 17:33:07,hubness_mean_over_words
norwegian_1,rembert,gemini25pro,hub_antihubshare_t2_wrt_t1,def,0.5851325757575758,2026-01-30 17:33:07,hubness_mean_over_words
norwegian_1,rembert,gemini25pro,hub_meanfanout_t2_wrt_t1,def,2.6911607503890993,2026-01-30 17:33:07,hubness_mean_over_words
norwegian_1,rembert,gemini25pro,hub_topshare_t2_to_t1,rand,0.38412247474747474,2026-01-30 17:33:07,hubness_mean_over_words
norwegian_1,rembert,gemini25pro,hub_antihubshare_t1_wrt_t2,rand,0.4923611111111111,2026-01-30 17:33:07,hubness_mean_over_words
norwegian_1,rembert,gemini25pro,hub_meanfanout_t1_wrt_t2,rand,2.1747718334197996,2026-01-30 17:33:07,hubness_mean_over_words
norwegian_1,rembert,gemini25pro,hub_topshare_t1_to_t2,rand,0.39349747474747476,2026-01-30 17:33:07,hubness_mean_over_words
norwegian_1,rembert,gemini25pro,hub_antihubshare_t2_wrt_t1,rand,0.5045138888888889,2026-01-30 17:33:07,hubness_mean_over_words
norwegian_1,rembert,gemini25pro,hub_meanfanout_t2_wrt_t1,rand,2.0980059802532196,2026-01-30 17:33:07,hubness_mean_over_words
norwegian_1,multilingual-e5,gemini25pro,prt,full,0.476,2026-01-30 17:33:07,
norwegian_1,multilingual-e5,gemini25pro,apd,full,0.533,2026-01-30 17:33:07,
norwegian_1,multilingual-e5,gemini25pro,amd,full,0.487,2026-01-30 17:33:07,
norwegian_1,multilingual-e5,gemini25pro,amd_sym,full,0.551,2026-01-30 17:33:07,
norwegian_1,multilingual-e5,gemini25pro,amd_opt_sym,full,0.544,2026-01-30 17:33:07,
norwegian_1,multilingual-e5,gemini25pro,prt,pca,0.256,2026-01-30 17:33:07,
norwegian_1,multilingual-e5,gemini25pro,apd,pca,0.252,2026-01-30 17:33:07,
norwegian_1,multilingual-e5,gemini25pro,amd,pca,0.531,2026-01-30 17:33:07,
norwegian_1,multilingual-e5,gemini25pro,amd_sym,pca,0.577,2026-01-30 17:33:07,
norwegian_1,multilingual-e5,gemini25pro,amd_opt_sym,pca,0.554,2026-01-30 17:33:07,
norwegian_1,multilingual-e5,gemini25pro,prt,def,0.251,2026-01-30 17:33:07,
norwegian_1,multilingual-e5,gemini25pro,apd,def,0.48,2026-01-30 17:33:07,
norwegian_1,multilingual-e5,gemini25pro,amd,def,0.562,2026-01-30 17:33:07,
norwegian_1,multilingual-e5,gemini25pro,amd_sym,def,0.37,2026-01-30 17:33:07,
norwegian_1,multilingual-e5,gemini25pro,amd_opt_sym,def,0.406,2026-01-30 17:33:07,
norwegian_1,multilingual-e5,gemini25pro,prt,rand,0.234,2026-01-30 17:33:07,
norwegian_1,multilingual-e5,gemini25pro,apd,rand,0.09,2026-01-30 17:33:07,
norwegian_1,multilingual-e5,gemini25pro,amd,rand,0.506,2026-01-30 17:33:07,
norwegian_1,multilingual-e5,gemini25pro,amd_sym,rand,0.489,2026-01-30 17:33:07,
norwegian_1,multilingual-e5,gemini25pro,amd_opt_sym,rand,0.527,2026-01-30 17:33:07,
norwegian_1,multilingual-e5,gemini25pro,hub_topshare_t2_to_t1,full,0.4050820707070707,2026-01-30 17:33:07,hubness_mean_over_words
norwegian_1,multilingual-e5,gemini25pro,hub_antihubshare_t1_wrt_t2,full,0.5459911616161616,2026-01-30 17:33:07,hubness_mean_over_words
norwegian_1,multilingual-e5,gemini25pro,hub_meanfanout_t1_wrt_t2,full,2.30607146024704,2026-01-30 17:33:07,hubness_mean_over_words
norwegian_1,multilingual-e5,gemini25pro,hub_topshare_t1_to_t2,full,0.42503156565656564,2026-01-30 17:33:07,hubness_mean_over_words
norwegian_1,multilingual-e5,gemini25pro,hub_antihubshare_t2_wrt_t1,full,0.5422979797979798,2026-01-30 17:33:07,hubness_mean_over_words
norwegian_1,multilingual-e5,gemini25pro,hub_meanfanout_t2_wrt_t1,full,2.385803592205048,2026-01-30 17:33:07,hubness_mean_over_words
norwegian_1,multilingual-e5,gemini25pro,hub_topshare_t2_to_t1,pca,0.35407196969696975,2026-01-30 17:33:07,hubness_mean_over_words
norwegian_1,multilingual-e5,gemini25pro,hub_antihubshare_t1_wrt_t2,pca,0.4545770202020202,2026-01-30 17:33:07,hubness_mean_over_words
norwegian_1,multilingual-e5,gemini25pro,hub_meanfanout_t1_wrt_t2,pca,2.008908748626709,2026-01-30 17:33:07,hubness_mean_over_words
norwegian_1,multilingual-e5,gemini25pro,hub_topshare_t1_to_t2,pca,0.35735479797979797,2026-01-30 17:33:07,hubness_mean_over_words
norwegian_1,multilingual-e5,gemini25pro,hub_antihubshare_t2_wrt_t1,pca,0.46786616161616157,2026-01-30 17:33:07,hubness_mean_over_words
norwegian_1,multilingual-e5,gemini25pro,hub_meanfanout_t2_wrt_t1,pca,2.0816964417696,2026-01-30 17:33:07,hubness_mean_over_words
norwegian_1,multilingual-e5,gemini25pro,hub_topshare_t2_to_t1,def,0.48491161616161615,2026-01-30 17:33:07,hubness_mean_over_words
norwegian_1,multilingual-e5,gemini25pro,hub_antihubshare_t1_wrt_t2,def,0.6004734848484847,2026-01-30 17:33:07,hubness_mean_over_words
norwegian_1,multilingual-e5,gemini25pro,hub_meanfanout_t1_wrt_t2,def,2.814404788613319,2026-01-30 17:33:07,hubness_mean_over_words
norwegian_1,multilingual-e5,gemini25pro,hub_topshare_t1_to_t2,def,0.5699810606060606,2026-01-30 17:33:07,hubness_mean_over_words
norwegian_1,multilingual-e5,gemini25pro,hub_antihubshare_t2_wrt_t1,def,0.6286616161616162,2026-01-30 17:33:07,hubness_mean_over_words
norwegian_1,multilingual-e5,gemini25pro,hub_meanfanout_t2_wrt_t1,def,3.3401190787553787,2026-01-30 17:33:07,hubness_mean_over_words
norwegian_1,multilingual-e5,gemini25pro,hub_topshare_t2_to_t1,rand,0.34163510101010097,2026-01-30 17:33:07,hubness_mean_over_words
norwegian_1,multilingual-e5,gemini25pro,hub_antihubshare_t1_wrt_t2,rand,0.42487373737373735,2026-01-30 17:33:07,hubness_mean_over_words
norwegian_1,multilingual-e5,gemini25pro,hub_meanfanout_t1_wrt_t2,rand,1.811041671037674,2026-01-30 17:33:07,hubness_mean_over_words
norwegian_1,multilingual-e5,gemini25pro,hub_topshare_t1_to_t2,rand,0.34163510101010097,2026-01-30 17:33:07,hubness_mean_over_words
norwegian_1,multilingual-e5,gemini25pro,hub_antihubshare_t2_wrt_t1,rand,0.4566919191919192,2026-01-30 17:33:07,hubness_mean_over_words
norwegian_1,multilingual-e5,gemini25pro,hub_meanfanout_t2_wrt_t1,rand,1.929007962346077,2026-01-30 17:33:07,hubness_mean_over_words
norwegian_1,mmbert,gemini25pro,prt,full,0.597,2026-01-30 17:33:07,
norwegian_1,mmbert,gemini25pro,apd,full,0.568,2026-01-30 17:33:07,
norwegian_1,mmbert,gemini25pro,amd,full,0.616,2026-01-30 17:33:07,
norwegian_1,mmbert,gemini25pro,amd_sym,full,0.632,2026-01-30 17:33:07,
norwegian_1,mmbert,gemini25pro,amd_opt_sym,full,0.656,2026-01-30 17:33:07,
norwegian_1,mmbert,gemini25pro,prt,pca,-0.218,2026-01-30 17:33:07,
norwegian_1,mmbert,gemini25pro,apd,pca,0.256,2026-01-30 17:33:07,
norwegian_1,mmbert,gemini25pro,amd,pca,0.576,2026-01-30 17:33:07,
norwegian_1,mmbert,gemini25pro,amd_sym,pca,0.677,2026-01-30 17:33:07,
norwegian_1,mmbert,gemini25pro,amd_opt_sym,pca,0.671,2026-01-30 17:33:07,
norwegian_1,mmbert,gemini25pro,prt,def,0.598,2026-01-30 17:33:07,
norwegian_1,mmbert,gemini25pro,apd,def,0.339,2026-01-30 17:33:07,
norwegian_1,mmbert,gemini25pro,amd,def,0.644,2026-01-30 17:33:07,
norwegian_1,mmbert,gemini25pro,amd_sym,def,0.608,2026-01-30 17:33:07,
norwegian_1,mmbert,gemini25pro,amd_opt_sym,def,0.596,2026-01-30 17:33:07,
norwegian_1,mmbert,gemini25pro,prt,rand,0.45,2026-01-30 17:33:07,
norwegian_1,mmbert,gemini25pro,apd,rand,0.326,2026-01-30 17:33:07,
norwegian_1,mmbert,gemini25pro,amd,rand,0.544,2026-01-30 17:33:07,
norwegian_1,mmbert,gemini25pro,amd_sym,rand,0.575,2026-01-30 17:33:07,
norwegian_1,mmbert,gemini25pro,amd_opt_sym,rand,0.554,2026-01-30 17:33:07,
norwegian_1,mmbert,gemini25pro,hub_topshare_t2_to_t1,full,0.47013888888888883,2026-01-30 17:33:07,hubness_mean_over_words
norwegian_1,mmbert,gemini25pro,hub_antihubshare_t1_wrt_t2,full,0.5724116161616161,2026-01-30 17:33:07,hubness_mean_over_words
norwegian_1,mmbert,gemini25pro,hub_meanfanout_t1_wrt_t2,full,2.546904796361923,2026-01-30 17:33:07,hubness_mean_over_words
norwegian_1,mmbert,gemini25pro,hub_topshare_t1_to_t2,full,0.4636679292929292,2026-01-30 17:33:07,hubness_mean_over_words
norwegian_1,mmbert,gemini25pro,hub_antihubshare_t2_wrt_t1,full,0.5627525252525253,2026-01-30 17:33:07,hubness_mean_over_words
norwegian_1,mmbert,gemini25pro,hub_meanfanout_t2_wrt_t1,full,2.4263988375663756,2026-01-30 17:33:07,hubness_mean_over_words
norwegian_1,mmbert,gemini25pro,hub_topshare_t2_to_t1,pca,0.43462752525252524,2026-01-30 17:33:07,hubness_mean_over_words
norwegian_1,mmbert,gemini25pro,hub_antihubshare_t1_wrt_t2,pca,0.5505366161616161,2026-01-30 17:33:07,hubness_mean_over_words
norwegian_1,mmbert,gemini25pro,hub_meanfanout_t1_wrt_t2,pca,2.4586309760808946,2026-01-30 17:33:07,hubness_mean_over_words
norwegian_1,mmbert,gemini25pro,hub_topshare_t1_to_t2,pca,0.3927083333333333,2026-01-30 17:33:07,hubness_mean_over_words
norwegian_1,mmbert,gemini25pro,hub_antihubshare_t2_wrt_t1,pca,0.5124053030303031,2026-01-30 17:33:07,hubness_mean_over_words
norwegian_1,mmbert,gemini25pro,hub_meanfanout_t2_wrt_t1,pca,2.197797641158104,2026-01-30 17:33:07,hubness_mean_over_words
norwegian_1,mmbert,gemini25pro,hub_topshare_t2_to_t1,def,0.3848169191919192,2026-01-30 17:33:07,hubness_mean_over_words
norwegian_1,mmbert,gemini25pro,hub_antihubshare_t1_wrt_t2,def,0.501736111111111,2026-01-30 17:33:07,hubness_mean_over_words
norwegian_1,mmbert,gemini25pro,hub_meanfanout_t1_wrt_t2,def,2.19217264354229,2026-01-30 17:33:07,hubness_mean_over_words
norwegian_1,mmbert,gemini25pro,hub_topshare_t1_to_t2,def,0.4066919191919192,2026-01-30 17:33:07,hubness_mean_over_words
norwegian_1,mmbert,gemini25pro,hub_antihubshare_t2_wrt_t1,def,0.4989583333333333,2026-01-30 17:33:07,hubness_mean_over_words
norwegian_1,mmbert,gemini25pro,hub_meanfanout_t2_wrt_t1,def,2.1653571665287017,2026-01-30 17:33:07,hubness_mean_over_words
norwegian_1,mmbert,gemini25pro,hub_topshare_t2_to_t1,rand,0.41265782828282827,2026-01-30 17:33:07,hubness_mean_over_words
norwegian_1,mmbert,gemini25pro,hub_antihubshare_t1_wrt_t2,rand,0.5131628787878788,2026-01-30 17:33:07,hubness_mean_over_words
norwegian_1,mmbert,gemini25pro,hub_meanfanout_t1_wrt_t2,rand,2.2984524011611938,2026-01-30 17:33:07,hubness_mean_over_words
norwegian_1,mmbert,gemini25pro,hub_topshare_t1_to_t2,rand,0.3876578282828283,2026-01-30 17:33:07,hubness_mean_over_words
norwegian_1,mmbert,gemini25pro,hub_antihubshare_t2_wrt_t1,rand,0.48901515151515146,2026-01-30 17:33:07,hubness_mean_over_words
norwegian_1,mmbert,gemini25pro,hub_meanfanout_t2_wrt_t1,rand,2.111369064450264,2026-01-30 17:33:07,hubness_mean_over_words
norwegian_1,norwegian_NB-BERT,gemini25pro,prt,full,0.577,2026-01-30 17:33:08,
norwegian_1,norwegian_NB-BERT,gemini25pro,apd,full,0.646,2026-01-30 17:33:08,
norwegian_1,norwegian_NB-BERT,gemini25pro,amd,full,0.561,2026-01-30 17:33:08,
norwegian_1,norwegian_NB-BERT,gemini25pro,amd_sym,full,0.6,2026-01-30 17:33:08,
norwegian_1,norwegian_NB-BERT,gemini25pro,amd_opt_sym,full,0.605,2026-01-30 17:33:08,
norwegian_1,norwegian_NB-BERT,gemini25pro,prt,pca,-0.046,2026-01-30 17:33:08,
norwegian_1,norwegian_NB-BERT,gemini25pro,apd,pca,0.21,2026-01-30 17:33:08,
norwegian_1,norwegian_NB-BERT,gemini25pro,amd,pca,0.614,2026-01-30 17:33:08,
norwegian_1,norwegian_NB-BERT,gemini25pro,amd_sym,pca,0.646,2026-01-30 17:33:08,
norwegian_1,norwegian_NB-BERT,gemini25pro,amd_opt_sym,pca,0.657,2026-01-30 17:33:08,
norwegian_1,norwegian_NB-BERT,gemini25pro,prt,def,0.405,2026-01-30 17:33:08,
norwegian_1,norwegian_NB-BERT,gemini25pro,apd,def,0.369,2026-01-30 17:33:08,
norwegian_1,norwegian_NB-BERT,gemini25pro,amd,def,0.617,2026-01-30 17:33:08,
norwegian_1,norwegian_NB-BERT,gemini25pro,amd_sym,def,0.513,2026-01-30 17:33:08,
norwegian_1,norwegian_NB-BERT,gemini25pro,amd_opt_sym,def,0.564,2026-01-30 17:33:08,
norwegian_1,norwegian_NB-BERT,gemini25pro,prt,rand,-0.185,2026-01-30 17:33:08,
norwegian_1,norwegian_NB-BERT,gemini25pro,apd,rand,-0.185,2026-01-30 17:33:08,
norwegian_1,norwegian_NB-BERT,gemini25pro,amd,rand,0.531,2026-01-30 17:33:08,
norwegian_1,norwegian_NB-BERT,gemini25pro,amd_sym,rand,0.554,2026-01-30 17:33:08,
norwegian_1,norwegian_NB-BERT,gemini25pro,amd_opt_sym,rand,0.516,2026-01-30 17:33:08,
norwegian_1,norwegian_NB-BERT,gemini25pro,hub_topshare_t2_to_t1,full,0.47241161616161625,2026-01-30 17:33:08,hubness_mean_over_words
norwegian_1,norwegian_NB-BERT,gemini25pro,hub_antihubshare_t1_wrt_t2,full,0.5815025252525252,2026-01-30 17:33:08,hubness_mean_over_words
norwegian_1,norwegian_NB-BERT,gemini25pro,hub_meanfanout_t1_wrt_t2,full,2.6019047886133193,2026-01-30 17:33:08,hubness_mean_over_words
norwegian_1,norwegian_NB-BERT,gemini25pro,hub_topshare_t1_to_t2,full,0.4510416666666666,2026-01-30 17:33:08,hubness_mean_over_words
norwegian_1,norwegian_NB-BERT,gemini25pro,hub_antihubshare_t2_wrt_t1,full,0.5627525252525252,2026-01-30 17:33:08,hubness_mean_over_words
norwegian_1,norwegian_NB-BERT,gemini25pro,hub_meanfanout_t2_wrt_t1,full,2.474196457862854,2026-01-30 17:33:08,hubness_mean_over_words
norwegian_1,norwegian_NB-BERT,gemini25pro,hub_topshare_t2_to_t1,pca,0.4071969696969697,2026-01-30 17:33:08,hubness_mean_over_words
norwegian_1,norwegian_NB-BERT,gemini25pro,hub_antihubshare_t1_wrt_t2,pca,0.5732638888888889,2026-01-30 17:33:08,hubness_mean_over_words
norwegian_1,norwegian_NB-BERT,gemini25pro,hub_meanfanout_t1_wrt_t2,pca,2.6501488357782366,2026-01-30 17:33:08,hubness_mean_over_words
norwegian_1,norwegian_NB-BERT,gemini25pro,hub_topshare_t1_to_t2,pca,0.43917297979797987,2026-01-30 17:33:08,hubness_mean_over_words
norwegian_1,norwegian_NB-BERT,gemini25pro,hub_antihubshare_t2_wrt_t1,pca,0.5536616161616161,2026-01-30 17:33:08,hubness_mean_over_words
norwegian_1,norwegian_NB-BERT,gemini25pro,hub_meanfanout_t2_wrt_t1,pca,2.4263988345861436,2026-01-30 17:33:08,hubness_mean_over_words
norwegian_1,norwegian_NB-BERT,gemini25pro,hub_topshare_t2_to_t1,def,0.42048611111111106,2026-01-30 17:33:08,hubness_mean_over_words
norwegian_1,norwegian_NB-BERT,gemini25pro,hub_antihubshare_t1_wrt_t2,def,0.5445707070707071,2026-01-30 17:33:08,hubness_mean_over_words
norwegian_1,norwegian_NB-BERT,gemini25pro,hub_meanfanout_t1_wrt_t2,def,2.4473512202501295,2026-01-30 17:33:08,hubness_mean_over_words
norwegian_1,norwegian_NB-BERT,gemini25pro,hub_topshare_t1_to_t2,def,0.4459911616161616,2026-01-30 17:33:08,hubness_mean_over_words
norwegian_1,norwegian_NB-BERT,gemini25pro,hub_antihubshare_t2_wrt_t1,def,0.5437184343434344,2026-01-30 17:33:08,hubness_mean_over_words
norwegian_1,norwegian_NB-BERT,gemini25pro,hub_meanfanout_t2_wrt_t1,def,2.3587797969579696,2026-01-30 17:33:08,hubness_mean_over_words
norwegian_1,norwegian_NB-BERT,gemini25pro,hub_topshare_t2_to_t1,rand,0.3831123737373737,2026-01-30 17:33:08,hubness_mean_over_words
norwegian_1,norwegian_NB-BERT,gemini25pro,hub_antihubshare_t1_wrt_t2,rand,0.49043560606060604,2026-01-30 17:33:08,hubness_mean_over_words
norwegian_1,norwegian_NB-BERT,gemini25pro,hub_meanfanout_t1_wrt_t2,rand,2.1249404937028884,2026-01-30 17:33:08,hubness_mean_over_words
norwegian_1,norwegian_NB-BERT,gemini25pro,hub_topshare_t1_to_t2,rand,0.34902146464646466,2026-01-30 17:33:08,hubness_mean_over_words
norwegian_1,norwegian_NB-BERT,gemini25pro,hub_antihubshare_t2_wrt_t1,rand,0.46805555555555556,2026-01-30 17:33:08,hubness_mean_over_words
norwegian_1,norwegian_NB-BERT,gemini25pro,hub_meanfanout_t2_wrt_t1,rand,2.012053591012955,2026-01-30 17:33:08,hubness_mean_over_words
norwegian_2,xll,gemini25pro,prt,full,0.532,2026-01-30 17:33:08,
norwegian_2,xll,gemini25pro,apd,full,0.634,2026-01-30 17:33:08,
norwegian_2,xll,gemini25pro,amd,full,0.607,2026-01-30 17:33:08,
norwegian_2,xll,gemini25pro,amd_sym,full,0.591,2026-01-30 17:33:08,
norwegian_2,xll,gemini25pro,amd_opt_sym,full,0.599,2026-01-30 17:33:08,
norwegian_2,xll,gemini25pro,prt,pca,-0.096,2026-01-30 17:33:08,
norwegian_2,xll,gemini25pro,apd,pca,0.235,2026-01-30 17:33:08,
norwegian_2,xll,gemini25pro,amd,pca,0.589,2026-01-30 17:33:08,
norwegian_2,xll,gemini25pro,amd_sym,pca,0.617,2026-01-30 17:33:08,
norwegian_2,xll,gemini25pro,amd_opt_sym,pca,0.633,2026-01-30 17:33:08,
norwegian_2,xll,gemini25pro,prt,def,0.562,2026-01-30 17:33:08,
norwegian_2,xll,gemini25pro,apd,def,0.558,2026-01-30 17:33:08,
norwegian_2,xll,gemini25pro,amd,def,0.611,2026-01-30 17:33:08,
norwegian_2,xll,gemini25pro,amd_sym,def,0.486,2026-01-30 17:33:08,
norwegian_2,xll,gemini25pro,amd_opt_sym,def,0.478,2026-01-30 17:33:08,
norwegian_2,xll,gemini25pro,prt,rand,0.491,2026-01-30 17:33:08,
norwegian_2,xll,gemini25pro,apd,rand,0.476,2026-01-30 17:33:08,
norwegian_2,xll,gemini25pro,amd,rand,0.609,2026-01-30 17:33:08,
norwegian_2,xll,gemini25pro,amd_sym,rand,0.603,2026-01-30 17:33:08,
norwegian_2,xll,gemini25pro,amd_opt_sym,rand,0.617,2026-01-30 17:33:08,
norwegian_2,xll,gemini25pro,hub_topshare_t2_to_t1,full,0.4213203463203463,2026-01-30 17:33:08,hubness_mean_over_words
norwegian_2,xll,gemini25pro,hub_antihubshare_t1_wrt_t2,full,0.5203463203463203,2026-01-30 17:33:08,hubness_mean_over_words
norwegian_2,xll,gemini25pro,hub_meanfanout_t1_wrt_t2,full,2.2545833557844164,2026-01-30 17:33:08,hubness_mean_over_words
norwegian_2,xll,gemini25pro,hub_topshare_t1_to_t2,full,0.4597763347763347,2026-01-30 17:33:08,hubness_mean_over_words
norwegian_2,xll,gemini25pro,hub_antihubshare_t2_wrt_t1,full,0.5617604617604618,2026-01-30 17:33:08,hubness_mean_over_words
norwegian_2,xll,gemini25pro,hub_meanfanout_t2_wrt_t1,full,2.4814285904169084,2026-01-30 17:33:08,hubness_mean_over_words
norwegian_2,xll,gemini25pro,hub_topshare_t2_to_t1,pca,0.4321789321789321,2026-01-30 17:33:08,hubness_mean_over_words
norwegian_2,xll,gemini25pro,hub_antihubshare_t1_wrt_t2,pca,0.5135281385281385,2026-01-30 17:33:08,hubness_mean_over_words
norwegian_2,xll,gemini25pro,hub_meanfanout_t1_wrt_t2,pca,2.36534723341465,2026-01-30 17:33:08,hubness_mean_over_words
norwegian_2,xll,gemini25pro,hub_topshare_t1_to_t2,pca,0.3935425685425685,2026-01-30 17:33:08,hubness_mean_over_words
norwegian_2,xll,gemini25pro,hub_antihubshare_t2_wrt_t1,pca,0.5135281385281385,2026-01-30 17:33:08,hubness_mean_over_words
norwegian_2,xll,gemini25pro,hub_meanfanout_t2_wrt_t1,pca,2.2795734345912932,2026-01-30 17:33:08,hubness_mean_over_words
norwegian_2,xll,gemini25pro,hub_topshare_t2_to_t1,def,0.42994227994227996,2026-01-30 17:33:08,hubness_mean_over_words
norwegian_2,xll,gemini25pro,hub_antihubshare_t1_wrt_t2,def,0.5284632034632034,2026-01-30 17:33:08,hubness_mean_over_words
norwegian_2,xll,gemini25pro,hub_meanfanout_t1_wrt_t2,def,2.721240097284317,2026-01-30 17:33:08,hubness_mean_over_words
norwegian_2,xll,gemini25pro,hub_topshare_t1_to_t2,def,0.4498917748917749,2026-01-30 17:33:08,hubness_mean_over_words
norwegian_2,xll,gemini25pro,hub_antihubshare_t2_wrt_t1,def,0.533982683982684,2026-01-30 17:33:08,hubness_mean_over_words
norwegian_2,xll,gemini25pro,hub_meanfanout_t2_wrt_t1,def,2.696220260858536,2026-01-30 17:33:08,hubness_mean_over_words
norwegian_2,xll,gemini25pro,hub_topshare_t2_to_t1,rand,0.4137085137085137,2026-01-30 17:33:08,hubness_mean_over_words
norwegian_2,xll,gemini25pro,hub_antihubshare_t1_wrt_t2,rand,0.49653679653679655,2026-01-30 17:33:08,hubness_mean_over_words
norwegian_2,xll,gemini25pro,hub_meanfanout_t1_wrt_t2,rand,2.330734148621559,2026-01-30 17:33:08,hubness_mean_over_words
norwegian_2,xll,gemini25pro,hub_topshare_t1_to_t2,rand,0.4322150072150072,2026-01-30 17:33:08,hubness_mean_over_words
norwegian_2,xll,gemini25pro,hub_antihubshare_t2_wrt_t1,rand,0.5296536796536797,2026-01-30 17:33:08,hubness_mean_over_words
norwegian_2,xll,gemini25pro,hub_meanfanout_t2_wrt_t1,rand,2.4979365289211275,2026-01-30 17:33:08,hubness_mean_over_words
norwegian_2,xlmr,gemini25pro,prt,full,0.218,2026-01-30 17:33:09,
norwegian_2,xlmr,gemini25pro,apd,full,0.373,2026-01-30 17:33:09,
norwegian_2,xlmr,gemini25pro,amd,full,0.377,2026-01-30 17:33:09,
norwegian_2,xlmr,gemini25pro,amd_sym,full,0.334,2026-01-30 17:33:09,
norwegian_2,xlmr,gemini25pro,amd_opt_sym,full,0.349,2026-01-30 17:33:09,
norwegian_2,xlmr,gemini25pro,prt,pca,0.091,2026-01-30 17:33:09,
norwegian_2,xlmr,gemini25pro,apd,pca,0.056,2026-01-30 17:33:09,
norwegian_2,xlmr,gemini25pro,amd,pca,0.452,2026-01-30 17:33:09,
norwegian_2,xlmr,gemini25pro,amd_sym,pca,0.461,2026-01-30 17:33:09,
norwegian_2,xlmr,gemini25pro,amd_opt_sym,pca,0.465,2026-01-30 17:33:09,
norwegian_2,xlmr,gemini25pro,prt,def,0.218,2026-01-30 17:33:09,
norwegian_2,xlmr,gemini25pro,apd,def,0.152,2026-01-30 17:33:09,
norwegian_2,xlmr,gemini25pro,amd,def,0.315,2026-01-30 17:33:09,
norwegian_2,xlmr,gemini25pro,amd_sym,def,0.224,2026-01-30 17:33:09,
norwegian_2,xlmr,gemini25pro,amd_opt_sym,def,0.207,2026-01-30 17:33:09,
norwegian_2,xlmr,gemini25pro,prt,rand,-0.085,2026-01-30 17:33:09,
norwegian_2,xlmr,gemini25pro,apd,rand,-0.218,2026-01-30 17:33:09,
norwegian_2,xlmr,gemini25pro,amd,rand,0.408,2026-01-30 17:33:09,
norwegian_2,xlmr,gemini25pro,amd_sym,rand,0.41,2026-01-30 17:33:09,
norwegian_2,xlmr,gemini25pro,amd_opt_sym,rand,0.393,2026-01-30 17:33:09,
norwegian_2,xlmr,gemini25pro,hub_topshare_t2_to_t1,full,0.4382756132756134,2026-01-30 17:33:09,hubness_mean_over_words
norwegian_2,xlmr,gemini25pro,hub_antihubshare_t1_wrt_t2,full,0.5627705627705628,2026-01-30 17:33:09,hubness_mean_over_words
norwegian_2,xlmr,gemini25pro,hub_meanfanout_t1_wrt_t2,full,2.3981547921895983,2026-01-30 17:33:09,hubness_mean_over_words
norwegian_2,xlmr,gemini25pro,hub_topshare_t1_to_t2,full,0.41028138528138525,2026-01-30 17:33:09,hubness_mean_over_words
norwegian_2,xlmr,gemini25pro,hub_antihubshare_t2_wrt_t1,full,0.519083694083694,2026-01-30 17:33:09,hubness_mean_over_words
norwegian_2,xlmr,gemini25pro,hub_meanfanout_t2_wrt_t1,full,2.2036012202501296,2026-01-30 17:33:09,hubness_mean_over_words
norwegian_2,xlmr,gemini25pro,hub_topshare_t2_to_t1,pca,0.3655122655122655,2026-01-30 17:33:09,hubness_mean_over_words
norwegian_2,xlmr,gemini25pro,hub_antihubshare_t1_wrt_t2,pca,0.5132756132756132,2026-01-30 17:33:09,hubness_mean_over_words
norwegian_2,xlmr,gemini25pro,hub_meanfanout_t1_wrt_t2,pca,2.249702399969101,2026-01-30 17:33:09,hubness_mean_over_words
norwegian_2,xlmr,gemini25pro,hub_topshare_t1_to_t2,pca,0.35494227994227995,2026-01-30 17:33:09,hubness_mean_over_words
norwegian_2,xlmr,gemini25pro,hub_antihubshare_t2_wrt_t1,pca,0.5036435786435787,2026-01-30 17:33:09,hubness_mean_over_words
norwegian_2,xlmr,gemini25pro,hub_meanfanout_t2_wrt_t1,pca,2.2033035933971403,2026-01-30 17:33:09,hubness_mean_over_words
norwegian_2,xlmr,gemini25pro,hub_topshare_t2_to_t1,def,0.3617243867243867,2026-01-30 17:33:09,hubness_mean_over_words
norwegian_2,xlmr,gemini25pro,hub_antihubshare_t1_wrt_t2,def,0.46677489177489173,2026-01-30 17:33:09,hubness_mean_over_words
norwegian_2,xlmr,gemini25pro,hub_meanfanout_t1_wrt_t2,def,2.1581547766923905,2026-01-30 17:33:09,hubness_mean_over_words
norwegian_2,xlmr,gemini25pro,hub_topshare_t1_to_t2,def,0.33852813852813857,2026-01-30 17:33:09,hubness_mean_over_words
norwegian_2,xlmr,gemini25pro,hub_antihubshare_t2_wrt_t1,def,0.4567099567099566,2026-01-30 17:33:09,hubness_mean_over_words
norwegian_2,xlmr,gemini25pro,hub_meanfanout_t2_wrt_t1,def,2.111736124753952,2026-01-30 17:33:09,hubness_mean_over_words
norwegian_2,xlmr,gemini25pro,hub_topshare_t2_to_t1,rand,0.346031746031746,2026-01-30 17:33:09,hubness_mean_over_words
norwegian_2,xlmr,gemini25pro,hub_antihubshare_t1_wrt_t2,rand,0.4806277056277056,2026-01-30 17:33:09,hubness_mean_over_words
norwegian_2,xlmr,gemini25pro,hub_meanfanout_t1_wrt_t2,rand,2.0896726340055465,2026-01-30 17:33:09,hubness_mean_over_words
norwegian_2,xlmr,gemini25pro,hub_topshare_t1_to_t2,rand,0.3533549783549783,2026-01-30 17:33:09,hubness_mean_over_words
norwegian_2,xlmr,gemini25pro,hub_antihubshare_t2_wrt_t1,rand,0.46601731601731605,2026-01-30 17:33:09,hubness_mean_over_words
norwegian_2,xlmr,gemini25pro,hub_meanfanout_t2_wrt_t1,rand,1.9972619265317917,2026-01-30 17:33:09,hubness_mean_over_words
norwegian_2,rembert,gemini25pro,prt,full,0.399,2026-01-30 17:33:09,
norwegian_2,rembert,gemini25pro,apd,full,0.354,2026-01-30 17:33:09,
norwegian_2,rembert,gemini25pro,amd,full,0.403,2026-01-30 17:33:09,
norwegian_2,rembert,gemini25pro,amd_sym,full,0.407,2026-01-30 17:33:09,
norwegian_2,rembert,gemini25pro,amd_opt_sym,full,0.42,2026-01-30 17:33:09,
norwegian_2,rembert,gemini25pro,prt,pca,-0.076,2026-01-30 17:33:09,
norwegian_2,rembert,gemini25pro,apd,pca,0.093,2026-01-30 17:33:09,
norwegian_2,rembert,gemini25pro,amd,pca,0.485,2026-01-30 17:33:09,
norwegian_2,rembert,gemini25pro,amd_sym,pca,0.51,2026-01-30 17:33:09,
norwegian_2,rembert,gemini25pro,amd_opt_sym,pca,0.49,2026-01-30 17:33:09,
norwegian_2,rembert,gemini25pro,prt,def,0.536,2026-01-30 17:33:09,
norwegian_2,rembert,gemini25pro,apd,def,0.304,2026-01-30 17:33:09,
norwegian_2,rembert,gemini25pro,amd,def,0.576,2026-01-30 17:33:09,
norwegian_2,rembert,gemini25pro,amd_sym,def,0.463,2026-01-30 17:33:09,
norwegian_2,rembert,gemini25pro,amd_opt_sym,def,0.497,2026-01-30 17:33:09,
norwegian_2,rembert,gemini25pro,prt,rand,0.121,2026-01-30 17:33:09,
norwegian_2,rembert,gemini25pro,apd,rand,0.105,2026-01-30 17:33:09,
norwegian_2,rembert,gemini25pro,amd,rand,0.382,2026-01-30 17:33:09,
norwegian_2,rembert,gemini25pro,amd_sym,rand,0.358,2026-01-30 17:33:09,
norwegian_2,rembert,gemini25pro,amd_opt_sym,rand,0.36,2026-01-30 17:33:09,
norwegian_2,rembert,gemini25pro,hub_topshare_t2_to_t1,full,0.48225108225108226,2026-01-30 17:33:09,hubness_mean_over_words
norwegian_2,rembert,gemini25pro,hub_antihubshare_t1_wrt_t2,full,0.5741341991341992,2026-01-30 17:33:09,hubness_mean_over_words
norwegian_2,rembert,gemini25pro,hub_meanfanout_t1_wrt_t2,full,2.570029780268669,2026-01-30 17:33:09,hubness_mean_over_words
norwegian_2,rembert,gemini25pro,hub_topshare_t1_to_t2,full,0.4688672438672438,2026-01-30 17:33:09,hubness_mean_over_words
norwegian_2,rembert,gemini25pro,hub_antihubshare_t2_wrt_t1,full,0.558008658008658,2026-01-30 17:33:09,hubness_mean_over_words
norwegian_2,rembert,gemini25pro,hub_meanfanout_t2_wrt_t1,full,2.4680655002593994,2026-01-30 17:33:09,hubness_mean_over_words
norwegian_2,rembert,gemini25pro,hub_topshare_t2_to_t1,pca,0.3905122655122655,2026-01-30 17:33:09,hubness_mean_over_words
norwegian_2,rembert,gemini25pro,hub_antihubshare_t1_wrt_t2,pca,0.5309523809523811,2026-01-30 17:33:09,hubness_mean_over_words
norwegian_2,rembert,gemini25pro,hub_meanfanout_t1_wrt_t2,pca,2.3143452554941177,2026-01-30 17:33:09,hubness_mean_over_words
norwegian_2,rembert,gemini25pro,hub_topshare_t1_to_t2,pca,0.35364357864357865,2026-01-30 17:33:09,hubness_mean_over_words
norwegian_2,rembert,gemini25pro,hub_antihubshare_t2_wrt_t1,pca,0.49783549783549785,2026-01-30 17:33:09,hubness_mean_over_words
norwegian_2,rembert,gemini25pro,hub_meanfanout_t2_wrt_t1,pca,2.1773214429616927,2026-01-30 17:33:09,hubness_mean_over_words
norwegian_2,rembert,gemini25pro,hub_topshare_t2_to_t1,def,0.41807359307359315,2026-01-30 17:33:09,hubness_mean_over_words
norwegian_2,rembert,gemini25pro,hub_antihubshare_t1_wrt_t2,def,0.5426046176046176,2026-01-30 17:33:09,hubness_mean_over_words
norwegian_2,rembert,gemini25pro,hub_meanfanout_t1_wrt_t2,def,2.4529762148857115,2026-01-30 17:33:09,hubness_mean_over_words
norwegian_2,rembert,gemini25pro,hub_topshare_t1_to_t2,def,0.3834776334776335,2026-01-30 17:33:09,hubness_mean_over_words
norwegian_2,rembert,gemini25pro,hub_antihubshare_t2_wrt_t1,def,0.49404761904761907,2026-01-30 17:33:09,hubness_mean_over_words
norwegian_2,rembert,gemini25pro,hub_meanfanout_t2_wrt_t1,def,2.272083353996277,2026-01-30 17:33:09,hubness_mean_over_words
norwegian_2,rembert,gemini25pro,hub_topshare_t2_to_t1,rand,0.3766955266955267,2026-01-30 17:33:09,hubness_mean_over_words
norwegian_2,rembert,gemini25pro,hub_antihubshare_t1_wrt_t2,rand,0.4923160173160174,2026-01-30 17:33:09,hubness_mean_over_words
norwegian_2,rembert,gemini25pro,hub_meanfanout_t1_wrt_t2,rand,2.242648831009865,2026-01-30 17:33:09,hubness_mean_over_words
norwegian_2,rembert,gemini25pro,hub_topshare_t1_to_t2,rand,0.4044733044733045,2026-01-30 17:33:09,hubness_mean_over_words
norwegian_2,rembert,gemini25pro,hub_antihubshare_t2_wrt_t1,rand,0.48629148629148633,2026-01-30 17:33:09,hubness_mean_over_words
norwegian_2,rembert,gemini25pro,hub_meanfanout_t2_wrt_t1,rand,2.257757955789566,2026-01-30 17:33:09,hubness_mean_over_words
norwegian_2,multilingual-e5,gemini25pro,prt,full,0.235,2026-01-30 17:33:09,
norwegian_2,multilingual-e5,gemini25pro,apd,full,0.228,2026-01-30 17:33:09,
norwegian_2,multilingual-e5,gemini25pro,amd,full,0.246,2026-01-30 17:33:09,
norwegian_2,multilingual-e5,gemini25pro,amd_sym,full,0.337,2026-01-30 17:33:09,
norwegian_2,multilingual-e5,gemini25pro,amd_opt_sym,full,0.314,2026-01-30 17:33:09,
norwegian_2,multilingual-e5,gemini25pro,prt,pca,0.134,2026-01-30 17:33:09,
norwegian_2,multilingual-e5,gemini25pro,apd,pca,-0.018,2026-01-30 17:33:09,
norwegian_2,multilingual-e5,gemini25pro,amd,pca,0.406,2026-01-30 17:33:09,
norwegian_2,multilingual-e5,gemini25pro,amd_sym,pca,0.388,2026-01-30 17:33:09,
norwegian_2,multilingual-e5,gemini25pro,amd_opt_sym,pca,0.388,2026-01-30 17:33:09,
norwegian_2,multilingual-e5,gemini25pro,prt,def,0.338,2026-01-30 17:33:09,
norwegian_2,multilingual-e5,gemini25pro,apd,def,0.578,2026-01-30 17:33:09,
norwegian_2,multilingual-e5,gemini25pro,amd,def,0.557,2026-01-30 17:33:09,
norwegian_2,multilingual-e5,gemini25pro,amd_sym,def,0.447,2026-01-30 17:33:09,
norwegian_2,multilingual-e5,gemini25pro,amd_opt_sym,def,0.407,2026-01-30 17:33:09,
norwegian_2,multilingual-e5,gemini25pro,prt,rand,0.222,2026-01-30 17:33:09,
norwegian_2,multilingual-e5,gemini25pro,apd,rand,-0.02,2026-01-30 17:33:09,
norwegian_2,multilingual-e5,gemini25pro,amd,rand,0.44,2026-01-30 17:33:09,
norwegian_2,multilingual-e5,gemini25pro,amd_sym,rand,0.451,2026-01-30 17:33:09,
norwegian_2,multilingual-e5,gemini25pro,amd_opt_sym,rand,0.469,2026-01-30 17:33:09,
norwegian_2,multilingual-e5,gemini25pro,hub_topshare_t2_to_t1,full,0.4091630591630592,2026-01-30 17:33:09,hubness_mean_over_words
norwegian_2,multilingual-e5,gemini25pro,hub_antihubshare_t1_wrt_t2,full,0.5036435786435787,2026-01-30 17:33:09,hubness_mean_over_words
norwegian_2,multilingual-e5,gemini25pro,hub_meanfanout_t1_wrt_t2,full,2.143392878770828,2026-01-30 17:33:09,hubness_mean_over_words
norwegian_2,multilingual-e5,gemini25pro,hub_topshare_t1_to_t2,full,0.47359307359307357,2026-01-30 17:33:09,hubness_mean_over_words
norwegian_2,multilingual-e5,gemini25pro,hub_antihubshare_t2_wrt_t1,full,0.5945526695526695,2026-01-30 17:33:09,hubness_mean_over_words
norwegian_2,multilingual-e5,gemini25pro,hub_meanfanout_t2_wrt_t1,full,2.7019047886133194,2026-01-30 17:33:09,hubness_mean_over_words
norwegian_2,multilingual-e5,gemini25pro,hub_topshare_t2_to_t1,pca,0.35818903318903317,2026-01-30 17:33:09,hubness_mean_over_words
norwegian_2,multilingual-e5,gemini25pro,hub_antihubshare_t1_wrt_t2,pca,0.49603174603174605,2026-01-30 17:33:09,hubness_mean_over_words
norwegian_2,multilingual-e5,gemini25pro,hub_meanfanout_t1_wrt_t2,pca,2.2783730417490005,2026-01-30 17:33:09,hubness_mean_over_words
norwegian_2,multilingual-e5,gemini25pro,hub_topshare_t1_to_t2,pca,0.3655122655122655,2026-01-30 17:33:09,hubness_mean_over_words
norwegian_2,multilingual-e5,gemini25pro,hub_antihubshare_t2_wrt_t1,pca,0.5104978354978356,2026-01-30 17:33:09,hubness_mean_over_words
norwegian_2,multilingual-e5,gemini25pro,hub_meanfanout_t2_wrt_t1,pca,2.279642876982689,2026-01-30 17:33:09,hubness_mean_over_words
norwegian_2,multilingual-e5,gemini25pro,hub_topshare_t2_to_t1,def,0.5809523809523809,2026-01-30 17:33:09,hubness_mean_over_words
norwegian_2,multilingual-e5,gemini25pro,hub_antihubshare_t1_wrt_t2,def,0.6713924963924963,2026-01-30 17:33:09,hubness_mean_over_words
norwegian_2,multilingual-e5,gemini25pro,hub_meanfanout_t1_wrt_t2,def,3.504583364725113,2026-01-30 17:33:09,hubness_mean_over_words
norwegian_2,multilingual-e5,gemini25pro,hub_topshare_t1_to_t2,def,0.4989177489177489,2026-01-30 17:33:09,hubness_mean_over_words
norwegian_2,multilingual-e5,gemini25pro,hub_antihubshare_t2_wrt_t1,def,0.5935786435786436,2026-01-30 17:33:09,hubness_mean_over_words
norwegian_2,multilingual-e5,gemini25pro,hub_meanfanout_t2_wrt_t1,def,3.0659127205610277,2026-01-30 17:33:09,hubness_mean_over_words
norwegian_2,multilingual-e5,gemini25pro,hub_topshare_t2_to_t1,rand,0.3281385281385282,2026-01-30 17:33:09,hubness_mean_over_words
norwegian_2,multilingual-e5,gemini25pro,hub_antihubshare_t1_wrt_t2,rand,0.4213203463203463,2026-01-30 17:33:09,hubness_mean_over_words
norwegian_2,multilingual-e5,gemini25pro,hub_meanfanout_t1_wrt_t2,rand,1.9873710423707962,2026-01-30 17:33:09,hubness_mean_over_words
norwegian_2,multilingual-e5,gemini25pro,hub_topshare_t1_to_t2,rand,0.3372294372294372,2026-01-30 17:33:09,hubness_mean_over_words
norwegian_2,multilingual-e5,gemini25pro,hub_antihubshare_t2_wrt_t1,rand,0.44632034632034634,2026-01-30 17:33:09,hubness_mean_over_words
norwegian_2,multilingual-e5,gemini25pro,hub_meanfanout_t2_wrt_t1,rand,2.0812202483415603,2026-01-30 17:33:09,hubness_mean_over_words
norwegian_2,mmbert,gemini25pro,prt,full,0.299,2026-01-30 17:33:10,
norwegian_2,mmbert,gemini25pro,apd,full,0.405,2026-01-30 17:33:10,
norwegian_2,mmbert,gemini25pro,amd,full,0.42,2026-01-30 17:33:10,
norwegian_2,mmbert,gemini25pro,amd_sym,full,0.378,2026-01-30 17:33:10,
norwegian_2,mmbert,gemini25pro,amd_opt_sym,full,0.44,2026-01-30 17:33:10,
norwegian_2,mmbert,gemini25pro,prt,pca,0.147,2026-01-30 17:33:10,
norwegian_2,mmbert,gemini25pro,apd,pca,0.018,2026-01-30 17:33:10,
norwegian_2,mmbert,gemini25pro,amd,pca,0.406,2026-01-30 17:33:10,
norwegian_2,mmbert,gemini25pro,amd_sym,pca,0.472,2026-01-30 17:33:10,
norwegian_2,mmbert,gemini25pro,amd_opt_sym,pca,0.434,2026-01-30 17:33:10,
norwegian_2,mmbert,gemini25pro,prt,def,0.469,2026-01-30 17:33:10,
norwegian_2,mmbert,gemini25pro,apd,def,0.581,2026-01-30 17:33:10,
norwegian_2,mmbert,gemini25pro,amd,def,0.503,2026-01-30 17:33:10,
norwegian_2,mmbert,gemini25pro,amd_sym,def,0.395,2026-01-30 17:33:10,
norwegian_2,mmbert,gemini25pro,amd_opt_sym,def,0.323,2026-01-30 17:33:10,
norwegian_2,mmbert,gemini25pro,prt,rand,0.336,2026-01-30 17:33:10,
norwegian_2,mmbert,gemini25pro,apd,rand,-0.093,2026-01-30 17:33:10,
norwegian_2,mmbert,gemini25pro,amd,rand,0.497,2026-01-30 17:33:10,
norwegian_2,mmbert,gemini25pro,amd_sym,rand,0.473,2026-01-30 17:33:10,
norwegian_2,mmbert,gemini25pro,amd_opt_sym,rand,0.468,2026-01-30 17:33:10,
norwegian_2,mmbert,gemini25pro,hub_topshare_t2_to_t1,full,0.5072510822510823,2026-01-30 17:33:10,hubness_mean_over_words
norwegian_2,mmbert,gemini25pro,hub_antihubshare_t1_wrt_t2,full,0.6032106782106782,2026-01-30 17:33:10,hubness_mean_over_words
norwegian_2,mmbert,gemini25pro,hub_meanfanout_t1_wrt_t2,full,2.7974404960870745,2026-01-30 17:33:10,hubness_mean_over_words
norwegian_2,mmbert,gemini25pro,hub_topshare_t1_to_t2,full,0.4545093795093795,2026-01-30 17:33:10,hubness_mean_over_words
norwegian_2,mmbert,gemini25pro,hub_antihubshare_t2_wrt_t1,full,0.5777056277056276,2026-01-30 17:33:10,hubness_mean_over_words
norwegian_2,mmbert,gemini25pro,hub_meanfanout_t2_wrt_t1,full,2.532410740852356,2026-01-30 17:33:10,hubness_mean_over_words
norwegian_2,mmbert,gemini25pro,hub_topshare_t2_to_t1,pca,0.3904761904761905,2026-01-30 17:33:10,hubness_mean_over_words
norwegian_2,mmbert,gemini25pro,hub_antihubshare_t1_wrt_t2,pca,0.5233044733044733,2026-01-30 17:33:10,hubness_mean_over_words
norwegian_2,mmbert,gemini25pro,hub_meanfanout_t1_wrt_t2,pca,2.2558928787708283,2026-01-30 17:33:10,hubness_mean_over_words
norwegian_2,mmbert,gemini25pro,hub_topshare_t1_to_t2,pca,0.3412698412698413,2026-01-30 17:33:10,hubness_mean_over_words
norwegian_2,mmbert,gemini25pro,hub_antihubshare_t2_wrt_t1,pca,0.5054112554112554,2026-01-30 17:33:10,hubness_mean_over_words
norwegian_2,mmbert,gemini25pro,hub_meanfanout_t2_wrt_t1,pca,2.193184548616409,2026-01-30 17:33:10,hubness_mean_over_words
norwegian_2,mmbert,gemini25pro,hub_topshare_t2_to_t1,def,0.4145021645021645,2026-01-30 17:33:10,hubness_mean_over_words
norwegian_2,mmbert,gemini25pro,hub_antihubshare_t1_wrt_t2,def,0.5281385281385281,2026-01-30 17:33:10,hubness_mean_over_words
norwegian_2,mmbert,gemini25pro,hub_meanfanout_t1_wrt_t2,def,2.4629464566707613,2026-01-30 17:33:10,hubness_mean_over_words
norwegian_2,mmbert,gemini25pro,hub_topshare_t1_to_t2,def,0.388997113997114,2026-01-30 17:33:10,hubness_mean_over_words
norwegian_2,mmbert,gemini25pro,hub_antihubshare_t2_wrt_t1,def,0.5071789321789322,2026-01-30 17:33:10,hubness_mean_over_words
norwegian_2,mmbert,gemini25pro,hub_meanfanout_t2_wrt_t1,def,2.419613116979599,2026-01-30 17:33:10,hubness_mean_over_words
norwegian_2,mmbert,gemini25pro,hub_topshare_t2_to_t1,rand,0.383982683982684,2026-01-30 17:33:10,hubness_mean_over_words
norwegian_2,mmbert,gemini25pro,hub_antihubshare_t1_wrt_t2,rand,0.49505772005772003,2026-01-30 17:33:10,hubness_mean_over_words
norwegian_2,mmbert,gemini25pro,hub_meanfanout_t1_wrt_t2,rand,2.282648828625679,2026-01-30 17:33:10,hubness_mean_over_words
norwegian_2,mmbert,gemini25pro,hub_topshare_t1_to_t2,rand,0.40638528138528135,2026-01-30 17:33:10,hubness_mean_over_words
norwegian_2,mmbert,gemini25pro,hub_antihubshare_t2_wrt_t1,rand,0.49404761904761896,2026-01-30 17:33:10,hubness_mean_over_words
norwegian_2,mmbert,gemini25pro,hub_meanfanout_t2_wrt_t1,rand,2.243601217865944,2026-01-30 17:33:10,hubness_mean_over_words
norwegian_2,norwegian_NB-BERT,gemini25pro,prt,full,0.321,2026-01-30 17:33:10,
norwegian_2,norwegian_NB-BERT,gemini25pro,apd,full,0.465,2026-01-30 17:33:10,
norwegian_2,norwegian_NB-BERT,gemini25pro,amd,full,0.254,2026-01-30 17:33:10,
norwegian_2,norwegian_NB-BERT,gemini25pro,amd_sym,full,0.355,2026-01-30 17:33:10,
norwegian_2,norwegian_NB-BERT,gemini25pro,amd_opt_sym,full,0.329,2026-01-30 17:33:10,
norwegian_2,norwegian_NB-BERT,gemini25pro,prt,pca,0.096,2026-01-30 17:33:10,
norwegian_2,norwegian_NB-BERT,gemini25pro,apd,pca,-0.141,2026-01-30 17:33:10,
norwegian_2,norwegian_NB-BERT,gemini25pro,amd,pca,0.41,2026-01-30 17:33:10,
norwegian_2,norwegian_NB-BERT,gemini25pro,amd_sym,pca,0.428,2026-01-30 17:33:10,
norwegian_2,norwegian_NB-BERT,gemini25pro,amd_opt_sym,pca,0.452,2026-01-30 17:33:10,
norwegian_2,norwegian_NB-BERT,gemini25pro,prt,def,0.427,2026-01-30 17:33:10,
norwegian_2,norwegian_NB-BERT,gemini25pro,apd,def,0.429,2026-01-30 17:33:10,
norwegian_2,norwegian_NB-BERT,gemini25pro,amd,def,0.47,2026-01-30 17:33:10,
norwegian_2,norwegian_NB-BERT,gemini25pro,amd_sym,def,0.436,2026-01-30 17:33:10,
norwegian_2,norwegian_NB-BERT,gemini25pro,amd_opt_sym,def,0.434,2026-01-30 17:33:10,
norwegian_2,norwegian_NB-BERT,gemini25pro,prt,rand,0.039,2026-01-30 17:33:10,
norwegian_2,norwegian_NB-BERT,gemini25pro,apd,rand,0.112,2026-01-30 17:33:10,
norwegian_2,norwegian_NB-BERT,gemini25pro,amd,rand,0.412,2026-01-30 17:33:10,
norwegian_2,norwegian_NB-BERT,gemini25pro,amd_sym,rand,0.391,2026-01-30 17:33:10,
norwegian_2,norwegian_NB-BERT,gemini25pro,amd_opt_sym,rand,0.409,2026-01-30 17:33:10,
norwegian_2,norwegian_NB-BERT,gemini25pro,hub_topshare_t2_to_t1,full,0.5031385281385281,2026-01-30 17:33:10,hubness_mean_over_words
norwegian_2,norwegian_NB-BERT,gemini25pro,hub_antihubshare_t1_wrt_t2,full,0.6064213564213563,2026-01-30 17:33:10,hubness_mean_over_words
norwegian_2,norwegian_NB-BERT,gemini25pro,hub_meanfanout_t1_wrt_t2,full,2.7491667002439497,2026-01-30 17:33:10,hubness_mean_over_words
norwegian_2,norwegian_NB-BERT,gemini25pro,hub_topshare_t1_to_t2,full,0.4562409812409812,2026-01-30 17:33:10,hubness_mean_over_words
norwegian_2,norwegian_NB-BERT,gemini25pro,hub_antihubshare_t2_wrt_t1,full,0.5676046176046177,2026-01-30 17:33:10,hubness_mean_over_words
norwegian_2,norwegian_NB-BERT,gemini25pro,hub_meanfanout_t2_wrt_t1,full,2.4477381259202957,2026-01-30 17:33:10,hubness_mean_over_words
norwegian_2,norwegian_NB-BERT,gemini25pro,hub_topshare_t2_to_t1,pca,0.4132034632034632,2026-01-30 17:33:10,hubness_mean_over_words
norwegian_2,norwegian_NB-BERT,gemini25pro,hub_antihubshare_t1_wrt_t2,pca,0.565981240981241,2026-01-30 17:33:10,hubness_mean_over_words
norwegian_2,norwegian_NB-BERT,gemini25pro,hub_meanfanout_t1_wrt_t2,pca,2.5513988345861436,2026-01-30 17:33:10,hubness_mean_over_words
norwegian_2,norwegian_NB-BERT,gemini25pro,hub_topshare_t1_to_t2,pca,0.39761904761904754,2026-01-30 17:33:10,hubness_mean_over_words
norwegian_2,norwegian_NB-BERT,gemini25pro,hub_antihubshare_t2_wrt_t1,pca,0.5617604617604617,2026-01-30 17:33:10,hubness_mean_over_words
norwegian_2,norwegian_NB-BERT,gemini25pro,hub_meanfanout_t2_wrt_t1,pca,2.503799632191658,2026-01-30 17:33:10,hubness_mean_over_words
norwegian_2,norwegian_NB-BERT,gemini25pro,hub_topshare_t2_to_t1,def,0.42233044733044733,2026-01-30 17:33:10,hubness_mean_over_words
norwegian_2,norwegian_NB-BERT,gemini25pro,hub_antihubshare_t1_wrt_t2,def,0.5223304473304473,2026-01-30 17:33:10,hubness_mean_over_words
norwegian_2,norwegian_NB-BERT,gemini25pro,hub_meanfanout_t1_wrt_t2,def,2.3947222411632536,2026-01-30 17:33:10,hubness_mean_over_words
norwegian_2,norwegian_NB-BERT,gemini25pro,hub_topshare_t1_to_t2,def,0.393073593073593,2026-01-30 17:33:10,hubness_mean_over_words
norwegian_2,norwegian_NB-BERT,gemini25pro,hub_antihubshare_t2_wrt_t1,def,0.514033189033189,2026-01-30 17:33:10,hubness_mean_over_words
norwegian_2,norwegian_NB-BERT,gemini25pro,hub_meanfanout_t2_wrt_t1,def,2.3951091438531877,2026-01-30 17:33:10,hubness_mean_over_words
norwegian_2,norwegian_NB-BERT,gemini25pro,hub_topshare_t2_to_t1,rand,0.3804112554112554,2026-01-30 17:33:10,hubness_mean_over_words
norwegian_2,norwegian_NB-BERT,gemini25pro,hub_antihubshare_t1_wrt_t2,rand,0.490007215007215,2026-01-30 17:33:10,hubness_mean_over_words
norwegian_2,norwegian_NB-BERT,gemini25pro,hub_meanfanout_t1_wrt_t2,rand,2.1818055689334868,2026-01-30 17:33:10,hubness_mean_over_words
norwegian_2,norwegian_NB-BERT,gemini25pro,hub_topshare_t1_to_t2,rand,0.3859307359307359,2026-01-30 17:33:10,hubness_mean_over_words
norwegian_2,norwegian_NB-BERT,gemini25pro,hub_antihubshare_t2_wrt_t1,rand,0.4882034632034632,2026-01-30 17:33:10,hubness_mean_over_words
norwegian_2,norwegian_NB-BERT,gemini25pro,hub_meanfanout_t2_wrt_t1,rand,2.23496033847332,2026-01-30 17:33:10,hubness_mean_over_words
