language,encoder,definition_gen_model,metric,space,spearman,timestamp,other
english,xll,gemini25pro,prt,full,0.482,2026-01-29 14:02:59,
english,xll,gemini25pro,apd,full,0.781,2026-01-29 14:02:59,
english,xll,gemini25pro,amd,full,0.638,2026-01-29 14:02:59,
english,xll,gemini25pro,amd_sym,full,0.7,2026-01-29 14:02:59,
english,xll,gemini25pro,amd_opt_sym,full,0.711,2026-01-29 14:02:59,
english,xll,gemini25pro,prt,pca,0.032,2026-01-29 14:02:59,
english,xll,gemini25pro,apd,pca,0.228,2026-01-29 14:02:59,
english,xll,gemini25pro,amd,pca,0.636,2026-01-29 14:02:59,
english,xll,gemini25pro,amd_sym,pca,0.695,2026-01-29 14:02:59,
english,xll,gemini25pro,amd_opt_sym,pca,0.696,2026-01-29 14:02:59,
english,xll,gemini25pro,prt,def,0.475,2026-01-29 14:02:59,
english,xll,gemini25pro,apd,def,0.584,2026-01-29 14:02:59,
english,xll,gemini25pro,amd,def,0.679,2026-01-29 14:02:59,
english,xll,gemini25pro,amd_sym,def,0.605,2026-01-29 14:02:59,
english,xll,gemini25pro,amd_opt_sym,def,0.597,2026-01-29 14:02:59,
english,xlmr,gemini25pro,prt,full,0.303,2026-01-29 14:03:08,
english,xlmr,gemini25pro,apd,full,0.517,2026-01-29 14:03:08,
english,xlmr,gemini25pro,amd,full,0.534,2026-01-29 14:03:08,
english,xlmr,gemini25pro,amd_sym,full,0.507,2026-01-29 14:03:08,
english,xlmr,gemini25pro,amd_opt_sym,full,0.5,2026-01-29 14:03:08,
english,xlmr,gemini25pro,prt,pca,0.185,2026-01-29 14:03:08,
english,xlmr,gemini25pro,apd,pca,0.126,2026-01-29 14:03:08,
english,xlmr,gemini25pro,amd,pca,0.535,2026-01-29 14:03:08,
english,xlmr,gemini25pro,amd_sym,pca,0.48,2026-01-29 14:03:08,
english,xlmr,gemini25pro,amd_opt_sym,pca,0.484,2026-01-29 14:03:08,
english,xlmr,gemini25pro,prt,def,0.003,2026-01-29 14:03:08,
english,xlmr,gemini25pro,apd,def,-0.12,2026-01-29 14:03:08,
english,xlmr,gemini25pro,amd,def,0.399,2026-01-29 14:03:08,
english,xlmr,gemini25pro,amd_sym,def,0.357,2026-01-29 14:03:08,
english,xlmr,gemini25pro,amd_opt_sym,def,0.344,2026-01-29 14:03:08,
english,rembert,gemini25pro,prt,full,0.296,2026-01-29 14:03:18,
english,rembert,gemini25pro,apd,full,0.41,2026-01-29 14:03:18,
english,rembert,gemini25pro,amd,full,0.33,2026-01-29 14:03:18,
english,rembert,gemini25pro,amd_sym,full,0.333,2026-01-29 14:03:18,
english,rembert,gemini25pro,amd_opt_sym,full,0.344,2026-01-29 14:03:18,
english,rembert,gemini25pro,prt,pca,0.175,2026-01-29 14:03:18,
english,rembert,gemini25pro,apd,pca,0.059,2026-01-29 14:03:18,
english,rembert,gemini25pro,amd,pca,0.493,2026-01-29 14:03:18,
english,rembert,gemini25pro,amd_sym,pca,0.484,2026-01-29 14:03:18,
english,rembert,gemini25pro,amd_opt_sym,pca,0.494,2026-01-29 14:03:18,
english,rembert,gemini25pro,prt,def,0.275,2026-01-29 14:03:18,
english,rembert,gemini25pro,apd,def,0.325,2026-01-29 14:03:18,
english,rembert,gemini25pro,amd,def,0.583,2026-01-29 14:03:18,
english,rembert,gemini25pro,amd_sym,def,0.548,2026-01-29 14:03:18,
english,rembert,gemini25pro,amd_opt_sym,def,0.555,2026-01-29 14:03:18,
english,multilingual-e5,gemini25pro,prt,full,0.272,2026-01-29 14:03:27,
english,multilingual-e5,gemini25pro,apd,full,0.324,2026-01-29 14:03:27,
english,multilingual-e5,gemini25pro,amd,full,0.32,2026-01-29 14:03:27,
english,multilingual-e5,gemini25pro,amd_sym,full,0.314,2026-01-29 14:03:27,
english,multilingual-e5,gemini25pro,amd_opt_sym,full,0.317,2026-01-29 14:03:27,
english,multilingual-e5,gemini25pro,prt,pca,0.23,2026-01-29 14:03:27,
english,multilingual-e5,gemini25pro,apd,pca,0.053,2026-01-29 14:03:27,
english,multilingual-e5,gemini25pro,amd,pca,0.473,2026-01-29 14:03:27,
english,multilingual-e5,gemini25pro,amd_sym,pca,0.511,2026-01-29 14:03:27,
english,multilingual-e5,gemini25pro,amd_opt_sym,pca,0.499,2026-01-29 14:03:27,
english,multilingual-e5,gemini25pro,prt,def,0.09,2026-01-29 14:03:27,
english,multilingual-e5,gemini25pro,apd,def,0.327,2026-01-29 14:03:27,
english,multilingual-e5,gemini25pro,amd,def,0.272,2026-01-29 14:03:27,
english,multilingual-e5,gemini25pro,amd_sym,def,0.243,2026-01-29 14:03:27,
english,multilingual-e5,gemini25pro,amd_opt_sym,def,0.217,2026-01-29 14:03:27,
english,mmbert,gemini25pro,prt,full,0.194,2026-01-29 14:03:35,
english,mmbert,gemini25pro,apd,full,0.531,2026-01-29 14:03:35,
english,mmbert,gemini25pro,amd,full,0.421,2026-01-29 14:03:35,
english,mmbert,gemini25pro,amd_sym,full,0.364,2026-01-29 14:03:35,
english,mmbert,gemini25pro,amd_opt_sym,full,0.374,2026-01-29 14:03:35,
english,mmbert,gemini25pro,prt,pca,-0.041,2026-01-29 14:03:35,
english,mmbert,gemini25pro,apd,pca,-0.092,2026-01-29 14:03:35,
english,mmbert,gemini25pro,amd,pca,0.532,2026-01-29 14:03:35,
english,mmbert,gemini25pro,amd_sym,pca,0.496,2026-01-29 14:03:35,
english,mmbert,gemini25pro,amd_opt_sym,pca,0.513,2026-01-29 14:03:35,
english,mmbert,gemini25pro,prt,def,0.008,2026-01-29 14:03:35,
english,mmbert,gemini25pro,apd,def,0.163,2026-01-29 14:03:35,
english,mmbert,gemini25pro,amd,def,0.509,2026-01-29 14:03:35,
english,mmbert,gemini25pro,amd_sym,def,0.511,2026-01-29 14:03:35,
english,mmbert,gemini25pro,amd_opt_sym,def,0.511,2026-01-29 14:03:35,
english,en,gemini25pro,prt,full,0.535,2026-01-29 14:03:43,
english,en,gemini25pro,apd,full,0.772,2026-01-29 14:03:43,
english,en,gemini25pro,amd,full,0.71,2026-01-29 14:03:43,
english,en,gemini25pro,amd_sym,full,0.717,2026-01-29 14:03:43,
english,en,gemini25pro,amd_opt_sym,full,0.72,2026-01-29 14:03:43,
english,en,gemini25pro,prt,pca,0.127,2026-01-29 14:03:43,
english,en,gemini25pro,apd,pca,0.224,2026-01-29 14:03:43,
english,en,gemini25pro,amd,pca,0.665,2026-01-29 14:03:43,
english,en,gemini25pro,amd_sym,pca,0.683,2026-01-29 14:03:43,
english,en,gemini25pro,amd_opt_sym,pca,0.696,2026-01-29 14:03:43,
english,en,gemini25pro,prt,def,0.28,2026-01-29 14:03:43,
english,en,gemini25pro,apd,def,0.282,2026-01-29 14:03:43,
english,en,gemini25pro,amd,def,0.645,2026-01-29 14:03:43,
english,en,gemini25pro,amd_sym,def,0.621,2026-01-29 14:03:43,
english,en,gemini25pro,amd_opt_sym,def,0.612,2026-01-29 14:03:43,
english,roberta,gemini25pro,prt,full,0.139,2026-01-29 14:03:53,
english,roberta,gemini25pro,apd,full,0.389,2026-01-29 14:03:53,
english,roberta,gemini25pro,amd,full,0.414,2026-01-29 14:03:53,
english,roberta,gemini25pro,amd_sym,full,0.308,2026-01-29 14:03:53,
english,roberta,gemini25pro,amd_opt_sym,full,0.355,2026-01-29 14:03:53,
english,roberta,gemini25pro,prt,pca,-0.201,2026-01-29 14:03:53,
english,roberta,gemini25pro,apd,pca,-0.034,2026-01-29 14:03:53,
english,roberta,gemini25pro,amd,pca,0.493,2026-01-29 14:03:53,
english,roberta,gemini25pro,amd_sym,pca,0.439,2026-01-29 14:03:53,
english,roberta,gemini25pro,amd_opt_sym,pca,0.41,2026-01-29 14:03:53,
english,roberta,gemini25pro,prt,def,0.262,2026-01-29 14:03:53,
english,roberta,gemini25pro,apd,def,0.444,2026-01-29 14:03:53,
english,roberta,gemini25pro,amd,def,0.564,2026-01-29 14:03:53,
english,roberta,gemini25pro,amd_sym,def,0.346,2026-01-29 14:03:53,
english,roberta,gemini25pro,amd_opt_sym,def,0.313,2026-01-29 14:03:53,
german,xll,gemini25pro,prt,full,0.881,2026-01-29 14:04:02,
german,xll,gemini25pro,apd,full,0.873,2026-01-29 14:04:02,
german,xll,gemini25pro,amd,full,0.804,2026-01-29 14:04:02,
german,xll,gemini25pro,amd_sym,full,0.903,2026-01-29 14:04:02,
german,xll,gemini25pro,amd_opt_sym,full,0.909,2026-01-29 14:04:02,
german,xll,gemini25pro,prt,pca,-0.041,2026-01-29 14:04:02,
german,xll,gemini25pro,apd,pca,0.661,2026-01-29 14:04:02,
german,xll,gemini25pro,amd,pca,0.81,2026-01-29 14:04:02,
german,xll,gemini25pro,amd_sym,pca,0.888,2026-01-29 14:04:02,
german,xll,gemini25pro,amd_opt_sym,pca,0.883,2026-01-29 14:04:02,
german,xll,gemini25pro,prt,def,0.862,2026-01-29 14:04:02,
german,xll,gemini25pro,apd,def,0.826,2026-01-29 14:04:02,
german,xll,gemini25pro,amd,def,0.906,2026-01-29 14:04:02,
german,xll,gemini25pro,amd_sym,def,0.773,2026-01-29 14:04:02,
german,xll,gemini25pro,amd_opt_sym,def,0.757,2026-01-29 14:04:02,
german,xlmr,gemini25pro,prt,full,0.493,2026-01-29 14:04:10,
german,xlmr,gemini25pro,apd,full,0.372,2026-01-29 14:04:10,
german,xlmr,gemini25pro,amd,full,0.445,2026-01-29 14:04:10,
german,xlmr,gemini25pro,amd_sym,full,0.394,2026-01-29 14:04:10,
german,xlmr,gemini25pro,amd_opt_sym,full,0.452,2026-01-29 14:04:10,
german,xlmr,gemini25pro,prt,pca,0.395,2026-01-29 14:04:10,
german,xlmr,gemini25pro,apd,pca,0.414,2026-01-29 14:04:10,
german,xlmr,gemini25pro,amd,pca,0.558,2026-01-29 14:04:10,
german,xlmr,gemini25pro,amd_sym,pca,0.664,2026-01-29 14:04:10,
german,xlmr,gemini25pro,amd_opt_sym,pca,0.692,2026-01-29 14:04:10,
german,xlmr,gemini25pro,prt,def,0.609,2026-01-29 14:04:10,
german,xlmr,gemini25pro,apd,def,0.491,2026-01-29 14:04:10,
german,xlmr,gemini25pro,amd,def,0.545,2026-01-29 14:04:10,
german,xlmr,gemini25pro,amd_sym,def,0.52,2026-01-29 14:04:10,
german,xlmr,gemini25pro,amd_opt_sym,def,0.456,2026-01-29 14:04:10,
german,rembert,gemini25pro,prt,full,0.527,2026-01-29 14:04:16,
german,rembert,gemini25pro,apd,full,0.403,2026-01-29 14:04:16,
german,rembert,gemini25pro,amd,full,0.406,2026-01-29 14:04:16,
german,rembert,gemini25pro,amd_sym,full,0.529,2026-01-29 14:04:16,
german,rembert,gemini25pro,amd_opt_sym,full,0.542,2026-01-29 14:04:16,
german,rembert,gemini25pro,prt,pca,-0.135,2026-01-29 14:04:16,
german,rembert,gemini25pro,apd,pca,0.343,2026-01-29 14:04:16,
german,rembert,gemini25pro,amd,pca,0.547,2026-01-29 14:04:16,
german,rembert,gemini25pro,amd_sym,pca,0.631,2026-01-29 14:04:16,
german,rembert,gemini25pro,amd_opt_sym,pca,0.63,2026-01-29 14:04:16,
german,rembert,gemini25pro,prt,def,0.629,2026-01-29 14:04:16,
german,rembert,gemini25pro,apd,def,0.31,2026-01-29 14:04:16,
german,rembert,gemini25pro,amd,def,0.555,2026-01-29 14:04:16,
german,rembert,gemini25pro,amd_sym,def,0.496,2026-01-29 14:04:16,
german,rembert,gemini25pro,amd_opt_sym,def,0.445,2026-01-29 14:04:16,
german,multilingual-e5,gemini25pro,prt,full,0.519,2026-01-29 14:04:21,
german,multilingual-e5,gemini25pro,apd,full,0.452,2026-01-29 14:04:21,
german,multilingual-e5,gemini25pro,amd,full,0.421,2026-01-29 14:04:21,
german,multilingual-e5,gemini25pro,amd_sym,full,0.539,2026-01-29 14:04:21,
german,multilingual-e5,gemini25pro,amd_opt_sym,full,0.532,2026-01-29 14:04:21,
german,multilingual-e5,gemini25pro,prt,pca,0.491,2026-01-29 14:04:21,
german,multilingual-e5,gemini25pro,apd,pca,0.368,2026-01-29 14:04:21,
german,multilingual-e5,gemini25pro,amd,pca,0.644,2026-01-29 14:04:21,
german,multilingual-e5,gemini25pro,amd_sym,pca,0.717,2026-01-29 14:04:21,
german,multilingual-e5,gemini25pro,amd_opt_sym,pca,0.707,2026-01-29 14:04:21,
german,multilingual-e5,gemini25pro,prt,def,-0.011,2026-01-29 14:04:21,
german,multilingual-e5,gemini25pro,apd,def,0.665,2026-01-29 14:04:21,
german,multilingual-e5,gemini25pro,amd,def,0.625,2026-01-29 14:04:21,
german,multilingual-e5,gemini25pro,amd_sym,def,0.559,2026-01-29 14:04:21,
german,multilingual-e5,gemini25pro,amd_opt_sym,def,0.519,2026-01-29 14:04:21,
german,mmbert,gemini25pro,prt,full,0.423,2026-01-29 14:04:26,
german,mmbert,gemini25pro,apd,full,0.367,2026-01-29 14:04:26,
german,mmbert,gemini25pro,amd,full,0.566,2026-01-29 14:04:26,
german,mmbert,gemini25pro,amd_sym,full,0.564,2026-01-29 14:04:26,
german,mmbert,gemini25pro,amd_opt_sym,full,0.585,2026-01-29 14:04:26,
german,mmbert,gemini25pro,prt,pca,0.113,2026-01-29 14:04:26,
german,mmbert,gemini25pro,apd,pca,0.43,2026-01-29 14:04:26,
german,mmbert,gemini25pro,amd,pca,0.585,2026-01-29 14:04:26,
german,mmbert,gemini25pro,amd_sym,pca,0.669,2026-01-29 14:04:26,
german,mmbert,gemini25pro,amd_opt_sym,pca,0.666,2026-01-29 14:04:26,
german,mmbert,gemini25pro,prt,def,0.77,2026-01-29 14:04:26,
german,mmbert,gemini25pro,apd,def,0.665,2026-01-29 14:04:26,
german,mmbert,gemini25pro,amd,def,0.672,2026-01-29 14:04:26,
german,mmbert,gemini25pro,amd_sym,def,0.449,2026-01-29 14:04:26,
german,mmbert,gemini25pro,amd_opt_sym,def,0.418,2026-01-29 14:04:26,
german,en,gemini25pro,prt,full,0.873,2026-01-29 14:04:32,
german,en,gemini25pro,apd,full,0.844,2026-01-29 14:04:32,
german,en,gemini25pro,amd,full,0.722,2026-01-29 14:04:32,
german,en,gemini25pro,amd_sym,full,0.878,2026-01-29 14:04:32,
german,en,gemini25pro,amd_opt_sym,full,0.872,2026-01-29 14:04:32,
german,en,gemini25pro,prt,pca,0.01,2026-01-29 14:04:32,
german,en,gemini25pro,apd,pca,0.652,2026-01-29 14:04:32,
german,en,gemini25pro,amd,pca,0.727,2026-01-29 14:04:32,
german,en,gemini25pro,amd_sym,pca,0.88,2026-01-29 14:04:32,
german,en,gemini25pro,amd_opt_sym,pca,0.879,2026-01-29 14:04:32,
german,en,gemini25pro,prt,def,0.811,2026-01-29 14:04:32,
german,en,gemini25pro,apd,def,0.833,2026-01-29 14:04:32,
german,en,gemini25pro,amd,def,0.805,2026-01-29 14:04:32,
german,en,gemini25pro,amd_sym,def,0.88,2026-01-29 14:04:32,
german,en,gemini25pro,amd_opt_sym,def,0.883,2026-01-29 14:04:32,
german,german_GBERT,gemini25pro,prt,full,0.63,2026-01-29 14:04:38,
german,german_GBERT,gemini25pro,apd,full,0.66,2026-01-29 14:04:38,
german,german_GBERT,gemini25pro,amd,full,0.707,2026-01-29 14:04:38,
german,german_GBERT,gemini25pro,amd_sym,full,0.767,2026-01-29 14:04:38,
german,german_GBERT,gemini25pro,amd_opt_sym,full,0.768,2026-01-29 14:04:38,
german,german_GBERT,gemini25pro,prt,pca,0.093,2026-01-29 14:04:38,
german,german_GBERT,gemini25pro,apd,pca,0.419,2026-01-29 14:04:38,
german,german_GBERT,gemini25pro,amd,pca,0.628,2026-01-29 14:04:38,
german,german_GBERT,gemini25pro,amd_sym,pca,0.741,2026-01-29 14:04:38,
german,german_GBERT,gemini25pro,amd_opt_sym,pca,0.739,2026-01-29 14:04:38,
german,german_GBERT,gemini25pro,prt,def,0.764,2026-01-29 14:04:38,
german,german_GBERT,gemini25pro,apd,def,0.764,2026-01-29 14:04:38,
german,german_GBERT,gemini25pro,amd,def,0.672,2026-01-29 14:04:38,
german,german_GBERT,gemini25pro,amd_sym,def,0.63,2026-01-29 14:04:38,
german,german_GBERT,gemini25pro,amd_opt_sym,def,0.634,2026-01-29 14:04:38,
swedish,xll,gemini25pro,prt,full,0.678,2026-01-29 14:04:47,
swedish,xll,gemini25pro,apd,full,0.756,2026-01-29 14:04:47,
swedish,xll,gemini25pro,amd,full,0.757,2026-01-29 14:04:47,
swedish,xll,gemini25pro,amd_sym,full,0.77,2026-01-29 14:04:47,
swedish,xll,gemini25pro,amd_opt_sym,full,0.769,2026-01-29 14:04:47,
swedish,xll,gemini25pro,prt,pca,0.069,2026-01-29 14:04:47,
swedish,xll,gemini25pro,apd,pca,0.118,2026-01-29 14:04:47,
swedish,xll,gemini25pro,amd,pca,0.665,2026-01-29 14:04:47,
swedish,xll,gemini25pro,amd_sym,pca,0.745,2026-01-29 14:04:47,
swedish,xll,gemini25pro,amd_opt_sym,pca,0.744,2026-01-29 14:04:47,
swedish,xll,gemini25pro,prt,def,0.651,2026-01-29 14:04:47,
swedish,xll,gemini25pro,apd,def,0.645,2026-01-29 14:04:47,
swedish,xll,gemini25pro,amd,def,0.723,2026-01-29 14:04:47,
swedish,xll,gemini25pro,amd_sym,def,0.686,2026-01-29 14:04:47,
swedish,xll,gemini25pro,amd_opt_sym,def,0.659,2026-01-29 14:04:47,
swedish,xlmr,gemini25pro,prt,full,-0.01,2026-01-29 14:04:56,
swedish,xlmr,gemini25pro,apd,full,0.49,2026-01-29 14:04:56,
swedish,xlmr,gemini25pro,amd,full,0.52,2026-01-29 14:04:56,
swedish,xlmr,gemini25pro,amd_sym,full,0.257,2026-01-29 14:04:56,
swedish,xlmr,gemini25pro,amd_opt_sym,full,0.285,2026-01-29 14:04:56,
swedish,xlmr,gemini25pro,prt,pca,-0.135,2026-01-29 14:04:56,
swedish,xlmr,gemini25pro,apd,pca,-0.253,2026-01-29 14:04:56,
swedish,xlmr,gemini25pro,amd,pca,0.485,2026-01-29 14:04:56,
swedish,xlmr,gemini25pro,amd_sym,pca,0.288,2026-01-29 14:04:56,
swedish,xlmr,gemini25pro,amd_opt_sym,pca,0.232,2026-01-29 14:04:56,
swedish,xlmr,gemini25pro,prt,def,0.303,2026-01-29 14:04:56,
swedish,xlmr,gemini25pro,apd,def,0.332,2026-01-29 14:04:56,
swedish,xlmr,gemini25pro,amd,def,0.403,2026-01-29 14:04:56,
swedish,xlmr,gemini25pro,amd_sym,def,0.0,2026-01-29 14:04:56,
swedish,xlmr,gemini25pro,amd_opt_sym,def,-0.071,2026-01-29 14:04:56,
swedish,rembert,gemini25pro,prt,full,0.23,2026-01-29 14:05:05,
swedish,rembert,gemini25pro,apd,full,0.38,2026-01-29 14:05:05,
swedish,rembert,gemini25pro,amd,full,0.426,2026-01-29 14:05:05,
swedish,rembert,gemini25pro,amd_sym,full,0.359,2026-01-29 14:05:05,
swedish,rembert,gemini25pro,amd_opt_sym,full,0.397,2026-01-29 14:05:05,
swedish,rembert,gemini25pro,prt,pca,-0.105,2026-01-29 14:05:05,
swedish,rembert,gemini25pro,apd,pca,-0.245,2026-01-29 14:05:05,
swedish,rembert,gemini25pro,amd,pca,0.543,2026-01-29 14:05:05,
swedish,rembert,gemini25pro,amd_sym,pca,0.384,2026-01-29 14:05:05,
swedish,rembert,gemini25pro,amd_opt_sym,pca,0.372,2026-01-29 14:05:05,
swedish,rembert,gemini25pro,prt,def,0.267,2026-01-29 14:05:05,
swedish,rembert,gemini25pro,apd,def,0.299,2026-01-29 14:05:05,
swedish,rembert,gemini25pro,amd,def,0.594,2026-01-29 14:05:05,
swedish,rembert,gemini25pro,amd_sym,def,0.177,2026-01-29 14:05:05,
swedish,rembert,gemini25pro,amd_opt_sym,def,0.142,2026-01-29 14:05:05,
swedish,multilingual-e5,gemini25pro,prt,full,0.147,2026-01-29 14:05:13,
swedish,multilingual-e5,gemini25pro,apd,full,0.411,2026-01-29 14:05:13,
swedish,multilingual-e5,gemini25pro,amd,full,0.35,2026-01-29 14:05:13,
swedish,multilingual-e5,gemini25pro,amd_sym,full,0.479,2026-01-29 14:05:13,
swedish,multilingual-e5,gemini25pro,amd_opt_sym,full,0.471,2026-01-29 14:05:13,
swedish,multilingual-e5,gemini25pro,prt,pca,0.424,2026-01-29 14:05:13,
swedish,multilingual-e5,gemini25pro,apd,pca,0.018,2026-01-29 14:05:13,
swedish,multilingual-e5,gemini25pro,amd,pca,0.437,2026-01-29 14:05:13,
swedish,multilingual-e5,gemini25pro,amd_sym,pca,0.416,2026-01-29 14:05:13,
swedish,multilingual-e5,gemini25pro,amd_opt_sym,pca,0.414,2026-01-29 14:05:13,
swedish,multilingual-e5,gemini25pro,prt,def,-0.325,2026-01-29 14:05:13,
swedish,multilingual-e5,gemini25pro,apd,def,0.533,2026-01-29 14:05:13,
swedish,multilingual-e5,gemini25pro,amd,def,0.298,2026-01-29 14:05:13,
swedish,multilingual-e5,gemini25pro,amd_sym,def,0.404,2026-01-29 14:05:13,
swedish,multilingual-e5,gemini25pro,amd_opt_sym,def,0.215,2026-01-29 14:05:13,
swedish,mmbert,gemini25pro,prt,full,0.007,2026-01-29 14:05:22,
swedish,mmbert,gemini25pro,apd,full,0.476,2026-01-29 14:05:22,
swedish,mmbert,gemini25pro,amd,full,0.573,2026-01-29 14:05:22,
swedish,mmbert,gemini25pro,amd_sym,full,0.477,2026-01-29 14:05:22,
swedish,mmbert,gemini25pro,amd_opt_sym,full,0.518,2026-01-29 14:05:22,
swedish,mmbert,gemini25pro,prt,pca,0.302,2026-01-29 14:05:22,
swedish,mmbert,gemini25pro,apd,pca,-0.323,2026-01-29 14:05:22,
swedish,mmbert,gemini25pro,amd,pca,0.509,2026-01-29 14:05:22,
swedish,mmbert,gemini25pro,amd_sym,pca,0.318,2026-01-29 14:05:22,
swedish,mmbert,gemini25pro,amd_opt_sym,pca,0.312,2026-01-29 14:05:22,
swedish,mmbert,gemini25pro,prt,def,0.141,2026-01-29 14:05:22,
swedish,mmbert,gemini25pro,apd,def,0.52,2026-01-29 14:05:22,
swedish,mmbert,gemini25pro,amd,def,0.572,2026-01-29 14:05:22,
swedish,mmbert,gemini25pro,amd_sym,def,0.301,2026-01-29 14:05:22,
swedish,mmbert,gemini25pro,amd_opt_sym,def,0.237,2026-01-29 14:05:22,
swedish,en,gemini25pro,prt,full,0.627,2026-01-29 14:05:30,
swedish,en,gemini25pro,apd,full,0.724,2026-01-29 14:05:30,
swedish,en,gemini25pro,amd,full,0.639,2026-01-29 14:05:30,
swedish,en,gemini25pro,amd_sym,full,0.761,2026-01-29 14:05:30,
swedish,en,gemini25pro,amd_opt_sym,full,0.762,2026-01-29 14:05:30,
swedish,en,gemini25pro,prt,pca,-0.247,2026-01-29 14:05:30,
swedish,en,gemini25pro,apd,pca,-0.042,2026-01-29 14:05:30,
swedish,en,gemini25pro,amd,pca,0.616,2026-01-29 14:05:30,
swedish,en,gemini25pro,amd_sym,pca,0.75,2026-01-29 14:05:30,
swedish,en,gemini25pro,amd_opt_sym,pca,0.728,2026-01-29 14:05:30,
swedish,en,gemini25pro,prt,def,0.626,2026-01-29 14:05:30,
swedish,en,gemini25pro,apd,def,0.72,2026-01-29 14:05:30,
swedish,en,gemini25pro,amd,def,0.701,2026-01-29 14:05:30,
swedish,en,gemini25pro,amd_sym,def,0.77,2026-01-29 14:05:30,
swedish,en,gemini25pro,amd_opt_sym,def,0.774,2026-01-29 14:05:30,
swedish,swedish_MegatronBERT,gemini25pro,prt,full,0.024,2026-01-29 14:05:38,
swedish,swedish_MegatronBERT,gemini25pro,apd,full,0.257,2026-01-29 14:05:38,
swedish,swedish_MegatronBERT,gemini25pro,amd,full,0.268,2026-01-29 14:05:38,
swedish,swedish_MegatronBERT,gemini25pro,amd_sym,full,0.105,2026-01-29 14:05:38,
swedish,swedish_MegatronBERT,gemini25pro,amd_opt_sym,full,0.135,2026-01-29 14:05:38,
swedish,swedish_MegatronBERT,gemini25pro,prt,pca,0.085,2026-01-29 14:05:38,
swedish,swedish_MegatronBERT,gemini25pro,apd,pca,0.242,2026-01-29 14:05:38,
swedish,swedish_MegatronBERT,gemini25pro,amd,pca,0.487,2026-01-29 14:05:38,
swedish,swedish_MegatronBERT,gemini25pro,amd_sym,pca,0.219,2026-01-29 14:05:38,
swedish,swedish_MegatronBERT,gemini25pro,amd_opt_sym,pca,0.233,2026-01-29 14:05:38,
swedish,swedish_MegatronBERT,gemini25pro,prt,def,0.172,2026-01-29 14:05:38,
swedish,swedish_MegatronBERT,gemini25pro,apd,def,0.276,2026-01-29 14:05:38,
swedish,swedish_MegatronBERT,gemini25pro,amd,def,0.588,2026-01-29 14:05:38,
swedish,swedish_MegatronBERT,gemini25pro,amd_sym,def,0.339,2026-01-29 14:05:38,
swedish,swedish_MegatronBERT,gemini25pro,amd_opt_sym,def,0.313,2026-01-29 14:05:38,
latin,xll,gemini25pro,prt,full,0.467,2026-01-29 14:05:51,
latin,xll,gemini25pro,apd,full,-0.035,2026-01-29 14:05:51,
latin,xll,gemini25pro,amd,full,0.033,2026-01-29 14:05:51,
latin,xll,gemini25pro,amd_sym,full,0.22,2026-01-29 14:05:51,
latin,xll,gemini25pro,amd_opt_sym,full,0.21,2026-01-29 14:05:51,
latin,xll,gemini25pro,prt,pca,0.009,2026-01-29 14:05:51,
latin,xll,gemini25pro,apd,pca,0.443,2026-01-29 14:05:51,
latin,xll,gemini25pro,amd,pca,0.344,2026-01-29 14:05:51,
latin,xll,gemini25pro,amd_sym,pca,0.463,2026-01-29 14:05:51,
latin,xll,gemini25pro,amd_opt_sym,pca,0.479,2026-01-29 14:05:51,
latin,xll,gemini25pro,prt,def,0.317,2026-01-29 14:05:51,
latin,xll,gemini25pro,apd,def,-0.196,2026-01-29 14:05:51,
latin,xll,gemini25pro,amd,def,0.121,2026-01-29 14:05:51,
latin,xll,gemini25pro,amd_sym,def,0.155,2026-01-29 14:05:51,
latin,xll,gemini25pro,amd_opt_sym,def,0.189,2026-01-29 14:05:51,
latin,xlmr,gemini25pro,prt,full,0.5,2026-01-29 14:06:03,
latin,xlmr,gemini25pro,apd,full,0.027,2026-01-29 14:06:03,
latin,xlmr,gemini25pro,amd,full,0.264,2026-01-29 14:06:03,
latin,xlmr,gemini25pro,amd_sym,full,0.321,2026-01-29 14:06:03,
latin,xlmr,gemini25pro,amd_opt_sym,full,0.35,2026-01-29 14:06:03,
latin,xlmr,gemini25pro,prt,pca,0.0,2026-01-29 14:06:03,
latin,xlmr,gemini25pro,apd,pca,0.505,2026-01-29 14:06:03,
latin,xlmr,gemini25pro,amd,pca,0.365,2026-01-29 14:06:03,
latin,xlmr,gemini25pro,amd_sym,pca,0.438,2026-01-29 14:06:03,
latin,xlmr,gemini25pro,amd_opt_sym,pca,0.425,2026-01-29 14:06:03,
latin,xlmr,gemini25pro,prt,def,0.187,2026-01-29 14:06:03,
latin,xlmr,gemini25pro,apd,def,0.019,2026-01-29 14:06:03,
latin,xlmr,gemini25pro,amd,def,0.17,2026-01-29 14:06:03,
latin,xlmr,gemini25pro,amd_sym,def,0.251,2026-01-29 14:06:03,
latin,xlmr,gemini25pro,amd_opt_sym,def,0.19,2026-01-29 14:06:03,
latin,rembert,gemini25pro,prt,full,0.523,2026-01-29 14:06:15,
latin,rembert,gemini25pro,apd,full,-0.209,2026-01-29 14:06:15,
latin,rembert,gemini25pro,amd,full,0.161,2026-01-29 14:06:15,
latin,rembert,gemini25pro,amd_sym,full,0.285,2026-01-29 14:06:15,
latin,rembert,gemini25pro,amd_opt_sym,full,0.271,2026-01-29 14:06:15,
latin,rembert,gemini25pro,prt,pca,0.415,2026-01-29 14:06:15,
latin,rembert,gemini25pro,apd,pca,0.516,2026-01-29 14:06:15,
latin,rembert,gemini25pro,amd,pca,0.289,2026-01-29 14:06:15,
latin,rembert,gemini25pro,amd_sym,pca,0.509,2026-01-29 14:06:15,
latin,rembert,gemini25pro,amd_opt_sym,pca,0.501,2026-01-29 14:06:15,
latin,rembert,gemini25pro,prt,def,0.205,2026-01-29 14:06:15,
latin,rembert,gemini25pro,apd,def,-0.114,2026-01-29 14:06:15,
latin,rembert,gemini25pro,amd,def,0.178,2026-01-29 14:06:15,
latin,rembert,gemini25pro,amd_sym,def,0.358,2026-01-29 14:06:15,
latin,rembert,gemini25pro,amd_opt_sym,def,0.362,2026-01-29 14:06:15,
latin,multilingual-e5,gemini25pro,prt,full,0.419,2026-01-29 14:06:26,
latin,multilingual-e5,gemini25pro,apd,full,0.274,2026-01-29 14:06:26,
latin,multilingual-e5,gemini25pro,amd,full,0.387,2026-01-29 14:06:26,
latin,multilingual-e5,gemini25pro,amd_sym,full,0.398,2026-01-29 14:06:26,
latin,multilingual-e5,gemini25pro,amd_opt_sym,full,0.438,2026-01-29 14:06:26,
latin,multilingual-e5,gemini25pro,prt,pca,0.482,2026-01-29 14:06:26,
latin,multilingual-e5,gemini25pro,apd,pca,0.514,2026-01-29 14:06:26,
latin,multilingual-e5,gemini25pro,amd,pca,0.42,2026-01-29 14:06:26,
latin,multilingual-e5,gemini25pro,amd_sym,pca,0.446,2026-01-29 14:06:26,
latin,multilingual-e5,gemini25pro,amd_opt_sym,pca,0.43,2026-01-29 14:06:26,
latin,multilingual-e5,gemini25pro,prt,def,0.158,2026-01-29 14:06:26,
latin,multilingual-e5,gemini25pro,apd,def,0.015,2026-01-29 14:06:26,
latin,multilingual-e5,gemini25pro,amd,def,0.179,2026-01-29 14:06:26,
latin,multilingual-e5,gemini25pro,amd_sym,def,0.238,2026-01-29 14:06:26,
latin,multilingual-e5,gemini25pro,amd_opt_sym,def,0.197,2026-01-29 14:06:26,
latin,mmbert,gemini25pro,prt,full,0.493,2026-01-29 14:06:37,
latin,mmbert,gemini25pro,apd,full,-0.073,2026-01-29 14:06:37,
latin,mmbert,gemini25pro,amd,full,0.203,2026-01-29 14:06:37,
latin,mmbert,gemini25pro,amd_sym,full,0.313,2026-01-29 14:06:37,
latin,mmbert,gemini25pro,amd_opt_sym,full,0.284,2026-01-29 14:06:37,
latin,mmbert,gemini25pro,prt,pca,-0.151,2026-01-29 14:06:37,
latin,mmbert,gemini25pro,apd,pca,0.534,2026-01-29 14:06:37,
latin,mmbert,gemini25pro,amd,pca,0.36,2026-01-29 14:06:37,
latin,mmbert,gemini25pro,amd_sym,pca,0.394,2026-01-29 14:06:37,
latin,mmbert,gemini25pro,amd_opt_sym,pca,0.41,2026-01-29 14:06:37,
latin,mmbert,gemini25pro,prt,def,0.251,2026-01-29 14:06:37,
latin,mmbert,gemini25pro,apd,def,-0.001,2026-01-29 14:06:37,
latin,mmbert,gemini25pro,amd,def,0.17,2026-01-29 14:06:37,
latin,mmbert,gemini25pro,amd_sym,def,0.28,2026-01-29 14:06:37,
latin,mmbert,gemini25pro,amd_opt_sym,def,0.244,2026-01-29 14:06:37,
latin,en,gemini25pro,prt,full,0.429,2026-01-29 14:06:49,
latin,en,gemini25pro,apd,full,0.135,2026-01-29 14:06:49,
latin,en,gemini25pro,amd,full,0.148,2026-01-29 14:06:49,
latin,en,gemini25pro,amd_sym,full,0.271,2026-01-29 14:06:49,
latin,en,gemini25pro,amd_opt_sym,full,0.24,2026-01-29 14:06:49,
latin,en,gemini25pro,prt,pca,-0.049,2026-01-29 14:06:49,
latin,en,gemini25pro,apd,pca,0.492,2026-01-29 14:06:49,
latin,en,gemini25pro,amd,pca,0.238,2026-01-29 14:06:49,
latin,en,gemini25pro,amd_sym,pca,0.353,2026-01-29 14:06:49,
latin,en,gemini25pro,amd_opt_sym,pca,0.362,2026-01-29 14:06:49,
latin,en,gemini25pro,prt,def,0.417,2026-01-29 14:06:49,
latin,en,gemini25pro,apd,def,0.136,2026-01-29 14:06:49,
latin,en,gemini25pro,amd,def,0.178,2026-01-29 14:06:49,
latin,en,gemini25pro,amd_sym,def,0.357,2026-01-29 14:06:49,
latin,en,gemini25pro,amd_opt_sym,def,0.346,2026-01-29 14:06:49,
latin,latin_BammanBurns,gemini25pro,prt,full,0.252,2026-01-29 14:07:00,
latin,latin_BammanBurns,gemini25pro,apd,full,-0.071,2026-01-29 14:07:00,
latin,latin_BammanBurns,gemini25pro,amd,full,0.18,2026-01-29 14:07:00,
latin,latin_BammanBurns,gemini25pro,amd_sym,full,0.264,2026-01-29 14:07:00,
latin,latin_BammanBurns,gemini25pro,amd_opt_sym,full,0.235,2026-01-29 14:07:00,
latin,latin_BammanBurns,gemini25pro,prt,pca,0.038,2026-01-29 14:07:00,
latin,latin_BammanBurns,gemini25pro,apd,pca,0.279,2026-01-29 14:07:00,
latin,latin_BammanBurns,gemini25pro,amd,pca,0.278,2026-01-29 14:07:00,
latin,latin_BammanBurns,gemini25pro,amd_sym,pca,0.347,2026-01-29 14:07:00,
latin,latin_BammanBurns,gemini25pro,amd_opt_sym,pca,0.313,2026-01-29 14:07:00,
latin,latin_BammanBurns,gemini25pro,prt,def,0.424,2026-01-29 14:07:00,
latin,latin_BammanBurns,gemini25pro,apd,def,0.199,2026-01-29 14:07:00,
latin,latin_BammanBurns,gemini25pro,amd,def,0.384,2026-01-29 14:07:00,
latin,latin_BammanBurns,gemini25pro,amd_sym,def,0.381,2026-01-29 14:07:00,
latin,latin_BammanBurns,gemini25pro,amd_opt_sym,def,0.371,2026-01-29 14:07:00,
spanish,xll,gemini25pro,prt,full,0.633,2026-01-29 14:07:02,
spanish,xll,gemini25pro,apd,full,0.665,2026-01-29 14:07:02,
spanish,xll,gemini25pro,amd,full,0.663,2026-01-29 14:07:02,
spanish,xll,gemini25pro,amd_sym,full,0.649,2026-01-29 14:07:02,
spanish,xll,gemini25pro,amd_opt_sym,full,0.656,2026-01-29 14:07:02,
spanish,xll,gemini25pro,prt,pca,-0.184,2026-01-29 14:07:02,
spanish,xll,gemini25pro,apd,pca,0.323,2026-01-29 14:07:02,
spanish,xll,gemini25pro,amd,pca,0.704,2026-01-29 14:07:02,
spanish,xll,gemini25pro,amd_sym,pca,0.685,2026-01-29 14:07:02,
spanish,xll,gemini25pro,amd_opt_sym,pca,0.679,2026-01-29 14:07:02,
spanish,xll,gemini25pro,prt,def,0.6,2026-01-29 14:07:02,
spanish,xll,gemini25pro,apd,def,0.635,2026-01-29 14:07:02,
spanish,xll,gemini25pro,amd,def,0.659,2026-01-29 14:07:02,
spanish,xll,gemini25pro,amd_sym,def,0.613,2026-01-29 14:07:02,
spanish,xll,gemini25pro,amd_opt_sym,def,0.607,2026-01-29 14:07:02,
spanish,xlmr,gemini25pro,prt,full,0.23,2026-01-29 14:07:03,
spanish,xlmr,gemini25pro,apd,full,0.247,2026-01-29 14:07:03,
spanish,xlmr,gemini25pro,amd,full,0.309,2026-01-29 14:07:03,
spanish,xlmr,gemini25pro,amd_sym,full,0.204,2026-01-29 14:07:03,
spanish,xlmr,gemini25pro,amd_opt_sym,full,0.266,2026-01-29 14:07:03,
spanish,xlmr,gemini25pro,prt,pca,-0.145,2026-01-29 14:07:03,
spanish,xlmr,gemini25pro,apd,pca,-0.173,2026-01-29 14:07:03,
spanish,xlmr,gemini25pro,amd,pca,0.515,2026-01-29 14:07:03,
spanish,xlmr,gemini25pro,amd_sym,pca,0.479,2026-01-29 14:07:03,
spanish,xlmr,gemini25pro,amd_opt_sym,pca,0.491,2026-01-29 14:07:03,
spanish,xlmr,gemini25pro,prt,def,0.229,2026-01-29 14:07:03,
spanish,xlmr,gemini25pro,apd,def,0.192,2026-01-29 14:07:03,
spanish,xlmr,gemini25pro,amd,def,0.445,2026-01-29 14:07:03,
spanish,xlmr,gemini25pro,amd_sym,def,0.308,2026-01-29 14:07:03,
spanish,xlmr,gemini25pro,amd_opt_sym,def,0.269,2026-01-29 14:07:03,
spanish,rembert,gemini25pro,prt,full,0.322,2026-01-29 14:07:05,
spanish,rembert,gemini25pro,apd,full,0.356,2026-01-29 14:07:05,
spanish,rembert,gemini25pro,amd,full,0.326,2026-01-29 14:07:05,
spanish,rembert,gemini25pro,amd_sym,full,0.306,2026-01-29 14:07:05,
spanish,rembert,gemini25pro,amd_opt_sym,full,0.342,2026-01-29 14:07:05,
spanish,rembert,gemini25pro,prt,pca,0.059,2026-01-29 14:07:05,
spanish,rembert,gemini25pro,apd,pca,-0.195,2026-01-29 14:07:05,
spanish,rembert,gemini25pro,amd,pca,0.523,2026-01-29 14:07:05,
spanish,rembert,gemini25pro,amd_sym,pca,0.522,2026-01-29 14:07:05,
spanish,rembert,gemini25pro,amd_opt_sym,pca,0.52,2026-01-29 14:07:05,
spanish,rembert,gemini25pro,prt,def,0.353,2026-01-29 14:07:05,
spanish,rembert,gemini25pro,apd,def,0.325,2026-01-29 14:07:05,
spanish,rembert,gemini25pro,amd,def,0.428,2026-01-29 14:07:05,
spanish,rembert,gemini25pro,amd_sym,def,0.409,2026-01-29 14:07:05,
spanish,rembert,gemini25pro,amd_opt_sym,def,0.402,2026-01-29 14:07:05,
spanish,multilingual-e5,gemini25pro,prt,full,0.381,2026-01-29 14:07:07,
spanish,multilingual-e5,gemini25pro,apd,full,0.188,2026-01-29 14:07:07,
spanish,multilingual-e5,gemini25pro,amd,full,0.194,2026-01-29 14:07:07,
spanish,multilingual-e5,gemini25pro,amd_sym,full,0.222,2026-01-29 14:07:07,
spanish,multilingual-e5,gemini25pro,amd_opt_sym,full,0.218,2026-01-29 14:07:07,
spanish,multilingual-e5,gemini25pro,prt,pca,-0.007,2026-01-29 14:07:07,
spanish,multilingual-e5,gemini25pro,apd,pca,-0.256,2026-01-29 14:07:07,
spanish,multilingual-e5,gemini25pro,amd,pca,0.592,2026-01-29 14:07:07,
spanish,multilingual-e5,gemini25pro,amd_sym,pca,0.593,2026-01-29 14:07:07,
spanish,multilingual-e5,gemini25pro,amd_opt_sym,pca,0.602,2026-01-29 14:07:07,
spanish,multilingual-e5,gemini25pro,prt,def,0.05,2026-01-29 14:07:07,
spanish,multilingual-e5,gemini25pro,apd,def,0.416,2026-01-29 14:07:07,
spanish,multilingual-e5,gemini25pro,amd,def,0.486,2026-01-29 14:07:07,
spanish,multilingual-e5,gemini25pro,amd_sym,def,0.308,2026-01-29 14:07:07,
spanish,multilingual-e5,gemini25pro,amd_opt_sym,def,0.283,2026-01-29 14:07:07,
spanish,mmbert,gemini25pro,prt,full,0.276,2026-01-29 14:07:08,
spanish,mmbert,gemini25pro,apd,full,0.335,2026-01-29 14:07:08,
spanish,mmbert,gemini25pro,amd,full,0.455,2026-01-29 14:07:08,
spanish,mmbert,gemini25pro,amd_sym,full,0.294,2026-01-29 14:07:08,
spanish,mmbert,gemini25pro,amd_opt_sym,full,0.361,2026-01-29 14:07:08,
spanish,mmbert,gemini25pro,prt,pca,0.051,2026-01-29 14:07:08,
spanish,mmbert,gemini25pro,apd,pca,-0.208,2026-01-29 14:07:08,
spanish,mmbert,gemini25pro,amd,pca,0.548,2026-01-29 14:07:08,
spanish,mmbert,gemini25pro,amd_sym,pca,0.484,2026-01-29 14:07:08,
spanish,mmbert,gemini25pro,amd_opt_sym,pca,0.508,2026-01-29 14:07:08,
spanish,mmbert,gemini25pro,prt,def,0.275,2026-01-29 14:07:08,
spanish,mmbert,gemini25pro,apd,def,0.394,2026-01-29 14:07:08,
spanish,mmbert,gemini25pro,amd,def,0.457,2026-01-29 14:07:08,
spanish,mmbert,gemini25pro,amd_sym,def,0.298,2026-01-29 14:07:08,
spanish,mmbert,gemini25pro,amd_opt_sym,def,0.274,2026-01-29 14:07:08,
spanish,en,gemini25pro,prt,full,0.643,2026-01-29 14:07:10,
spanish,en,gemini25pro,apd,full,0.711,2026-01-29 14:07:10,
spanish,en,gemini25pro,amd,full,0.657,2026-01-29 14:07:10,
spanish,en,gemini25pro,amd_sym,full,0.664,2026-01-29 14:07:10,
spanish,en,gemini25pro,amd_opt_sym,full,0.675,2026-01-29 14:07:10,
spanish,en,gemini25pro,prt,pca,-0.013,2026-01-29 14:07:10,
spanish,en,gemini25pro,apd,pca,0.263,2026-01-29 14:07:10,
spanish,en,gemini25pro,amd,pca,0.689,2026-01-29 14:07:10,
spanish,en,gemini25pro,amd_sym,pca,0.698,2026-01-29 14:07:10,
spanish,en,gemini25pro,amd_opt_sym,pca,0.701,2026-01-29 14:07:10,
spanish,en,gemini25pro,prt,def,0.629,2026-01-29 14:07:10,
spanish,en,gemini25pro,apd,def,0.659,2026-01-29 14:07:10,
spanish,en,gemini25pro,amd,def,0.687,2026-01-29 14:07:10,
spanish,en,gemini25pro,amd_sym,def,0.693,2026-01-29 14:07:10,
spanish,en,gemini25pro,amd_opt_sym,def,0.688,2026-01-29 14:07:10,
spanish,spanish_BERT_WWM,gemini25pro,prt,full,0.348,2026-01-29 14:07:11,
spanish,spanish_BERT_WWM,gemini25pro,apd,full,0.332,2026-01-29 14:07:11,
spanish,spanish_BERT_WWM,gemini25pro,amd,full,0.364,2026-01-29 14:07:11,
spanish,spanish_BERT_WWM,gemini25pro,amd_sym,full,0.337,2026-01-29 14:07:11,
spanish,spanish_BERT_WWM,gemini25pro,amd_opt_sym,full,0.359,2026-01-29 14:07:11,
spanish,spanish_BERT_WWM,gemini25pro,prt,pca,-0.048,2026-01-29 14:07:11,
spanish,spanish_BERT_WWM,gemini25pro,apd,pca,-0.246,2026-01-29 14:07:11,
spanish,spanish_BERT_WWM,gemini25pro,amd,pca,0.536,2026-01-29 14:07:11,
spanish,spanish_BERT_WWM,gemini25pro,amd_sym,pca,0.53,2026-01-29 14:07:11,
spanish,spanish_BERT_WWM,gemini25pro,amd_opt_sym,pca,0.532,2026-01-29 14:07:11,
spanish,spanish_BERT_WWM,gemini25pro,prt,def,0.421,2026-01-29 14:07:11,
spanish,spanish_BERT_WWM,gemini25pro,apd,def,0.543,2026-01-29 14:07:11,
spanish,spanish_BERT_WWM,gemini25pro,amd,def,0.529,2026-01-29 14:07:11,
spanish,spanish_BERT_WWM,gemini25pro,amd_sym,def,0.363,2026-01-29 14:07:11,
spanish,spanish_BERT_WWM,gemini25pro,amd_opt_sym,def,0.369,2026-01-29 14:07:11,
chinese,xll,gemini25pro,prt,full,0.702,2026-01-29 14:07:12,
chinese,xll,gemini25pro,apd,full,0.734,2026-01-29 14:07:12,
chinese,xll,gemini25pro,amd,full,0.735,2026-01-29 14:07:12,
chinese,xll,gemini25pro,amd_sym,full,0.763,2026-01-29 14:07:12,
chinese,xll,gemini25pro,amd_opt_sym,full,0.766,2026-01-29 14:07:12,
chinese,xll,gemini25pro,prt,pca,0.222,2026-01-29 14:07:12,
chinese,xll,gemini25pro,apd,pca,0.453,2026-01-29 14:07:12,
chinese,xll,gemini25pro,amd,pca,0.771,2026-01-29 14:07:12,
chinese,xll,gemini25pro,amd_sym,pca,0.752,2026-01-29 14:07:12,
chinese,xll,gemini25pro,amd_opt_sym,pca,0.761,2026-01-29 14:07:12,
chinese,xll,gemini25pro,prt,def,0.686,2026-01-29 14:07:12,
chinese,xll,gemini25pro,apd,def,0.596,2026-01-29 14:07:12,
chinese,xll,gemini25pro,amd,def,0.74,2026-01-29 14:07:12,
chinese,xll,gemini25pro,amd_sym,def,0.652,2026-01-29 14:07:12,
chinese,xll,gemini25pro,amd_opt_sym,def,0.645,2026-01-29 14:07:12,
chinese,xlmr,gemini25pro,prt,full,0.351,2026-01-29 14:07:13,
chinese,xlmr,gemini25pro,apd,full,0.419,2026-01-29 14:07:13,
chinese,xlmr,gemini25pro,amd,full,0.429,2026-01-29 14:07:13,
chinese,xlmr,gemini25pro,amd_sym,full,0.398,2026-01-29 14:07:13,
chinese,xlmr,gemini25pro,amd_opt_sym,full,0.403,2026-01-29 14:07:13,
chinese,xlmr,gemini25pro,prt,pca,0.142,2026-01-29 14:07:13,
chinese,xlmr,gemini25pro,apd,pca,0.45,2026-01-29 14:07:13,
chinese,xlmr,gemini25pro,amd,pca,0.66,2026-01-29 14:07:13,
chinese,xlmr,gemini25pro,amd_sym,pca,0.638,2026-01-29 14:07:13,
chinese,xlmr,gemini25pro,amd_opt_sym,pca,0.661,2026-01-29 14:07:13,
chinese,xlmr,gemini25pro,prt,def,0.3,2026-01-29 14:07:13,
chinese,xlmr,gemini25pro,apd,def,0.088,2026-01-29 14:07:13,
chinese,xlmr,gemini25pro,amd,def,0.532,2026-01-29 14:07:13,
chinese,xlmr,gemini25pro,amd_sym,def,0.414,2026-01-29 14:07:13,
chinese,xlmr,gemini25pro,amd_opt_sym,def,0.39,2026-01-29 14:07:13,
chinese,rembert,gemini25pro,prt,full,0.305,2026-01-29 14:07:14,
chinese,rembert,gemini25pro,apd,full,0.262,2026-01-29 14:07:14,
chinese,rembert,gemini25pro,amd,full,0.353,2026-01-29 14:07:14,
chinese,rembert,gemini25pro,amd_sym,full,0.226,2026-01-29 14:07:14,
chinese,rembert,gemini25pro,amd_opt_sym,full,0.245,2026-01-29 14:07:14,
chinese,rembert,gemini25pro,prt,pca,0.282,2026-01-29 14:07:14,
chinese,rembert,gemini25pro,apd,pca,0.358,2026-01-29 14:07:14,
chinese,rembert,gemini25pro,amd,pca,0.629,2026-01-29 14:07:14,
chinese,rembert,gemini25pro,amd_sym,pca,0.571,2026-01-29 14:07:14,
chinese,rembert,gemini25pro,amd_opt_sym,pca,0.576,2026-01-29 14:07:14,
chinese,rembert,gemini25pro,prt,def,0.157,2026-01-29 14:07:14,
chinese,rembert,gemini25pro,apd,def,0.049,2026-01-29 14:07:14,
chinese,rembert,gemini25pro,amd,def,0.524,2026-01-29 14:07:14,
chinese,rembert,gemini25pro,amd_sym,def,0.571,2026-01-29 14:07:14,
chinese,rembert,gemini25pro,amd_opt_sym,def,0.587,2026-01-29 14:07:14,
chinese,multilingual-e5,gemini25pro,prt,full,0.228,2026-01-29 14:07:15,
chinese,multilingual-e5,gemini25pro,apd,full,0.259,2026-01-29 14:07:15,
chinese,multilingual-e5,gemini25pro,amd,full,0.301,2026-01-29 14:07:15,
chinese,multilingual-e5,gemini25pro,amd_sym,full,0.272,2026-01-29 14:07:15,
chinese,multilingual-e5,gemini25pro,amd_opt_sym,full,0.273,2026-01-29 14:07:15,
chinese,multilingual-e5,gemini25pro,prt,pca,0.444,2026-01-29 14:07:15,
chinese,multilingual-e5,gemini25pro,apd,pca,0.198,2026-01-29 14:07:15,
chinese,multilingual-e5,gemini25pro,amd,pca,0.69,2026-01-29 14:07:15,
chinese,multilingual-e5,gemini25pro,amd_sym,pca,0.626,2026-01-29 14:07:15,
chinese,multilingual-e5,gemini25pro,amd_opt_sym,pca,0.615,2026-01-29 14:07:15,
chinese,multilingual-e5,gemini25pro,prt,def,0.082,2026-01-29 14:07:15,
chinese,multilingual-e5,gemini25pro,apd,def,0.504,2026-01-29 14:07:15,
chinese,multilingual-e5,gemini25pro,amd,def,0.68,2026-01-29 14:07:15,
chinese,multilingual-e5,gemini25pro,amd_sym,def,0.702,2026-01-29 14:07:15,
chinese,multilingual-e5,gemini25pro,amd_opt_sym,def,0.716,2026-01-29 14:07:15,
chinese,mmbert,gemini25pro,prt,full,0.349,2026-01-29 14:07:15,
chinese,mmbert,gemini25pro,apd,full,0.363,2026-01-29 14:07:15,
chinese,mmbert,gemini25pro,amd,full,0.452,2026-01-29 14:07:15,
chinese,mmbert,gemini25pro,amd_sym,full,0.352,2026-01-29 14:07:15,
chinese,mmbert,gemini25pro,amd_opt_sym,full,0.368,2026-01-29 14:07:15,
chinese,mmbert,gemini25pro,prt,pca,0.022,2026-01-29 14:07:15,
chinese,mmbert,gemini25pro,apd,pca,0.435,2026-01-29 14:07:15,
chinese,mmbert,gemini25pro,amd,pca,0.692,2026-01-29 14:07:15,
chinese,mmbert,gemini25pro,amd_sym,pca,0.676,2026-01-29 14:07:15,
chinese,mmbert,gemini25pro,amd_opt_sym,pca,0.659,2026-01-29 14:07:15,
chinese,mmbert,gemini25pro,prt,def,0.308,2026-01-29 14:07:15,
chinese,mmbert,gemini25pro,apd,def,0.317,2026-01-29 14:07:15,
chinese,mmbert,gemini25pro,amd,def,0.605,2026-01-29 14:07:15,
chinese,mmbert,gemini25pro,amd_sym,def,0.568,2026-01-29 14:07:15,
chinese,mmbert,gemini25pro,amd_opt_sym,def,0.606,2026-01-29 14:07:15,
chinese,en,gemini25pro,prt,full,0.684,2026-01-29 14:07:16,
chinese,en,gemini25pro,apd,full,0.737,2026-01-29 14:07:16,
chinese,en,gemini25pro,amd,full,0.643,2026-01-29 14:07:16,
chinese,en,gemini25pro,amd_sym,full,0.709,2026-01-29 14:07:16,
chinese,en,gemini25pro,amd_opt_sym,full,0.711,2026-01-29 14:07:16,
chinese,en,gemini25pro,prt,pca,-0.167,2026-01-29 14:07:16,
chinese,en,gemini25pro,apd,pca,0.352,2026-01-29 14:07:16,
chinese,en,gemini25pro,amd,pca,0.773,2026-01-29 14:07:16,
chinese,en,gemini25pro,amd_sym,pca,0.721,2026-01-29 14:07:16,
chinese,en,gemini25pro,amd_opt_sym,pca,0.72,2026-01-29 14:07:16,
chinese,en,gemini25pro,prt,def,0.58,2026-01-29 14:07:16,
chinese,en,gemini25pro,apd,def,0.369,2026-01-29 14:07:16,
chinese,en,gemini25pro,amd,def,0.769,2026-01-29 14:07:16,
chinese,en,gemini25pro,amd_sym,def,0.74,2026-01-29 14:07:16,
chinese,en,gemini25pro,amd_opt_sym,def,0.731,2026-01-29 14:07:16,
chinese,chinese_RoBERTa_WWM,gemini25pro,prt,full,0.348,2026-01-29 14:07:17,
chinese,chinese_RoBERTa_WWM,gemini25pro,apd,full,0.629,2026-01-29 14:07:17,
chinese,chinese_RoBERTa_WWM,gemini25pro,amd,full,0.692,2026-01-29 14:07:17,
chinese,chinese_RoBERTa_WWM,gemini25pro,amd_sym,full,0.682,2026-01-29 14:07:17,
chinese,chinese_RoBERTa_WWM,gemini25pro,amd_opt_sym,full,0.689,2026-01-29 14:07:17,
chinese,chinese_RoBERTa_WWM,gemini25pro,prt,pca,-0.128,2026-01-29 14:07:17,
chinese,chinese_RoBERTa_WWM,gemini25pro,apd,pca,0.36,2026-01-29 14:07:17,
chinese,chinese_RoBERTa_WWM,gemini25pro,amd,pca,0.636,2026-01-29 14:07:17,
chinese,chinese_RoBERTa_WWM,gemini25pro,amd_sym,pca,0.696,2026-01-29 14:07:17,
chinese,chinese_RoBERTa_WWM,gemini25pro,amd_opt_sym,pca,0.679,2026-01-29 14:07:17,
chinese,chinese_RoBERTa_WWM,gemini25pro,prt,def,0.47,2026-01-29 14:07:17,
chinese,chinese_RoBERTa_WWM,gemini25pro,apd,def,0.437,2026-01-29 14:07:17,
chinese,chinese_RoBERTa_WWM,gemini25pro,amd,def,0.756,2026-01-29 14:07:17,
chinese,chinese_RoBERTa_WWM,gemini25pro,amd_sym,def,0.644,2026-01-29 14:07:17,
chinese,chinese_RoBERTa_WWM,gemini25pro,amd_opt_sym,def,0.681,2026-01-29 14:07:17,
norwegian_1,xll,gemini25pro,prt,full,0.769,2026-01-29 14:07:18,
norwegian_1,xll,gemini25pro,apd,full,0.668,2026-01-29 14:07:18,
norwegian_1,xll,gemini25pro,amd,full,0.705,2026-01-29 14:07:18,
norwegian_1,xll,gemini25pro,amd_sym,full,0.723,2026-01-29 14:07:18,
norwegian_1,xll,gemini25pro,amd_opt_sym,full,0.729,2026-01-29 14:07:18,
norwegian_1,xll,gemini25pro,prt,pca,-0.053,2026-01-29 14:07:18,
norwegian_1,xll,gemini25pro,apd,pca,0.552,2026-01-29 14:07:18,
norwegian_1,xll,gemini25pro,amd,pca,0.703,2026-01-29 14:07:18,
norwegian_1,xll,gemini25pro,amd_sym,pca,0.707,2026-01-29 14:07:18,
norwegian_1,xll,gemini25pro,amd_opt_sym,pca,0.73,2026-01-29 14:07:18,
norwegian_1,xll,gemini25pro,prt,def,0.545,2026-01-29 14:07:18,
norwegian_1,xll,gemini25pro,apd,def,0.589,2026-01-29 14:07:18,
norwegian_1,xll,gemini25pro,amd,def,0.68,2026-01-29 14:07:18,
norwegian_1,xll,gemini25pro,amd_sym,def,0.698,2026-01-29 14:07:18,
norwegian_1,xll,gemini25pro,amd_opt_sym,def,0.69,2026-01-29 14:07:18,
norwegian_1,xlmr,gemini25pro,prt,full,0.597,2026-01-29 14:07:18,
norwegian_1,xlmr,gemini25pro,apd,full,0.497,2026-01-29 14:07:18,
norwegian_1,xlmr,gemini25pro,amd,full,0.633,2026-01-29 14:07:18,
norwegian_1,xlmr,gemini25pro,amd_sym,full,0.612,2026-01-29 14:07:18,
norwegian_1,xlmr,gemini25pro,amd_opt_sym,full,0.594,2026-01-29 14:07:18,
norwegian_1,xlmr,gemini25pro,prt,pca,0.255,2026-01-29 14:07:18,
norwegian_1,xlmr,gemini25pro,apd,pca,0.383,2026-01-29 14:07:18,
norwegian_1,xlmr,gemini25pro,amd,pca,0.639,2026-01-29 14:07:18,
norwegian_1,xlmr,gemini25pro,amd_sym,pca,0.654,2026-01-29 14:07:18,
norwegian_1,xlmr,gemini25pro,amd_opt_sym,pca,0.649,2026-01-29 14:07:18,
norwegian_1,xlmr,gemini25pro,prt,def,0.401,2026-01-29 14:07:18,
norwegian_1,xlmr,gemini25pro,apd,def,-0.056,2026-01-29 14:07:18,
norwegian_1,xlmr,gemini25pro,amd,def,0.501,2026-01-29 14:07:18,
norwegian_1,xlmr,gemini25pro,amd_sym,def,0.527,2026-01-29 14:07:18,
norwegian_1,xlmr,gemini25pro,amd_opt_sym,def,0.518,2026-01-29 14:07:18,
norwegian_1,rembert,gemini25pro,prt,full,0.59,2026-01-29 14:07:19,
norwegian_1,rembert,gemini25pro,apd,full,0.538,2026-01-29 14:07:19,
norwegian_1,rembert,gemini25pro,amd,full,0.521,2026-01-29 14:07:19,
norwegian_1,rembert,gemini25pro,amd_sym,full,0.625,2026-01-29 14:07:19,
norwegian_1,rembert,gemini25pro,amd_opt_sym,full,0.625,2026-01-29 14:07:19,
norwegian_1,rembert,gemini25pro,prt,pca,-0.145,2026-01-29 14:07:19,
norwegian_1,rembert,gemini25pro,apd,pca,0.347,2026-01-29 14:07:19,
norwegian_1,rembert,gemini25pro,amd,pca,0.577,2026-01-29 14:07:19,
norwegian_1,rembert,gemini25pro,amd_sym,pca,0.647,2026-01-29 14:07:19,
norwegian_1,rembert,gemini25pro,amd_opt_sym,pca,0.638,2026-01-29 14:07:19,
norwegian_1,rembert,gemini25pro,prt,def,0.432,2026-01-29 14:07:19,
norwegian_1,rembert,gemini25pro,apd,def,0.178,2026-01-29 14:07:19,
norwegian_1,rembert,gemini25pro,amd,def,0.666,2026-01-29 14:07:19,
norwegian_1,rembert,gemini25pro,amd_sym,def,0.654,2026-01-29 14:07:19,
norwegian_1,rembert,gemini25pro,amd_opt_sym,def,0.65,2026-01-29 14:07:19,
norwegian_1,multilingual-e5,gemini25pro,prt,full,0.476,2026-01-29 14:07:20,
norwegian_1,multilingual-e5,gemini25pro,apd,full,0.533,2026-01-29 14:07:20,
norwegian_1,multilingual-e5,gemini25pro,amd,full,0.487,2026-01-29 14:07:20,
norwegian_1,multilingual-e5,gemini25pro,amd_sym,full,0.551,2026-01-29 14:07:20,
norwegian_1,multilingual-e5,gemini25pro,amd_opt_sym,full,0.544,2026-01-29 14:07:20,
norwegian_1,multilingual-e5,gemini25pro,prt,pca,0.389,2026-01-29 14:07:20,
norwegian_1,multilingual-e5,gemini25pro,apd,pca,0.262,2026-01-29 14:07:20,
norwegian_1,multilingual-e5,gemini25pro,amd,pca,0.535,2026-01-29 14:07:20,
norwegian_1,multilingual-e5,gemini25pro,amd_sym,pca,0.582,2026-01-29 14:07:20,
norwegian_1,multilingual-e5,gemini25pro,amd_opt_sym,pca,0.55,2026-01-29 14:07:20,
norwegian_1,multilingual-e5,gemini25pro,prt,def,0.251,2026-01-29 14:07:20,
norwegian_1,multilingual-e5,gemini25pro,apd,def,0.48,2026-01-29 14:07:20,
norwegian_1,multilingual-e5,gemini25pro,amd,def,0.562,2026-01-29 14:07:20,
norwegian_1,multilingual-e5,gemini25pro,amd_sym,def,0.37,2026-01-29 14:07:20,
norwegian_1,multilingual-e5,gemini25pro,amd_opt_sym,def,0.406,2026-01-29 14:07:20,
norwegian_1,mmbert,gemini25pro,prt,full,0.597,2026-01-29 14:07:21,
norwegian_1,mmbert,gemini25pro,apd,full,0.568,2026-01-29 14:07:21,
norwegian_1,mmbert,gemini25pro,amd,full,0.616,2026-01-29 14:07:21,
norwegian_1,mmbert,gemini25pro,amd_sym,full,0.632,2026-01-29 14:07:21,
norwegian_1,mmbert,gemini25pro,amd_opt_sym,full,0.656,2026-01-29 14:07:21,
norwegian_1,mmbert,gemini25pro,prt,pca,0.165,2026-01-29 14:07:21,
norwegian_1,mmbert,gemini25pro,apd,pca,0.256,2026-01-29 14:07:21,
norwegian_1,mmbert,gemini25pro,amd,pca,0.576,2026-01-29 14:07:21,
norwegian_1,mmbert,gemini25pro,amd_sym,pca,0.677,2026-01-29 14:07:21,
norwegian_1,mmbert,gemini25pro,amd_opt_sym,pca,0.671,2026-01-29 14:07:21,
norwegian_1,mmbert,gemini25pro,prt,def,0.598,2026-01-29 14:07:21,
norwegian_1,mmbert,gemini25pro,apd,def,0.339,2026-01-29 14:07:21,
norwegian_1,mmbert,gemini25pro,amd,def,0.644,2026-01-29 14:07:21,
norwegian_1,mmbert,gemini25pro,amd_sym,def,0.608,2026-01-29 14:07:21,
norwegian_1,mmbert,gemini25pro,amd_opt_sym,def,0.596,2026-01-29 14:07:21,
norwegian_1,en,gemini25pro,prt,full,0.845,2026-01-29 14:07:21,
norwegian_1,en,gemini25pro,apd,full,0.777,2026-01-29 14:07:21,
norwegian_1,en,gemini25pro,amd,full,0.802,2026-01-29 14:07:21,
norwegian_1,en,gemini25pro,amd_sym,full,0.835,2026-01-29 14:07:21,
norwegian_1,en,gemini25pro,amd_opt_sym,full,0.818,2026-01-29 14:07:21,
norwegian_1,en,gemini25pro,prt,pca,0.107,2026-01-29 14:07:21,
norwegian_1,en,gemini25pro,apd,pca,0.524,2026-01-29 14:07:21,
norwegian_1,en,gemini25pro,amd,pca,0.693,2026-01-29 14:07:21,
norwegian_1,en,gemini25pro,amd_sym,pca,0.782,2026-01-29 14:07:21,
norwegian_1,en,gemini25pro,amd_opt_sym,pca,0.777,2026-01-29 14:07:21,
norwegian_1,en,gemini25pro,prt,def,0.491,2026-01-29 14:07:21,
norwegian_1,en,gemini25pro,apd,def,0.428,2026-01-29 14:07:21,
norwegian_1,en,gemini25pro,amd,def,0.755,2026-01-29 14:07:21,
norwegian_1,en,gemini25pro,amd_sym,def,0.81,2026-01-29 14:07:21,
norwegian_1,en,gemini25pro,amd_opt_sym,def,0.796,2026-01-29 14:07:21,
norwegian_1,norwegian_NB-BERT,gemini25pro,prt,full,0.577,2026-01-29 14:07:22,
norwegian_1,norwegian_NB-BERT,gemini25pro,apd,full,0.646,2026-01-29 14:07:22,
norwegian_1,norwegian_NB-BERT,gemini25pro,amd,full,0.561,2026-01-29 14:07:22,
norwegian_1,norwegian_NB-BERT,gemini25pro,amd_sym,full,0.6,2026-01-29 14:07:22,
norwegian_1,norwegian_NB-BERT,gemini25pro,amd_opt_sym,full,0.605,2026-01-29 14:07:22,
norwegian_1,norwegian_NB-BERT,gemini25pro,prt,pca,0.073,2026-01-29 14:07:22,
norwegian_1,norwegian_NB-BERT,gemini25pro,apd,pca,0.213,2026-01-29 14:07:22,
norwegian_1,norwegian_NB-BERT,gemini25pro,amd,pca,0.614,2026-01-29 14:07:22,
norwegian_1,norwegian_NB-BERT,gemini25pro,amd_sym,pca,0.647,2026-01-29 14:07:22,
norwegian_1,norwegian_NB-BERT,gemini25pro,amd_opt_sym,pca,0.656,2026-01-29 14:07:22,
norwegian_1,norwegian_NB-BERT,gemini25pro,prt,def,0.405,2026-01-29 14:07:22,
norwegian_1,norwegian_NB-BERT,gemini25pro,apd,def,0.369,2026-01-29 14:07:22,
norwegian_1,norwegian_NB-BERT,gemini25pro,amd,def,0.617,2026-01-29 14:07:22,
norwegian_1,norwegian_NB-BERT,gemini25pro,amd_sym,def,0.513,2026-01-29 14:07:22,
norwegian_1,norwegian_NB-BERT,gemini25pro,amd_opt_sym,def,0.564,2026-01-29 14:07:22,
norwegian_2,xll,gemini25pro,prt,full,0.532,2026-01-29 14:07:23,
norwegian_2,xll,gemini25pro,apd,full,0.634,2026-01-29 14:07:23,
norwegian_2,xll,gemini25pro,amd,full,0.607,2026-01-29 14:07:23,
norwegian_2,xll,gemini25pro,amd_sym,full,0.591,2026-01-29 14:07:23,
norwegian_2,xll,gemini25pro,amd_opt_sym,full,0.599,2026-01-29 14:07:23,
norwegian_2,xll,gemini25pro,prt,pca,0.048,2026-01-29 14:07:23,
norwegian_2,xll,gemini25pro,apd,pca,0.235,2026-01-29 14:07:23,
norwegian_2,xll,gemini25pro,amd,pca,0.589,2026-01-29 14:07:23,
norwegian_2,xll,gemini25pro,amd_sym,pca,0.617,2026-01-29 14:07:23,
norwegian_2,xll,gemini25pro,amd_opt_sym,pca,0.633,2026-01-29 14:07:23,
norwegian_2,xll,gemini25pro,prt,def,0.562,2026-01-29 14:07:23,
norwegian_2,xll,gemini25pro,apd,def,0.558,2026-01-29 14:07:23,
norwegian_2,xll,gemini25pro,amd,def,0.611,2026-01-29 14:07:23,
norwegian_2,xll,gemini25pro,amd_sym,def,0.486,2026-01-29 14:07:23,
norwegian_2,xll,gemini25pro,amd_opt_sym,def,0.478,2026-01-29 14:07:23,
norwegian_2,xlmr,gemini25pro,prt,full,0.218,2026-01-29 14:07:23,
norwegian_2,xlmr,gemini25pro,apd,full,0.373,2026-01-29 14:07:23,
norwegian_2,xlmr,gemini25pro,amd,full,0.377,2026-01-29 14:07:23,
norwegian_2,xlmr,gemini25pro,amd_sym,full,0.334,2026-01-29 14:07:23,
norwegian_2,xlmr,gemini25pro,amd_opt_sym,full,0.349,2026-01-29 14:07:23,
norwegian_2,xlmr,gemini25pro,prt,pca,0.199,2026-01-29 14:07:23,
norwegian_2,xlmr,gemini25pro,apd,pca,0.056,2026-01-29 14:07:23,
norwegian_2,xlmr,gemini25pro,amd,pca,0.449,2026-01-29 14:07:23,
norwegian_2,xlmr,gemini25pro,amd_sym,pca,0.461,2026-01-29 14:07:23,
norwegian_2,xlmr,gemini25pro,amd_opt_sym,pca,0.463,2026-01-29 14:07:23,
norwegian_2,xlmr,gemini25pro,prt,def,0.218,2026-01-29 14:07:23,
norwegian_2,xlmr,gemini25pro,apd,def,0.152,2026-01-29 14:07:23,
norwegian_2,xlmr,gemini25pro,amd,def,0.315,2026-01-29 14:07:23,
norwegian_2,xlmr,gemini25pro,amd_sym,def,0.224,2026-01-29 14:07:23,
norwegian_2,xlmr,gemini25pro,amd_opt_sym,def,0.207,2026-01-29 14:07:23,
norwegian_2,rembert,gemini25pro,prt,full,0.399,2026-01-29 14:07:24,
norwegian_2,rembert,gemini25pro,apd,full,0.354,2026-01-29 14:07:24,
norwegian_2,rembert,gemini25pro,amd,full,0.403,2026-01-29 14:07:24,
norwegian_2,rembert,gemini25pro,amd_sym,full,0.407,2026-01-29 14:07:24,
norwegian_2,rembert,gemini25pro,amd_opt_sym,full,0.42,2026-01-29 14:07:24,
norwegian_2,rembert,gemini25pro,prt,pca,-0.184,2026-01-29 14:07:24,
norwegian_2,rembert,gemini25pro,apd,pca,0.093,2026-01-29 14:07:24,
norwegian_2,rembert,gemini25pro,amd,pca,0.485,2026-01-29 14:07:24,
norwegian_2,rembert,gemini25pro,amd_sym,pca,0.51,2026-01-29 14:07:24,
norwegian_2,rembert,gemini25pro,amd_opt_sym,pca,0.49,2026-01-29 14:07:24,
norwegian_2,rembert,gemini25pro,prt,def,0.536,2026-01-29 14:07:24,
norwegian_2,rembert,gemini25pro,apd,def,0.304,2026-01-29 14:07:24,
norwegian_2,rembert,gemini25pro,amd,def,0.576,2026-01-29 14:07:24,
norwegian_2,rembert,gemini25pro,amd_sym,def,0.463,2026-01-29 14:07:24,
norwegian_2,rembert,gemini25pro,amd_opt_sym,def,0.497,2026-01-29 14:07:24,
norwegian_2,multilingual-e5,gemini25pro,prt,full,0.235,2026-01-29 14:07:25,
norwegian_2,multilingual-e5,gemini25pro,apd,full,0.228,2026-01-29 14:07:25,
norwegian_2,multilingual-e5,gemini25pro,amd,full,0.246,2026-01-29 14:07:25,
norwegian_2,multilingual-e5,gemini25pro,amd_sym,full,0.337,2026-01-29 14:07:25,
norwegian_2,multilingual-e5,gemini25pro,amd_opt_sym,full,0.314,2026-01-29 14:07:25,
norwegian_2,multilingual-e5,gemini25pro,prt,pca,0.011,2026-01-29 14:07:25,
norwegian_2,multilingual-e5,gemini25pro,apd,pca,0.008,2026-01-29 14:07:25,
norwegian_2,multilingual-e5,gemini25pro,amd,pca,0.403,2026-01-29 14:07:25,
norwegian_2,multilingual-e5,gemini25pro,amd_sym,pca,0.382,2026-01-29 14:07:25,
norwegian_2,multilingual-e5,gemini25pro,amd_opt_sym,pca,0.39,2026-01-29 14:07:25,
norwegian_2,multilingual-e5,gemini25pro,prt,def,0.338,2026-01-29 14:07:25,
norwegian_2,multilingual-e5,gemini25pro,apd,def,0.578,2026-01-29 14:07:25,
norwegian_2,multilingual-e5,gemini25pro,amd,def,0.557,2026-01-29 14:07:25,
norwegian_2,multilingual-e5,gemini25pro,amd_sym,def,0.447,2026-01-29 14:07:25,
norwegian_2,multilingual-e5,gemini25pro,amd_opt_sym,def,0.407,2026-01-29 14:07:25,
norwegian_2,mmbert,gemini25pro,prt,full,0.299,2026-01-29 14:07:26,
norwegian_2,mmbert,gemini25pro,apd,full,0.405,2026-01-29 14:07:26,
norwegian_2,mmbert,gemini25pro,amd,full,0.42,2026-01-29 14:07:26,
norwegian_2,mmbert,gemini25pro,amd_sym,full,0.378,2026-01-29 14:07:26,
norwegian_2,mmbert,gemini25pro,amd_opt_sym,full,0.44,2026-01-29 14:07:26,
norwegian_2,mmbert,gemini25pro,prt,pca,0.326,2026-01-29 14:07:26,
norwegian_2,mmbert,gemini25pro,apd,pca,0.018,2026-01-29 14:07:26,
norwegian_2,mmbert,gemini25pro,amd,pca,0.406,2026-01-29 14:07:26,
norwegian_2,mmbert,gemini25pro,amd_sym,pca,0.477,2026-01-29 14:07:26,
norwegian_2,mmbert,gemini25pro,amd_opt_sym,pca,0.434,2026-01-29 14:07:26,
norwegian_2,mmbert,gemini25pro,prt,def,0.469,2026-01-29 14:07:26,
norwegian_2,mmbert,gemini25pro,apd,def,0.581,2026-01-29 14:07:26,
norwegian_2,mmbert,gemini25pro,amd,def,0.503,2026-01-29 14:07:26,
norwegian_2,mmbert,gemini25pro,amd_sym,def,0.395,2026-01-29 14:07:26,
norwegian_2,mmbert,gemini25pro,amd_opt_sym,def,0.323,2026-01-29 14:07:26,
norwegian_2,en,gemini25pro,prt,full,0.636,2026-01-29 14:07:26,
norwegian_2,en,gemini25pro,apd,full,0.645,2026-01-29 14:07:26,
norwegian_2,en,gemini25pro,amd,full,0.608,2026-01-29 14:07:26,
norwegian_2,en,gemini25pro,amd_sym,full,0.652,2026-01-29 14:07:26,
norwegian_2,en,gemini25pro,amd_opt_sym,full,0.65,2026-01-29 14:07:26,
norwegian_2,en,gemini25pro,prt,pca,-0.045,2026-01-29 14:07:26,
norwegian_2,en,gemini25pro,apd,pca,0.322,2026-01-29 14:07:26,
norwegian_2,en,gemini25pro,amd,pca,0.655,2026-01-29 14:07:26,
norwegian_2,en,gemini25pro,amd_sym,pca,0.701,2026-01-29 14:07:26,
norwegian_2,en,gemini25pro,amd_opt_sym,pca,0.706,2026-01-29 14:07:26,
norwegian_2,en,gemini25pro,prt,def,0.604,2026-01-29 14:07:26,
norwegian_2,en,gemini25pro,apd,def,0.688,2026-01-29 14:07:26,
norwegian_2,en,gemini25pro,amd,def,0.734,2026-01-29 14:07:26,
norwegian_2,en,gemini25pro,amd_sym,def,0.738,2026-01-29 14:07:26,
norwegian_2,en,gemini25pro,amd_opt_sym,def,0.75,2026-01-29 14:07:26,
norwegian_2,norwegian_NB-BERT,gemini25pro,prt,full,0.321,2026-01-29 14:07:27,
norwegian_2,norwegian_NB-BERT,gemini25pro,apd,full,0.465,2026-01-29 14:07:27,
norwegian_2,norwegian_NB-BERT,gemini25pro,amd,full,0.254,2026-01-29 14:07:27,
norwegian_2,norwegian_NB-BERT,gemini25pro,amd_sym,full,0.355,2026-01-29 14:07:27,
norwegian_2,norwegian_NB-BERT,gemini25pro,amd_opt_sym,full,0.329,2026-01-29 14:07:27,
norwegian_2,norwegian_NB-BERT,gemini25pro,prt,pca,-0.083,2026-01-29 14:07:27,
norwegian_2,norwegian_NB-BERT,gemini25pro,apd,pca,-0.149,2026-01-29 14:07:27,
norwegian_2,norwegian_NB-BERT,gemini25pro,amd,pca,0.41,2026-01-29 14:07:27,
norwegian_2,norwegian_NB-BERT,gemini25pro,amd_sym,pca,0.424,2026-01-29 14:07:27,
norwegian_2,norwegian_NB-BERT,gemini25pro,amd_opt_sym,pca,0.447,2026-01-29 14:07:27,
norwegian_2,norwegian_NB-BERT,gemini25pro,prt,def,0.427,2026-01-29 14:07:27,
norwegian_2,norwegian_NB-BERT,gemini25pro,apd,def,0.429,2026-01-29 14:07:27,
norwegian_2,norwegian_NB-BERT,gemini25pro,amd,def,0.47,2026-01-29 14:07:27,
norwegian_2,norwegian_NB-BERT,gemini25pro,amd_sym,def,0.436,2026-01-29 14:07:27,
norwegian_2,norwegian_NB-BERT,gemini25pro,amd_opt_sym,def,0.434,2026-01-29 14:07:27,
english,xll,gemini25pro,prt,rand,0.566,2026-01-29 14:17:32,
english,xll,gemini25pro,apd,rand,0.619,2026-01-29 14:17:32,
english,xll,gemini25pro,amd,rand,0.621,2026-01-29 14:17:32,
english,xll,gemini25pro,amd_sym,rand,0.676,2026-01-29 14:17:32,
english,xll,gemini25pro,amd_opt_sym,rand,0.673,2026-01-29 14:17:32,
english,xlmr,gemini25pro,prt,rand,0.068,2026-01-29 14:17:34,
english,xlmr,gemini25pro,apd,rand,-0.098,2026-01-29 14:17:34,
english,xlmr,gemini25pro,amd,rand,0.439,2026-01-29 14:17:34,
english,xlmr,gemini25pro,amd_sym,rand,0.45,2026-01-29 14:17:34,
english,xlmr,gemini25pro,amd_opt_sym,rand,0.43,2026-01-29 14:17:34,
english,rembert,gemini25pro,prt,rand,0.367,2026-01-29 14:17:35,
english,rembert,gemini25pro,apd,rand,0.404,2026-01-29 14:17:35,
english,rembert,gemini25pro,amd,rand,0.412,2026-01-29 14:17:35,
english,rembert,gemini25pro,amd_sym,rand,0.382,2026-01-29 14:17:35,
english,rembert,gemini25pro,amd_opt_sym,rand,0.424,2026-01-29 14:17:35,
english,multilingual-e5,gemini25pro,prt,rand,0.323,2026-01-29 14:17:36,
english,multilingual-e5,gemini25pro,apd,rand,0.099,2026-01-29 14:17:36,
english,multilingual-e5,gemini25pro,amd,rand,0.369,2026-01-29 14:17:36,
english,multilingual-e5,gemini25pro,amd_sym,rand,0.374,2026-01-29 14:17:36,
english,multilingual-e5,gemini25pro,amd_opt_sym,rand,0.367,2026-01-29 14:17:36,
english,mmbert,gemini25pro,prt,rand,0.081,2026-01-29 14:17:37,
english,mmbert,gemini25pro,apd,rand,0.074,2026-01-29 14:17:37,
english,mmbert,gemini25pro,amd,rand,0.448,2026-01-29 14:17:37,
english,mmbert,gemini25pro,amd_sym,rand,0.38,2026-01-29 14:17:37,
english,mmbert,gemini25pro,amd_opt_sym,rand,0.38,2026-01-29 14:17:37,
english,en,gemini25pro,prt,rand,0.399,2026-01-29 14:17:39,
english,en,gemini25pro,apd,rand,0.456,2026-01-29 14:17:39,
english,en,gemini25pro,amd,rand,0.623,2026-01-29 14:17:39,
english,en,gemini25pro,amd_sym,rand,0.69,2026-01-29 14:17:39,
english,en,gemini25pro,amd_opt_sym,rand,0.707,2026-01-29 14:17:39,
english,roberta,gemini25pro,prt,rand,-0.06,2026-01-29 14:17:40,
english,roberta,gemini25pro,apd,rand,-0.217,2026-01-29 14:17:40,
english,roberta,gemini25pro,amd,rand,0.408,2026-01-29 14:17:40,
english,roberta,gemini25pro,amd_sym,rand,0.456,2026-01-29 14:17:40,
english,roberta,gemini25pro,amd_opt_sym,rand,0.453,2026-01-29 14:17:40,
german,xll,gemini25pro,prt,rand,0.627,2026-01-29 14:17:41,
german,xll,gemini25pro,apd,rand,0.527,2026-01-29 14:17:41,
german,xll,gemini25pro,amd,rand,0.707,2026-01-29 14:17:41,
german,xll,gemini25pro,amd_sym,rand,0.778,2026-01-29 14:17:41,
german,xll,gemini25pro,amd_opt_sym,rand,0.785,2026-01-29 14:17:41,
german,xlmr,gemini25pro,prt,rand,0.349,2026-01-29 14:17:42,
german,xlmr,gemini25pro,apd,rand,0.201,2026-01-29 14:17:42,
german,xlmr,gemini25pro,amd,rand,0.505,2026-01-29 14:17:42,
german,xlmr,gemini25pro,amd_sym,rand,0.482,2026-01-29 14:17:42,
german,xlmr,gemini25pro,amd_opt_sym,rand,0.499,2026-01-29 14:17:42,
german,rembert,gemini25pro,prt,rand,0.155,2026-01-29 14:17:43,
german,rembert,gemini25pro,apd,rand,-0.104,2026-01-29 14:17:43,
german,rembert,gemini25pro,amd,rand,0.497,2026-01-29 14:17:43,
german,rembert,gemini25pro,amd_sym,rand,0.508,2026-01-29 14:17:43,
german,rembert,gemini25pro,amd_opt_sym,rand,0.537,2026-01-29 14:17:43,
german,multilingual-e5,gemini25pro,prt,rand,0.372,2026-01-29 14:17:43,
german,multilingual-e5,gemini25pro,apd,rand,0.128,2026-01-29 14:17:43,
german,multilingual-e5,gemini25pro,amd,rand,0.458,2026-01-29 14:17:43,
german,multilingual-e5,gemini25pro,amd_sym,rand,0.535,2026-01-29 14:17:43,
german,multilingual-e5,gemini25pro,amd_opt_sym,rand,0.53,2026-01-29 14:17:43,
german,mmbert,gemini25pro,prt,rand,0.445,2026-01-29 14:17:44,
german,mmbert,gemini25pro,apd,rand,0.247,2026-01-29 14:17:44,
german,mmbert,gemini25pro,amd,rand,0.431,2026-01-29 14:17:44,
german,mmbert,gemini25pro,amd_sym,rand,0.427,2026-01-29 14:17:44,
german,mmbert,gemini25pro,amd_opt_sym,rand,0.429,2026-01-29 14:17:44,
german,en,gemini25pro,prt,rand,0.481,2026-01-29 14:17:45,
german,en,gemini25pro,apd,rand,0.183,2026-01-29 14:17:45,
german,en,gemini25pro,amd,rand,0.587,2026-01-29 14:17:45,
german,en,gemini25pro,amd_sym,rand,0.681,2026-01-29 14:17:45,
german,en,gemini25pro,amd_opt_sym,rand,0.686,2026-01-29 14:17:45,
german,german_GBERT,gemini25pro,prt,rand,0.309,2026-01-29 14:17:46,
german,german_GBERT,gemini25pro,apd,rand,-0.146,2026-01-29 14:17:46,
german,german_GBERT,gemini25pro,amd,rand,0.444,2026-01-29 14:17:46,
german,german_GBERT,gemini25pro,amd_sym,rand,0.452,2026-01-29 14:17:46,
german,german_GBERT,gemini25pro,amd_opt_sym,rand,0.451,2026-01-29 14:17:46,
swedish,xll,gemini25pro,prt,rand,0.163,2026-01-29 14:17:47,
swedish,xll,gemini25pro,apd,rand,0.131,2026-01-29 14:17:47,
swedish,xll,gemini25pro,amd,rand,0.657,2026-01-29 14:17:47,
swedish,xll,gemini25pro,amd_sym,rand,0.656,2026-01-29 14:17:47,
swedish,xll,gemini25pro,amd_opt_sym,rand,0.656,2026-01-29 14:17:47,
swedish,xlmr,gemini25pro,prt,rand,-0.126,2026-01-29 14:17:49,
swedish,xlmr,gemini25pro,apd,rand,-0.125,2026-01-29 14:17:49,
swedish,xlmr,gemini25pro,amd,rand,0.484,2026-01-29 14:17:49,
swedish,xlmr,gemini25pro,amd_sym,rand,0.393,2026-01-29 14:17:49,
swedish,xlmr,gemini25pro,amd_opt_sym,rand,0.391,2026-01-29 14:17:49,
swedish,rembert,gemini25pro,prt,rand,0.169,2026-01-29 14:17:50,
swedish,rembert,gemini25pro,apd,rand,0.268,2026-01-29 14:17:50,
swedish,rembert,gemini25pro,amd,rand,0.502,2026-01-29 14:17:50,
swedish,rembert,gemini25pro,amd_sym,rand,0.376,2026-01-29 14:17:50,
swedish,rembert,gemini25pro,amd_opt_sym,rand,0.381,2026-01-29 14:17:50,
swedish,multilingual-e5,gemini25pro,prt,rand,-0.245,2026-01-29 14:17:52,
swedish,multilingual-e5,gemini25pro,apd,rand,0.019,2026-01-29 14:17:52,
swedish,multilingual-e5,gemini25pro,amd,rand,0.555,2026-01-29 14:17:52,
swedish,multilingual-e5,gemini25pro,amd_sym,rand,0.443,2026-01-29 14:17:52,
swedish,multilingual-e5,gemini25pro,amd_opt_sym,rand,0.457,2026-01-29 14:17:52,
swedish,mmbert,gemini25pro,prt,rand,0.154,2026-01-29 14:17:53,
swedish,mmbert,gemini25pro,apd,rand,0.147,2026-01-29 14:17:53,
swedish,mmbert,gemini25pro,amd,rand,0.562,2026-01-29 14:17:53,
swedish,mmbert,gemini25pro,amd_sym,rand,0.437,2026-01-29 14:17:53,
swedish,mmbert,gemini25pro,amd_opt_sym,rand,0.424,2026-01-29 14:17:53,
swedish,en,gemini25pro,prt,rand,0.275,2026-01-29 14:17:54,
swedish,en,gemini25pro,apd,rand,0.351,2026-01-29 14:17:54,
swedish,en,gemini25pro,amd,rand,0.537,2026-01-29 14:17:54,
swedish,en,gemini25pro,amd_sym,rand,0.461,2026-01-29 14:17:54,
swedish,en,gemini25pro,amd_opt_sym,rand,0.468,2026-01-29 14:17:54,
swedish,swedish_MegatronBERT,gemini25pro,prt,rand,0.114,2026-01-29 14:17:56,
swedish,swedish_MegatronBERT,gemini25pro,apd,rand,0.067,2026-01-29 14:17:56,
swedish,swedish_MegatronBERT,gemini25pro,amd,rand,0.507,2026-01-29 14:17:56,
swedish,swedish_MegatronBERT,gemini25pro,amd_sym,rand,0.406,2026-01-29 14:17:56,
swedish,swedish_MegatronBERT,gemini25pro,amd_opt_sym,rand,0.425,2026-01-29 14:17:56,
latin,xll,gemini25pro,prt,rand,0.218,2026-01-29 14:17:58,
latin,xll,gemini25pro,apd,rand,0.015,2026-01-29 14:17:58,
latin,xll,gemini25pro,amd,rand,0.27,2026-01-29 14:17:58,
latin,xll,gemini25pro,amd_sym,rand,0.382,2026-01-29 14:17:58,
latin,xll,gemini25pro,amd_opt_sym,rand,0.384,2026-01-29 14:17:58,
latin,xlmr,gemini25pro,prt,rand,0.412,2026-01-29 14:18:00,
latin,xlmr,gemini25pro,apd,rand,0.206,2026-01-29 14:18:00,
latin,xlmr,gemini25pro,amd,rand,0.241,2026-01-29 14:18:00,
latin,xlmr,gemini25pro,amd_sym,rand,0.26,2026-01-29 14:18:00,
latin,xlmr,gemini25pro,amd_opt_sym,rand,0.257,2026-01-29 14:18:00,
latin,rembert,gemini25pro,prt,rand,0.174,2026-01-29 14:18:02,
latin,rembert,gemini25pro,apd,rand,-0.135,2026-01-29 14:18:02,
latin,rembert,gemini25pro,amd,rand,0.131,2026-01-29 14:18:02,
latin,rembert,gemini25pro,amd_sym,rand,0.136,2026-01-29 14:18:02,
latin,rembert,gemini25pro,amd_opt_sym,rand,0.156,2026-01-29 14:18:02,
latin,multilingual-e5,gemini25pro,prt,rand,0.415,2026-01-29 14:18:04,
latin,multilingual-e5,gemini25pro,apd,rand,-0.033,2026-01-29 14:18:04,
latin,multilingual-e5,gemini25pro,amd,rand,0.333,2026-01-29 14:18:04,
latin,multilingual-e5,gemini25pro,amd_sym,rand,0.409,2026-01-29 14:18:04,
latin,multilingual-e5,gemini25pro,amd_opt_sym,rand,0.385,2026-01-29 14:18:04,
latin,mmbert,gemini25pro,prt,rand,0.285,2026-01-29 14:18:06,
latin,mmbert,gemini25pro,apd,rand,-0.145,2026-01-29 14:18:06,
latin,mmbert,gemini25pro,amd,rand,0.188,2026-01-29 14:18:06,
latin,mmbert,gemini25pro,amd_sym,rand,0.239,2026-01-29 14:18:06,
latin,mmbert,gemini25pro,amd_opt_sym,rand,0.211,2026-01-29 14:18:06,
latin,en,gemini25pro,prt,rand,0.409,2026-01-29 14:18:08,
latin,en,gemini25pro,apd,rand,0.214,2026-01-29 14:18:08,
latin,en,gemini25pro,amd,rand,0.225,2026-01-29 14:18:08,
latin,en,gemini25pro,amd_sym,rand,0.291,2026-01-29 14:18:08,
latin,en,gemini25pro,amd_opt_sym,rand,0.278,2026-01-29 14:18:08,
latin,latin_BammanBurns,gemini25pro,prt,rand,0.031,2026-01-29 14:18:10,
latin,latin_BammanBurns,gemini25pro,apd,rand,-0.154,2026-01-29 14:18:10,
latin,latin_BammanBurns,gemini25pro,amd,rand,0.257,2026-01-29 14:18:10,
latin,latin_BammanBurns,gemini25pro,amd_sym,rand,0.247,2026-01-29 14:18:10,
latin,latin_BammanBurns,gemini25pro,amd_opt_sym,rand,0.258,2026-01-29 14:18:10,
spanish,xll,gemini25pro,prt,rand,0.508,2026-01-29 14:18:10,
spanish,xll,gemini25pro,apd,rand,0.409,2026-01-29 14:18:10,
spanish,xll,gemini25pro,amd,rand,0.613,2026-01-29 14:18:10,
spanish,xll,gemini25pro,amd_sym,rand,0.615,2026-01-29 14:18:10,
spanish,xll,gemini25pro,amd_opt_sym,rand,0.617,2026-01-29 14:18:10,
spanish,xlmr,gemini25pro,prt,rand,0.34,2026-01-29 14:18:10,
spanish,xlmr,gemini25pro,apd,rand,0.209,2026-01-29 14:18:10,
spanish,xlmr,gemini25pro,amd,rand,0.472,2026-01-29 14:18:10,
spanish,xlmr,gemini25pro,amd_sym,rand,0.484,2026-01-29 14:18:10,
spanish,xlmr,gemini25pro,amd_opt_sym,rand,0.486,2026-01-29 14:18:10,
spanish,rembert,gemini25pro,prt,rand,0.12,2026-01-29 14:18:10,
spanish,rembert,gemini25pro,apd,rand,0.104,2026-01-29 14:18:10,
spanish,rembert,gemini25pro,amd,rand,0.442,2026-01-29 14:18:10,
spanish,rembert,gemini25pro,amd_sym,rand,0.418,2026-01-29 14:18:10,
spanish,rembert,gemini25pro,amd_opt_sym,rand,0.419,2026-01-29 14:18:10,
spanish,multilingual-e5,gemini25pro,prt,rand,0.088,2026-01-29 14:18:11,
spanish,multilingual-e5,gemini25pro,apd,rand,-0.109,2026-01-29 14:18:11,
spanish,multilingual-e5,gemini25pro,amd,rand,0.444,2026-01-29 14:18:11,
spanish,multilingual-e5,gemini25pro,amd_sym,rand,0.433,2026-01-29 14:18:11,
spanish,multilingual-e5,gemini25pro,amd_opt_sym,rand,0.435,2026-01-29 14:18:11,
spanish,mmbert,gemini25pro,prt,rand,0.135,2026-01-29 14:18:11,
spanish,mmbert,gemini25pro,apd,rand,-0.02,2026-01-29 14:18:11,
spanish,mmbert,gemini25pro,amd,rand,0.433,2026-01-29 14:18:11,
spanish,mmbert,gemini25pro,amd_sym,rand,0.378,2026-01-29 14:18:11,
spanish,mmbert,gemini25pro,amd_opt_sym,rand,0.382,2026-01-29 14:18:11,
spanish,en,gemini25pro,prt,rand,0.393,2026-01-29 14:18:11,
spanish,en,gemini25pro,apd,rand,0.485,2026-01-29 14:18:11,
spanish,en,gemini25pro,amd,rand,0.618,2026-01-29 14:18:11,
spanish,en,gemini25pro,amd_sym,rand,0.58,2026-01-29 14:18:11,
spanish,en,gemini25pro,amd_opt_sym,rand,0.59,2026-01-29 14:18:11,
spanish,spanish_BERT_WWM,gemini25pro,prt,rand,0.172,2026-01-29 14:18:11,
spanish,spanish_BERT_WWM,gemini25pro,apd,rand,0.077,2026-01-29 14:18:11,
spanish,spanish_BERT_WWM,gemini25pro,amd,rand,0.5,2026-01-29 14:18:11,
spanish,spanish_BERT_WWM,gemini25pro,amd_sym,rand,0.507,2026-01-29 14:18:11,
spanish,spanish_BERT_WWM,gemini25pro,amd_opt_sym,rand,0.509,2026-01-29 14:18:11,
chinese,xll,gemini25pro,prt,rand,0.596,2026-01-29 14:18:11,
chinese,xll,gemini25pro,apd,rand,0.588,2026-01-29 14:18:11,
chinese,xll,gemini25pro,amd,rand,0.784,2026-01-29 14:18:11,
chinese,xll,gemini25pro,amd_sym,rand,0.778,2026-01-29 14:18:11,
chinese,xll,gemini25pro,amd_opt_sym,rand,0.78,2026-01-29 14:18:11,
chinese,xlmr,gemini25pro,prt,rand,0.194,2026-01-29 14:18:11,
chinese,xlmr,gemini25pro,apd,rand,-0.121,2026-01-29 14:18:11,
chinese,xlmr,gemini25pro,amd,rand,0.549,2026-01-29 14:18:11,
chinese,xlmr,gemini25pro,amd_sym,rand,0.399,2026-01-29 14:18:11,
chinese,xlmr,gemini25pro,amd_opt_sym,rand,0.425,2026-01-29 14:18:11,
chinese,rembert,gemini25pro,prt,rand,0.467,2026-01-29 14:18:11,
chinese,rembert,gemini25pro,apd,rand,0.333,2026-01-29 14:18:11,
chinese,rembert,gemini25pro,amd,rand,0.515,2026-01-29 14:18:11,
chinese,rembert,gemini25pro,amd_sym,rand,0.497,2026-01-29 14:18:11,
chinese,rembert,gemini25pro,amd_opt_sym,rand,0.494,2026-01-29 14:18:11,
chinese,multilingual-e5,gemini25pro,prt,rand,0.283,2026-01-29 14:18:11,
chinese,multilingual-e5,gemini25pro,apd,rand,-0.013,2026-01-29 14:18:11,
chinese,multilingual-e5,gemini25pro,amd,rand,0.603,2026-01-29 14:18:11,
chinese,multilingual-e5,gemini25pro,amd_sym,rand,0.594,2026-01-29 14:18:11,
chinese,multilingual-e5,gemini25pro,amd_opt_sym,rand,0.582,2026-01-29 14:18:11,
chinese,mmbert,gemini25pro,prt,rand,-0.122,2026-01-29 14:18:11,
chinese,mmbert,gemini25pro,apd,rand,-0.316,2026-01-29 14:18:11,
chinese,mmbert,gemini25pro,amd,rand,0.59,2026-01-29 14:18:11,
chinese,mmbert,gemini25pro,amd_sym,rand,0.534,2026-01-29 14:18:11,
chinese,mmbert,gemini25pro,amd_opt_sym,rand,0.581,2026-01-29 14:18:11,
chinese,en,gemini25pro,prt,rand,0.513,2026-01-29 14:18:11,
chinese,en,gemini25pro,apd,rand,0.357,2026-01-29 14:18:11,
chinese,en,gemini25pro,amd,rand,0.696,2026-01-29 14:18:11,
chinese,en,gemini25pro,amd_sym,rand,0.685,2026-01-29 14:18:11,
chinese,en,gemini25pro,amd_opt_sym,rand,0.687,2026-01-29 14:18:11,
chinese,chinese_RoBERTa_WWM,gemini25pro,prt,rand,0.233,2026-01-29 14:18:12,
chinese,chinese_RoBERTa_WWM,gemini25pro,apd,rand,-0.057,2026-01-29 14:18:12,
chinese,chinese_RoBERTa_WWM,gemini25pro,amd,rand,0.571,2026-01-29 14:18:12,
chinese,chinese_RoBERTa_WWM,gemini25pro,amd_sym,rand,0.565,2026-01-29 14:18:12,
chinese,chinese_RoBERTa_WWM,gemini25pro,amd_opt_sym,rand,0.563,2026-01-29 14:18:12,
norwegian_1,xll,gemini25pro,prt,rand,0.575,2026-01-29 14:18:12,
norwegian_1,xll,gemini25pro,apd,rand,0.629,2026-01-29 14:18:12,
norwegian_1,xll,gemini25pro,amd,rand,0.602,2026-01-29 14:18:12,
norwegian_1,xll,gemini25pro,amd_sym,rand,0.639,2026-01-29 14:18:12,
norwegian_1,xll,gemini25pro,amd_opt_sym,rand,0.631,2026-01-29 14:18:12,
norwegian_1,xlmr,gemini25pro,prt,rand,0.287,2026-01-29 14:18:12,
norwegian_1,xlmr,gemini25pro,apd,rand,0.179,2026-01-29 14:18:12,
norwegian_1,xlmr,gemini25pro,amd,rand,0.47,2026-01-29 14:18:12,
norwegian_1,xlmr,gemini25pro,amd_sym,rand,0.426,2026-01-29 14:18:12,
norwegian_1,xlmr,gemini25pro,amd_opt_sym,rand,0.443,2026-01-29 14:18:12,
norwegian_1,rembert,gemini25pro,prt,rand,0.339,2026-01-29 14:18:12,
norwegian_1,rembert,gemini25pro,apd,rand,0.059,2026-01-29 14:18:12,
norwegian_1,rembert,gemini25pro,amd,rand,0.512,2026-01-29 14:18:12,
norwegian_1,rembert,gemini25pro,amd_sym,rand,0.57,2026-01-29 14:18:12,
norwegian_1,rembert,gemini25pro,amd_opt_sym,rand,0.549,2026-01-29 14:18:12,
norwegian_1,multilingual-e5,gemini25pro,prt,rand,0.33,2026-01-29 14:18:12,
norwegian_1,multilingual-e5,gemini25pro,apd,rand,0.149,2026-01-29 14:18:12,
norwegian_1,multilingual-e5,gemini25pro,amd,rand,0.529,2026-01-29 14:18:12,
norwegian_1,multilingual-e5,gemini25pro,amd_sym,rand,0.459,2026-01-29 14:18:12,
norwegian_1,multilingual-e5,gemini25pro,amd_opt_sym,rand,0.466,2026-01-29 14:18:12,
norwegian_1,mmbert,gemini25pro,prt,rand,0.28,2026-01-29 14:18:12,
norwegian_1,mmbert,gemini25pro,apd,rand,-0.008,2026-01-29 14:18:12,
norwegian_1,mmbert,gemini25pro,amd,rand,0.56,2026-01-29 14:18:12,
norwegian_1,mmbert,gemini25pro,amd_sym,rand,0.631,2026-01-29 14:18:12,
norwegian_1,mmbert,gemini25pro,amd_opt_sym,rand,0.625,2026-01-29 14:18:12,
norwegian_1,en,gemini25pro,prt,rand,0.622,2026-01-29 14:18:12,
norwegian_1,en,gemini25pro,apd,rand,0.438,2026-01-29 14:18:12,
norwegian_1,en,gemini25pro,amd,rand,0.668,2026-01-29 14:18:12,
norwegian_1,en,gemini25pro,amd_sym,rand,0.667,2026-01-29 14:18:12,
norwegian_1,en,gemini25pro,amd_opt_sym,rand,0.676,2026-01-29 14:18:12,
norwegian_1,norwegian_NB-BERT,gemini25pro,prt,rand,0.484,2026-01-29 14:18:12,
norwegian_1,norwegian_NB-BERT,gemini25pro,apd,rand,0.495,2026-01-29 14:18:12,
norwegian_1,norwegian_NB-BERT,gemini25pro,amd,rand,0.593,2026-01-29 14:18:12,
norwegian_1,norwegian_NB-BERT,gemini25pro,amd_sym,rand,0.469,2026-01-29 14:18:12,
norwegian_1,norwegian_NB-BERT,gemini25pro,amd_opt_sym,rand,0.483,2026-01-29 14:18:12,
norwegian_2,xll,gemini25pro,prt,rand,0.411,2026-01-29 14:18:12,
norwegian_2,xll,gemini25pro,apd,rand,0.378,2026-01-29 14:18:12,
norwegian_2,xll,gemini25pro,amd,rand,0.606,2026-01-29 14:18:12,
norwegian_2,xll,gemini25pro,amd_sym,rand,0.595,2026-01-29 14:18:12,
norwegian_2,xll,gemini25pro,amd_opt_sym,rand,0.621,2026-01-29 14:18:12,
norwegian_2,xlmr,gemini25pro,prt,rand,0.268,2026-01-29 14:18:12,
norwegian_2,xlmr,gemini25pro,apd,rand,0.184,2026-01-29 14:18:12,
norwegian_2,xlmr,gemini25pro,amd,rand,0.45,2026-01-29 14:18:12,
norwegian_2,xlmr,gemini25pro,amd_sym,rand,0.46,2026-01-29 14:18:12,
norwegian_2,xlmr,gemini25pro,amd_opt_sym,rand,0.449,2026-01-29 14:18:12,
norwegian_2,rembert,gemini25pro,prt,rand,0.299,2026-01-29 14:18:12,
norwegian_2,rembert,gemini25pro,apd,rand,0.21,2026-01-29 14:18:12,
norwegian_2,rembert,gemini25pro,amd,rand,0.458,2026-01-29 14:18:12,
norwegian_2,rembert,gemini25pro,amd_sym,rand,0.458,2026-01-29 14:18:12,
norwegian_2,rembert,gemini25pro,amd_opt_sym,rand,0.474,2026-01-29 14:18:12,
norwegian_2,multilingual-e5,gemini25pro,prt,rand,0.136,2026-01-29 14:18:12,
norwegian_2,multilingual-e5,gemini25pro,apd,rand,0.14,2026-01-29 14:18:12,
norwegian_2,multilingual-e5,gemini25pro,amd,rand,0.445,2026-01-29 14:18:12,
norwegian_2,multilingual-e5,gemini25pro,amd_sym,rand,0.372,2026-01-29 14:18:12,
norwegian_2,multilingual-e5,gemini25pro,amd_opt_sym,rand,0.413,2026-01-29 14:18:12,
norwegian_2,mmbert,gemini25pro,prt,rand,0.327,2026-01-29 14:18:12,
norwegian_2,mmbert,gemini25pro,apd,rand,0.047,2026-01-29 14:18:12,
norwegian_2,mmbert,gemini25pro,amd,rand,0.41,2026-01-29 14:18:12,
norwegian_2,mmbert,gemini25pro,amd_sym,rand,0.325,2026-01-29 14:18:12,
norwegian_2,mmbert,gemini25pro,amd_opt_sym,rand,0.329,2026-01-29 14:18:12,
norwegian_2,en,gemini25pro,prt,rand,0.173,2026-01-29 14:18:12,
norwegian_2,en,gemini25pro,apd,rand,0.379,2026-01-29 14:18:12,
norwegian_2,en,gemini25pro,amd,rand,0.537,2026-01-29 14:18:12,
norwegian_2,en,gemini25pro,amd_sym,rand,0.536,2026-01-29 14:18:12,
norwegian_2,en,gemini25pro,amd_opt_sym,rand,0.552,2026-01-29 14:18:12,
norwegian_2,norwegian_NB-BERT,gemini25pro,prt,rand,0.232,2026-01-29 14:18:12,
norwegian_2,norwegian_NB-BERT,gemini25pro,apd,rand,0.119,2026-01-29 14:18:12,
norwegian_2,norwegian_NB-BERT,gemini25pro,amd,rand,0.444,2026-01-29 14:18:12,
norwegian_2,norwegian_NB-BERT,gemini25pro,amd_sym,rand,0.384,2026-01-29 14:18:12,
norwegian_2,norwegian_NB-BERT,gemini25pro,amd_opt_sym,rand,0.419,2026-01-29 14:18:12,
english,xll,gemini25pro,prt,random_num1024,0.482,2026-01-29 14:27:56,
english,xll,gemini25pro,apd,random_num1024,0.781,2026-01-29 14:27:56,
english,xll,gemini25pro,amd,random_num1024,0.638,2026-01-29 14:27:56,
english,xll,gemini25pro,amd_sym,random_num1024,0.7,2026-01-29 14:27:56,
english,xll,gemini25pro,amd_opt_sym,random_num1024,0.711,2026-01-29 14:27:56,
english,xll,gemini25pro,prt,pca_num1024,-0.098,2026-01-29 14:27:56,
english,xll,gemini25pro,apd,pca_num1024,0.224,2026-01-29 14:27:56,
english,xll,gemini25pro,amd,pca_num1024,0.649,2026-01-29 14:27:56,
english,xll,gemini25pro,amd_sym,pca_num1024,0.702,2026-01-29 14:27:56,
english,xll,gemini25pro,amd_opt_sym,pca_num1024,0.711,2026-01-29 14:27:56,
english,xlmr,gemini25pro,prt,random_num1024,0.302,2026-01-29 14:28:03,
english,xlmr,gemini25pro,apd,random_num1024,0.517,2026-01-29 14:28:03,
english,xlmr,gemini25pro,amd,random_num1024,0.534,2026-01-29 14:28:03,
english,xlmr,gemini25pro,amd_sym,random_num1024,0.504,2026-01-29 14:28:03,
english,xlmr,gemini25pro,amd_opt_sym,random_num1024,0.5,2026-01-29 14:28:03,
english,xlmr,gemini25pro,prt,pca_num1024,0.122,2026-01-29 14:28:03,
english,xlmr,gemini25pro,apd,pca_num1024,0.279,2026-01-29 14:28:03,
english,xlmr,gemini25pro,amd,pca_num1024,0.477,2026-01-29 14:28:03,
english,xlmr,gemini25pro,amd_sym,pca_num1024,0.462,2026-01-29 14:28:03,
english,xlmr,gemini25pro,amd_opt_sym,pca_num1024,0.491,2026-01-29 14:28:03,
english,rembert,gemini25pro,prt,random_num1024,0.269,2026-01-29 14:28:10,
english,rembert,gemini25pro,apd,random_num1024,0.251,2026-01-29 14:28:10,
english,rembert,gemini25pro,amd,random_num1024,0.338,2026-01-29 14:28:10,
english,rembert,gemini25pro,amd_sym,random_num1024,0.357,2026-01-29 14:28:10,
english,rembert,gemini25pro,amd_opt_sym,random_num1024,0.351,2026-01-29 14:28:10,
english,rembert,gemini25pro,prt,pca_num1024,0.103,2026-01-29 14:28:10,
english,rembert,gemini25pro,apd,pca_num1024,0.21,2026-01-29 14:28:10,
english,rembert,gemini25pro,amd,pca_num1024,0.313,2026-01-29 14:28:10,
english,rembert,gemini25pro,amd_sym,pca_num1024,0.303,2026-01-29 14:28:10,
english,rembert,gemini25pro,amd_opt_sym,pca_num1024,0.313,2026-01-29 14:28:10,
english,multilingual-e5,gemini25pro,prt,random_num1024,0.272,2026-01-29 14:28:18,
english,multilingual-e5,gemini25pro,apd,random_num1024,0.324,2026-01-29 14:28:18,
english,multilingual-e5,gemini25pro,amd,random_num1024,0.32,2026-01-29 14:28:18,
english,multilingual-e5,gemini25pro,amd_sym,random_num1024,0.314,2026-01-29 14:28:18,
english,multilingual-e5,gemini25pro,amd_opt_sym,random_num1024,0.317,2026-01-29 14:28:18,
english,multilingual-e5,gemini25pro,prt,pca_num1024,-0.066,2026-01-29 14:28:18,
english,multilingual-e5,gemini25pro,apd,pca_num1024,0.24,2026-01-29 14:28:18,
english,multilingual-e5,gemini25pro,amd,pca_num1024,0.09,2026-01-29 14:28:18,
english,multilingual-e5,gemini25pro,amd_sym,pca_num1024,0.149,2026-01-29 14:28:18,
english,multilingual-e5,gemini25pro,amd_opt_sym,pca_num1024,0.161,2026-01-29 14:28:18,
english,mmbert,gemini25pro,prt,random_num1024,0.194,2026-01-29 14:28:25,
english,mmbert,gemini25pro,apd,random_num1024,0.531,2026-01-29 14:28:25,
english,mmbert,gemini25pro,amd,random_num1024,0.421,2026-01-29 14:28:25,
english,mmbert,gemini25pro,amd_sym,random_num1024,0.364,2026-01-29 14:28:25,
english,mmbert,gemini25pro,amd_opt_sym,random_num1024,0.374,2026-01-29 14:28:25,
english,mmbert,gemini25pro,prt,pca_num1024,-0.024,2026-01-29 14:28:25,
english,mmbert,gemini25pro,apd,pca_num1024,0.103,2026-01-29 14:28:25,
english,mmbert,gemini25pro,amd,pca_num1024,0.461,2026-01-29 14:28:25,
english,mmbert,gemini25pro,amd_sym,pca_num1024,0.348,2026-01-29 14:28:25,
english,mmbert,gemini25pro,amd_opt_sym,pca_num1024,0.374,2026-01-29 14:28:25,
english,en,gemini25pro,prt,random_num1024,0.535,2026-01-29 14:28:32,
english,en,gemini25pro,apd,random_num1024,0.772,2026-01-29 14:28:32,
english,en,gemini25pro,amd,random_num1024,0.71,2026-01-29 14:28:32,
english,en,gemini25pro,amd_sym,random_num1024,0.717,2026-01-29 14:28:32,
english,en,gemini25pro,amd_opt_sym,random_num1024,0.72,2026-01-29 14:28:32,
english,en,gemini25pro,prt,pca_num1024,-0.255,2026-01-29 14:28:32,
english,en,gemini25pro,apd,pca_num1024,0.231,2026-01-29 14:28:32,
english,en,gemini25pro,amd,pca_num1024,0.711,2026-01-29 14:28:32,
english,en,gemini25pro,amd_sym,pca_num1024,0.721,2026-01-29 14:28:32,
english,en,gemini25pro,amd_opt_sym,pca_num1024,0.726,2026-01-29 14:28:32,
english,roberta,gemini25pro,prt,random_num1024,0.139,2026-01-29 14:28:39,
english,roberta,gemini25pro,apd,random_num1024,0.389,2026-01-29 14:28:39,
english,roberta,gemini25pro,amd,random_num1024,0.414,2026-01-29 14:28:39,
english,roberta,gemini25pro,amd_sym,random_num1024,0.308,2026-01-29 14:28:39,
english,roberta,gemini25pro,amd_opt_sym,random_num1024,0.355,2026-01-29 14:28:39,
english,roberta,gemini25pro,prt,pca_num1024,-0.199,2026-01-29 14:28:39,
english,roberta,gemini25pro,apd,pca_num1024,0.092,2026-01-29 14:28:39,
english,roberta,gemini25pro,amd,pca_num1024,0.447,2026-01-29 14:28:39,
english,roberta,gemini25pro,amd_sym,pca_num1024,0.258,2026-01-29 14:28:39,
english,roberta,gemini25pro,amd_opt_sym,pca_num1024,0.314,2026-01-29 14:28:39,
german,xll,gemini25pro,prt,random_num1024,0.881,2026-01-29 14:28:44,
german,xll,gemini25pro,apd,random_num1024,0.873,2026-01-29 14:28:44,
german,xll,gemini25pro,amd,random_num1024,0.804,2026-01-29 14:28:44,
german,xll,gemini25pro,amd_sym,random_num1024,0.903,2026-01-29 14:28:44,
german,xll,gemini25pro,amd_opt_sym,random_num1024,0.909,2026-01-29 14:28:44,
german,xll,gemini25pro,prt,pca_num1024,0.19,2026-01-29 14:28:44,
german,xll,gemini25pro,apd,pca_num1024,0.703,2026-01-29 14:28:44,
german,xll,gemini25pro,amd,pca_num1024,0.811,2026-01-29 14:28:44,
german,xll,gemini25pro,amd_sym,pca_num1024,0.905,2026-01-29 14:28:44,
german,xll,gemini25pro,amd_opt_sym,pca_num1024,0.91,2026-01-29 14:28:44,
german,xlmr,gemini25pro,prt,random_num1024,0.491,2026-01-29 14:28:50,
german,xlmr,gemini25pro,apd,random_num1024,0.372,2026-01-29 14:28:50,
german,xlmr,gemini25pro,amd,random_num1024,0.447,2026-01-29 14:28:50,
german,xlmr,gemini25pro,amd_sym,random_num1024,0.385,2026-01-29 14:28:50,
german,xlmr,gemini25pro,amd_opt_sym,random_num1024,0.459,2026-01-29 14:28:50,
german,xlmr,gemini25pro,prt,pca_num1024,0.145,2026-01-29 14:28:50,
german,xlmr,gemini25pro,apd,pca_num1024,0.419,2026-01-29 14:28:50,
german,xlmr,gemini25pro,amd,pca_num1024,0.391,2026-01-29 14:28:50,
german,xlmr,gemini25pro,amd_sym,pca_num1024,0.423,2026-01-29 14:28:50,
german,xlmr,gemini25pro,amd_opt_sym,pca_num1024,0.439,2026-01-29 14:28:50,
german,rembert,gemini25pro,prt,random_num1024,0.54,2026-01-29 14:28:56,
german,rembert,gemini25pro,apd,random_num1024,0.452,2026-01-29 14:28:56,
german,rembert,gemini25pro,amd,random_num1024,0.395,2026-01-29 14:28:56,
german,rembert,gemini25pro,amd_sym,random_num1024,0.494,2026-01-29 14:28:56,
german,rembert,gemini25pro,amd_opt_sym,random_num1024,0.5,2026-01-29 14:28:56,
german,rembert,gemini25pro,prt,pca_num1024,-0.004,2026-01-29 14:28:56,
german,rembert,gemini25pro,apd,pca_num1024,0.445,2026-01-29 14:28:56,
german,rembert,gemini25pro,amd,pca_num1024,0.416,2026-01-29 14:28:56,
german,rembert,gemini25pro,amd_sym,pca_num1024,0.496,2026-01-29 14:28:56,
german,rembert,gemini25pro,amd_opt_sym,pca_num1024,0.521,2026-01-29 14:28:56,
german,multilingual-e5,gemini25pro,prt,random_num1024,0.519,2026-01-29 14:29:01,
german,multilingual-e5,gemini25pro,apd,random_num1024,0.452,2026-01-29 14:29:01,
german,multilingual-e5,gemini25pro,amd,random_num1024,0.421,2026-01-29 14:29:01,
german,multilingual-e5,gemini25pro,amd_sym,random_num1024,0.539,2026-01-29 14:29:01,
german,multilingual-e5,gemini25pro,amd_opt_sym,random_num1024,0.532,2026-01-29 14:29:01,
german,multilingual-e5,gemini25pro,prt,pca_num1024,0.245,2026-01-29 14:29:01,
german,multilingual-e5,gemini25pro,apd,pca_num1024,0.45,2026-01-29 14:29:01,
german,multilingual-e5,gemini25pro,amd,pca_num1024,0.245,2026-01-29 14:29:01,
german,multilingual-e5,gemini25pro,amd_sym,pca_num1024,0.344,2026-01-29 14:29:01,
german,multilingual-e5,gemini25pro,amd_opt_sym,pca_num1024,0.341,2026-01-29 14:29:01,
german,mmbert,gemini25pro,prt,random_num1024,0.423,2026-01-29 14:29:06,
german,mmbert,gemini25pro,apd,random_num1024,0.367,2026-01-29 14:29:06,
german,mmbert,gemini25pro,amd,random_num1024,0.566,2026-01-29 14:29:06,
german,mmbert,gemini25pro,amd_sym,random_num1024,0.564,2026-01-29 14:29:06,
german,mmbert,gemini25pro,amd_opt_sym,random_num1024,0.585,2026-01-29 14:29:06,
german,mmbert,gemini25pro,prt,pca_num1024,0.022,2026-01-29 14:29:06,
german,mmbert,gemini25pro,apd,pca_num1024,0.417,2026-01-29 14:29:06,
german,mmbert,gemini25pro,amd,pca_num1024,0.53,2026-01-29 14:29:06,
german,mmbert,gemini25pro,amd_sym,pca_num1024,0.498,2026-01-29 14:29:06,
german,mmbert,gemini25pro,amd_opt_sym,pca_num1024,0.534,2026-01-29 14:29:06,
german,en,gemini25pro,prt,random_num1024,0.873,2026-01-29 14:29:11,
german,en,gemini25pro,apd,random_num1024,0.844,2026-01-29 14:29:11,
german,en,gemini25pro,amd,random_num1024,0.722,2026-01-29 14:29:11,
german,en,gemini25pro,amd_sym,random_num1024,0.878,2026-01-29 14:29:11,
german,en,gemini25pro,amd_opt_sym,random_num1024,0.872,2026-01-29 14:29:11,
german,en,gemini25pro,prt,pca_num1024,0.234,2026-01-29 14:29:11,
german,en,gemini25pro,apd,pca_num1024,0.702,2026-01-29 14:29:11,
german,en,gemini25pro,amd,pca_num1024,0.74,2026-01-29 14:29:11,
german,en,gemini25pro,amd_sym,pca_num1024,0.877,2026-01-29 14:29:11,
german,en,gemini25pro,amd_opt_sym,pca_num1024,0.874,2026-01-29 14:29:11,
german,german_GBERT,gemini25pro,prt,random_num1024,0.63,2026-01-29 14:29:17,
german,german_GBERT,gemini25pro,apd,random_num1024,0.66,2026-01-29 14:29:17,
german,german_GBERT,gemini25pro,amd,random_num1024,0.707,2026-01-29 14:29:17,
german,german_GBERT,gemini25pro,amd_sym,random_num1024,0.767,2026-01-29 14:29:17,
german,german_GBERT,gemini25pro,amd_opt_sym,random_num1024,0.768,2026-01-29 14:29:17,
german,german_GBERT,gemini25pro,prt,pca_num1024,-0.046,2026-01-29 14:29:17,
german,german_GBERT,gemini25pro,apd,pca_num1024,0.539,2026-01-29 14:29:17,
german,german_GBERT,gemini25pro,amd,pca_num1024,0.631,2026-01-29 14:29:17,
german,german_GBERT,gemini25pro,amd_sym,pca_num1024,0.675,2026-01-29 14:29:17,
german,german_GBERT,gemini25pro,amd_opt_sym,pca_num1024,0.676,2026-01-29 14:29:17,
swedish,xll,gemini25pro,prt,random_num1024,0.678,2026-01-29 14:29:24,
swedish,xll,gemini25pro,apd,random_num1024,0.756,2026-01-29 14:29:24,
swedish,xll,gemini25pro,amd,random_num1024,0.757,2026-01-29 14:29:24,
swedish,xll,gemini25pro,amd_sym,random_num1024,0.77,2026-01-29 14:29:24,
swedish,xll,gemini25pro,amd_opt_sym,random_num1024,0.769,2026-01-29 14:29:24,
swedish,xll,gemini25pro,prt,pca_num1024,0.049,2026-01-29 14:29:24,
swedish,xll,gemini25pro,apd,pca_num1024,0.093,2026-01-29 14:29:24,
swedish,xll,gemini25pro,amd,pca_num1024,0.755,2026-01-29 14:29:24,
swedish,xll,gemini25pro,amd_sym,pca_num1024,0.77,2026-01-29 14:29:24,
swedish,xll,gemini25pro,amd_opt_sym,pca_num1024,0.774,2026-01-29 14:29:24,
swedish,xlmr,gemini25pro,prt,random_num1024,-0.013,2026-01-29 14:29:32,
swedish,xlmr,gemini25pro,apd,random_num1024,0.49,2026-01-29 14:29:32,
swedish,xlmr,gemini25pro,amd,random_num1024,0.52,2026-01-29 14:29:32,
swedish,xlmr,gemini25pro,amd_sym,random_num1024,0.258,2026-01-29 14:29:32,
swedish,xlmr,gemini25pro,amd_opt_sym,random_num1024,0.285,2026-01-29 14:29:32,
swedish,xlmr,gemini25pro,prt,pca_num1024,0.056,2026-01-29 14:29:32,
swedish,xlmr,gemini25pro,apd,pca_num1024,-0.085,2026-01-29 14:29:32,
swedish,xlmr,gemini25pro,amd,pca_num1024,0.435,2026-01-29 14:29:32,
swedish,xlmr,gemini25pro,amd_sym,pca_num1024,0.182,2026-01-29 14:29:32,
swedish,xlmr,gemini25pro,amd_opt_sym,pca_num1024,0.235,2026-01-29 14:29:32,
swedish,rembert,gemini25pro,prt,random_num1024,0.235,2026-01-29 14:29:40,
swedish,rembert,gemini25pro,apd,random_num1024,0.229,2026-01-29 14:29:40,
swedish,rembert,gemini25pro,amd,random_num1024,0.455,2026-01-29 14:29:40,
swedish,rembert,gemini25pro,amd_sym,random_num1024,0.369,2026-01-29 14:29:40,
swedish,rembert,gemini25pro,amd_opt_sym,random_num1024,0.392,2026-01-29 14:29:40,
swedish,rembert,gemini25pro,prt,pca_num1024,0.324,2026-01-29 14:29:40,
swedish,rembert,gemini25pro,apd,pca_num1024,-0.007,2026-01-29 14:29:40,
swedish,rembert,gemini25pro,amd,pca_num1024,0.348,2026-01-29 14:29:40,
swedish,rembert,gemini25pro,amd_sym,pca_num1024,0.276,2026-01-29 14:29:40,
swedish,rembert,gemini25pro,amd_opt_sym,pca_num1024,0.321,2026-01-29 14:29:40,
swedish,multilingual-e5,gemini25pro,prt,random_num1024,0.147,2026-01-29 14:29:49,
swedish,multilingual-e5,gemini25pro,apd,random_num1024,0.411,2026-01-29 14:29:49,
swedish,multilingual-e5,gemini25pro,amd,random_num1024,0.35,2026-01-29 14:29:49,
swedish,multilingual-e5,gemini25pro,amd_sym,random_num1024,0.479,2026-01-29 14:29:49,
swedish,multilingual-e5,gemini25pro,amd_opt_sym,random_num1024,0.471,2026-01-29 14:29:49,
swedish,multilingual-e5,gemini25pro,prt,pca_num1024,0.275,2026-01-29 14:29:49,
swedish,multilingual-e5,gemini25pro,apd,pca_num1024,0.07,2026-01-29 14:29:49,
swedish,multilingual-e5,gemini25pro,amd,pca_num1024,0.306,2026-01-29 14:29:49,
swedish,multilingual-e5,gemini25pro,amd_sym,pca_num1024,0.353,2026-01-29 14:29:49,
swedish,multilingual-e5,gemini25pro,amd_opt_sym,pca_num1024,0.329,2026-01-29 14:29:49,
swedish,mmbert,gemini25pro,prt,random_num1024,0.007,2026-01-29 14:29:56,
swedish,mmbert,gemini25pro,apd,random_num1024,0.476,2026-01-29 14:29:56,
swedish,mmbert,gemini25pro,amd,random_num1024,0.573,2026-01-29 14:29:56,
swedish,mmbert,gemini25pro,amd_sym,random_num1024,0.477,2026-01-29 14:29:56,
swedish,mmbert,gemini25pro,amd_opt_sym,random_num1024,0.518,2026-01-29 14:29:56,
swedish,mmbert,gemini25pro,prt,pca_num1024,0.258,2026-01-29 14:29:56,
swedish,mmbert,gemini25pro,apd,pca_num1024,-0.073,2026-01-29 14:29:56,
swedish,mmbert,gemini25pro,amd,pca_num1024,0.505,2026-01-29 14:29:56,
swedish,mmbert,gemini25pro,amd_sym,pca_num1024,0.407,2026-01-29 14:29:56,
swedish,mmbert,gemini25pro,amd_opt_sym,pca_num1024,0.435,2026-01-29 14:29:56,
swedish,en,gemini25pro,prt,random_num1024,0.627,2026-01-29 14:30:04,
swedish,en,gemini25pro,apd,random_num1024,0.724,2026-01-29 14:30:04,
swedish,en,gemini25pro,amd,random_num1024,0.639,2026-01-29 14:30:04,
swedish,en,gemini25pro,amd_sym,random_num1024,0.761,2026-01-29 14:30:04,
swedish,en,gemini25pro,amd_opt_sym,random_num1024,0.762,2026-01-29 14:30:04,
swedish,en,gemini25pro,prt,pca_num1024,0.374,2026-01-29 14:30:04,
swedish,en,gemini25pro,apd,pca_num1024,-0.03,2026-01-29 14:30:04,
swedish,en,gemini25pro,amd,pca_num1024,0.615,2026-01-29 14:30:04,
swedish,en,gemini25pro,amd_sym,pca_num1024,0.77,2026-01-29 14:30:04,
swedish,en,gemini25pro,amd_opt_sym,pca_num1024,0.762,2026-01-29 14:30:04,
swedish,swedish_MegatronBERT,gemini25pro,prt,random_num1024,0.024,2026-01-29 14:30:12,
swedish,swedish_MegatronBERT,gemini25pro,apd,random_num1024,0.257,2026-01-29 14:30:12,
swedish,swedish_MegatronBERT,gemini25pro,amd,random_num1024,0.268,2026-01-29 14:30:12,
swedish,swedish_MegatronBERT,gemini25pro,amd_sym,random_num1024,0.105,2026-01-29 14:30:12,
swedish,swedish_MegatronBERT,gemini25pro,amd_opt_sym,random_num1024,0.135,2026-01-29 14:30:12,
swedish,swedish_MegatronBERT,gemini25pro,prt,pca_num1024,-0.279,2026-01-29 14:30:12,
swedish,swedish_MegatronBERT,gemini25pro,apd,pca_num1024,0.103,2026-01-29 14:30:12,
swedish,swedish_MegatronBERT,gemini25pro,amd,pca_num1024,0.199,2026-01-29 14:30:12,
swedish,swedish_MegatronBERT,gemini25pro,amd_sym,pca_num1024,0.087,2026-01-29 14:30:12,
swedish,swedish_MegatronBERT,gemini25pro,amd_opt_sym,pca_num1024,0.082,2026-01-29 14:30:12,
latin,xll,gemini25pro,prt,random_num1024,0.467,2026-01-29 14:30:25,
latin,xll,gemini25pro,apd,random_num1024,-0.035,2026-01-29 14:30:25,
latin,xll,gemini25pro,amd,random_num1024,0.033,2026-01-29 14:30:25,
latin,xll,gemini25pro,amd_sym,random_num1024,0.22,2026-01-29 14:30:25,
latin,xll,gemini25pro,amd_opt_sym,random_num1024,0.21,2026-01-29 14:30:25,
latin,xll,gemini25pro,prt,pca_num1024,0.036,2026-01-29 14:30:25,
latin,xll,gemini25pro,apd,pca_num1024,0.474,2026-01-29 14:30:25,
latin,xll,gemini25pro,amd,pca_num1024,0.021,2026-01-29 14:30:25,
latin,xll,gemini25pro,amd_sym,pca_num1024,0.227,2026-01-29 14:30:25,
latin,xll,gemini25pro,amd_opt_sym,pca_num1024,0.215,2026-01-29 14:30:25,
latin,xlmr,gemini25pro,prt,random_num1024,0.499,2026-01-29 14:30:36,
latin,xlmr,gemini25pro,apd,random_num1024,0.027,2026-01-29 14:30:36,
latin,xlmr,gemini25pro,amd,random_num1024,0.264,2026-01-29 14:30:36,
latin,xlmr,gemini25pro,amd_sym,random_num1024,0.324,2026-01-29 14:30:36,
latin,xlmr,gemini25pro,amd_opt_sym,random_num1024,0.35,2026-01-29 14:30:36,
latin,xlmr,gemini25pro,prt,pca_num1024,0.05,2026-01-29 14:30:36,
latin,xlmr,gemini25pro,apd,pca_num1024,0.499,2026-01-29 14:30:36,
latin,xlmr,gemini25pro,amd,pca_num1024,0.078,2026-01-29 14:30:36,
latin,xlmr,gemini25pro,amd_sym,pca_num1024,0.281,2026-01-29 14:30:36,
latin,xlmr,gemini25pro,amd_opt_sym,pca_num1024,0.278,2026-01-29 14:30:36,
latin,rembert,gemini25pro,prt,random_num1024,0.501,2026-01-29 14:30:48,
latin,rembert,gemini25pro,apd,random_num1024,-0.159,2026-01-29 14:30:48,
latin,rembert,gemini25pro,amd,random_num1024,0.165,2026-01-29 14:30:48,
latin,rembert,gemini25pro,amd_sym,random_num1024,0.297,2026-01-29 14:30:48,
latin,rembert,gemini25pro,amd_opt_sym,random_num1024,0.286,2026-01-29 14:30:48,
latin,rembert,gemini25pro,prt,pca_num1024,0.051,2026-01-29 14:30:48,
latin,rembert,gemini25pro,apd,pca_num1024,0.549,2026-01-29 14:30:48,
latin,rembert,gemini25pro,amd,pca_num1024,0.131,2026-01-29 14:30:48,
latin,rembert,gemini25pro,amd_sym,pca_num1024,0.318,2026-01-29 14:30:48,
latin,rembert,gemini25pro,amd_opt_sym,pca_num1024,0.343,2026-01-29 14:30:48,
latin,multilingual-e5,gemini25pro,prt,random_num1024,0.419,2026-01-29 14:30:59,
latin,multilingual-e5,gemini25pro,apd,random_num1024,0.274,2026-01-29 14:30:59,
latin,multilingual-e5,gemini25pro,amd,random_num1024,0.387,2026-01-29 14:30:59,
latin,multilingual-e5,gemini25pro,amd_sym,random_num1024,0.398,2026-01-29 14:30:59,
latin,multilingual-e5,gemini25pro,amd_opt_sym,random_num1024,0.438,2026-01-29 14:30:59,
latin,multilingual-e5,gemini25pro,prt,pca_num1024,0.204,2026-01-29 14:30:59,
latin,multilingual-e5,gemini25pro,apd,pca_num1024,0.414,2026-01-29 14:30:59,
latin,multilingual-e5,gemini25pro,amd,pca_num1024,0.043,2026-01-29 14:30:59,
latin,multilingual-e5,gemini25pro,amd_sym,pca_num1024,0.108,2026-01-29 14:30:59,
latin,multilingual-e5,gemini25pro,amd_opt_sym,pca_num1024,0.099,2026-01-29 14:30:59,
latin,mmbert,gemini25pro,prt,random_num1024,0.493,2026-01-29 14:31:10,
latin,mmbert,gemini25pro,apd,random_num1024,-0.073,2026-01-29 14:31:10,
latin,mmbert,gemini25pro,amd,random_num1024,0.203,2026-01-29 14:31:10,
latin,mmbert,gemini25pro,amd_sym,random_num1024,0.307,2026-01-29 14:31:10,
latin,mmbert,gemini25pro,amd_opt_sym,random_num1024,0.284,2026-01-29 14:31:10,
latin,mmbert,gemini25pro,prt,pca_num1024,-0.004,2026-01-29 14:31:10,
latin,mmbert,gemini25pro,apd,pca_num1024,0.488,2026-01-29 14:31:10,
latin,mmbert,gemini25pro,amd,pca_num1024,0.067,2026-01-29 14:31:10,
latin,mmbert,gemini25pro,amd_sym,pca_num1024,0.241,2026-01-29 14:31:10,
latin,mmbert,gemini25pro,amd_opt_sym,pca_num1024,0.214,2026-01-29 14:31:10,
latin,en,gemini25pro,prt,random_num1024,0.429,2026-01-29 14:31:23,
latin,en,gemini25pro,apd,random_num1024,0.135,2026-01-29 14:31:23,
latin,en,gemini25pro,amd,random_num1024,0.148,2026-01-29 14:31:23,
latin,en,gemini25pro,amd_sym,random_num1024,0.271,2026-01-29 14:31:23,
latin,en,gemini25pro,amd_opt_sym,random_num1024,0.24,2026-01-29 14:31:23,
latin,en,gemini25pro,prt,pca_num1024,-0.173,2026-01-29 14:31:23,
latin,en,gemini25pro,apd,pca_num1024,0.513,2026-01-29 14:31:23,
latin,en,gemini25pro,amd,pca_num1024,0.137,2026-01-29 14:31:23,
latin,en,gemini25pro,amd_sym,pca_num1024,0.273,2026-01-29 14:31:23,
latin,en,gemini25pro,amd_opt_sym,pca_num1024,0.248,2026-01-29 14:31:23,
latin,latin_BammanBurns,gemini25pro,prt,random_num1024,0.252,2026-01-29 14:31:34,
latin,latin_BammanBurns,gemini25pro,apd,random_num1024,-0.071,2026-01-29 14:31:34,
latin,latin_BammanBurns,gemini25pro,amd,random_num1024,0.18,2026-01-29 14:31:34,
latin,latin_BammanBurns,gemini25pro,amd_sym,random_num1024,0.264,2026-01-29 14:31:34,
latin,latin_BammanBurns,gemini25pro,amd_opt_sym,random_num1024,0.235,2026-01-29 14:31:34,
latin,latin_BammanBurns,gemini25pro,prt,pca_num1024,-0.108,2026-01-29 14:31:34,
latin,latin_BammanBurns,gemini25pro,apd,pca_num1024,0.29,2026-01-29 14:31:34,
latin,latin_BammanBurns,gemini25pro,amd,pca_num1024,0.176,2026-01-29 14:31:34,
latin,latin_BammanBurns,gemini25pro,amd_sym,pca_num1024,0.239,2026-01-29 14:31:34,
latin,latin_BammanBurns,gemini25pro,amd_opt_sym,pca_num1024,0.222,2026-01-29 14:31:34,
spanish,xll,gemini25pro,prt,random_num1024,0.633,2026-01-29 14:31:35,
spanish,xll,gemini25pro,apd,random_num1024,0.665,2026-01-29 14:31:35,
spanish,xll,gemini25pro,amd,random_num1024,0.663,2026-01-29 14:31:35,
spanish,xll,gemini25pro,amd_sym,random_num1024,0.649,2026-01-29 14:31:35,
spanish,xll,gemini25pro,amd_opt_sym,random_num1024,0.656,2026-01-29 14:31:35,
spanish,xll,gemini25pro,prt,pca_num1024,0.043,2026-01-29 14:31:35,
spanish,xll,gemini25pro,apd,pca_num1024,0.375,2026-01-29 14:31:35,
spanish,xll,gemini25pro,amd,pca_num1024,0.673,2026-01-29 14:31:35,
spanish,xll,gemini25pro,amd_sym,pca_num1024,0.658,2026-01-29 14:31:35,
spanish,xll,gemini25pro,amd_opt_sym,pca_num1024,0.664,2026-01-29 14:31:35,
spanish,xlmr,gemini25pro,prt,random_num1024,0.23,2026-01-29 14:31:37,
spanish,xlmr,gemini25pro,apd,random_num1024,0.246,2026-01-29 14:31:37,
spanish,xlmr,gemini25pro,amd,random_num1024,0.309,2026-01-29 14:31:37,
spanish,xlmr,gemini25pro,amd_sym,random_num1024,0.204,2026-01-29 14:31:37,
spanish,xlmr,gemini25pro,amd_opt_sym,random_num1024,0.266,2026-01-29 14:31:37,
spanish,xlmr,gemini25pro,prt,pca_num1024,0.15,2026-01-29 14:31:37,
spanish,xlmr,gemini25pro,apd,pca_num1024,0.204,2026-01-29 14:31:37,
spanish,xlmr,gemini25pro,amd,pca_num1024,0.293,2026-01-29 14:31:37,
spanish,xlmr,gemini25pro,amd_sym,pca_num1024,0.24,2026-01-29 14:31:37,
spanish,xlmr,gemini25pro,amd_opt_sym,pca_num1024,0.271,2026-01-29 14:31:37,
spanish,rembert,gemini25pro,prt,random_num1024,0.303,2026-01-29 14:31:38,
spanish,rembert,gemini25pro,apd,random_num1024,0.257,2026-01-29 14:31:38,
spanish,rembert,gemini25pro,amd,random_num1024,0.34,2026-01-29 14:31:38,
spanish,rembert,gemini25pro,amd_sym,random_num1024,0.321,2026-01-29 14:31:38,
spanish,rembert,gemini25pro,amd_opt_sym,random_num1024,0.334,2026-01-29 14:31:38,
spanish,rembert,gemini25pro,prt,pca_num1024,-0.049,2026-01-29 14:31:38,
spanish,rembert,gemini25pro,apd,pca_num1024,0.22,2026-01-29 14:31:38,
spanish,rembert,gemini25pro,amd,pca_num1024,0.317,2026-01-29 14:31:38,
spanish,rembert,gemini25pro,amd_sym,pca_num1024,0.311,2026-01-29 14:31:38,
spanish,rembert,gemini25pro,amd_opt_sym,pca_num1024,0.337,2026-01-29 14:31:38,
spanish,multilingual-e5,gemini25pro,prt,random_num1024,0.381,2026-01-29 14:31:40,
spanish,multilingual-e5,gemini25pro,apd,random_num1024,0.188,2026-01-29 14:31:40,
spanish,multilingual-e5,gemini25pro,amd,random_num1024,0.194,2026-01-29 14:31:40,
spanish,multilingual-e5,gemini25pro,amd_sym,random_num1024,0.222,2026-01-29 14:31:40,
spanish,multilingual-e5,gemini25pro,amd_opt_sym,random_num1024,0.218,2026-01-29 14:31:40,
spanish,multilingual-e5,gemini25pro,prt,pca_num1024,-0.069,2026-01-29 14:31:40,
spanish,multilingual-e5,gemini25pro,apd,pca_num1024,0.355,2026-01-29 14:31:40,
spanish,multilingual-e5,gemini25pro,amd,pca_num1024,0.314,2026-01-29 14:31:40,
spanish,multilingual-e5,gemini25pro,amd_sym,pca_num1024,0.298,2026-01-29 14:31:40,
spanish,multilingual-e5,gemini25pro,amd_opt_sym,pca_num1024,0.325,2026-01-29 14:31:40,
spanish,mmbert,gemini25pro,prt,random_num1024,0.276,2026-01-29 14:31:41,
spanish,mmbert,gemini25pro,apd,random_num1024,0.335,2026-01-29 14:31:41,
spanish,mmbert,gemini25pro,amd,random_num1024,0.455,2026-01-29 14:31:41,
spanish,mmbert,gemini25pro,amd_sym,random_num1024,0.294,2026-01-29 14:31:41,
spanish,mmbert,gemini25pro,amd_opt_sym,random_num1024,0.361,2026-01-29 14:31:41,
spanish,mmbert,gemini25pro,prt,pca_num1024,0.027,2026-01-29 14:31:41,
spanish,mmbert,gemini25pro,apd,pca_num1024,0.212,2026-01-29 14:31:41,
spanish,mmbert,gemini25pro,amd,pca_num1024,0.435,2026-01-29 14:31:41,
spanish,mmbert,gemini25pro,amd_sym,pca_num1024,0.302,2026-01-29 14:31:41,
spanish,mmbert,gemini25pro,amd_opt_sym,pca_num1024,0.35,2026-01-29 14:31:41,
spanish,en,gemini25pro,prt,random_num1024,0.643,2026-01-29 14:31:43,
spanish,en,gemini25pro,apd,random_num1024,0.711,2026-01-29 14:31:43,
spanish,en,gemini25pro,amd,random_num1024,0.657,2026-01-29 14:31:43,
spanish,en,gemini25pro,amd_sym,random_num1024,0.664,2026-01-29 14:31:43,
spanish,en,gemini25pro,amd_opt_sym,random_num1024,0.675,2026-01-29 14:31:43,
spanish,en,gemini25pro,prt,pca_num1024,0.058,2026-01-29 14:31:43,
spanish,en,gemini25pro,apd,pca_num1024,0.316,2026-01-29 14:31:43,
spanish,en,gemini25pro,amd,pca_num1024,0.665,2026-01-29 14:31:43,
spanish,en,gemini25pro,amd_sym,pca_num1024,0.671,2026-01-29 14:31:43,
spanish,en,gemini25pro,amd_opt_sym,pca_num1024,0.678,2026-01-29 14:31:43,
spanish,spanish_BERT_WWM,gemini25pro,prt,random_num1024,0.348,2026-01-29 14:31:44,
spanish,spanish_BERT_WWM,gemini25pro,apd,random_num1024,0.332,2026-01-29 14:31:44,
spanish,spanish_BERT_WWM,gemini25pro,amd,random_num1024,0.364,2026-01-29 14:31:44,
spanish,spanish_BERT_WWM,gemini25pro,amd_sym,random_num1024,0.337,2026-01-29 14:31:44,
spanish,spanish_BERT_WWM,gemini25pro,amd_opt_sym,random_num1024,0.359,2026-01-29 14:31:44,
spanish,spanish_BERT_WWM,gemini25pro,prt,pca_num1024,0.016,2026-01-29 14:31:44,
spanish,spanish_BERT_WWM,gemini25pro,apd,pca_num1024,0.287,2026-01-29 14:31:44,
spanish,spanish_BERT_WWM,gemini25pro,amd,pca_num1024,0.405,2026-01-29 14:31:44,
spanish,spanish_BERT_WWM,gemini25pro,amd_sym,pca_num1024,0.365,2026-01-29 14:31:44,
spanish,spanish_BERT_WWM,gemini25pro,amd_opt_sym,pca_num1024,0.377,2026-01-29 14:31:44,
chinese,xll,gemini25pro,prt,random_num1024,0.702,2026-01-29 14:31:45,
chinese,xll,gemini25pro,apd,random_num1024,0.734,2026-01-29 14:31:45,
chinese,xll,gemini25pro,amd,random_num1024,0.735,2026-01-29 14:31:45,
chinese,xll,gemini25pro,amd_sym,random_num1024,0.763,2026-01-29 14:31:45,
chinese,xll,gemini25pro,amd_opt_sym,random_num1024,0.766,2026-01-29 14:31:45,
chinese,xll,gemini25pro,prt,pca_num1024,-0.084,2026-01-29 14:31:45,
chinese,xll,gemini25pro,apd,pca_num1024,0.415,2026-01-29 14:31:45,
chinese,xll,gemini25pro,amd,pca_num1024,0.716,2026-01-29 14:31:45,
chinese,xll,gemini25pro,amd_sym,pca_num1024,0.754,2026-01-29 14:31:45,
chinese,xll,gemini25pro,amd_opt_sym,pca_num1024,0.758,2026-01-29 14:31:45,
chinese,xlmr,gemini25pro,prt,random_num1024,0.35,2026-01-29 14:31:46,
chinese,xlmr,gemini25pro,apd,random_num1024,0.419,2026-01-29 14:31:46,
chinese,xlmr,gemini25pro,amd,random_num1024,0.429,2026-01-29 14:31:46,
chinese,xlmr,gemini25pro,amd_sym,random_num1024,0.398,2026-01-29 14:31:46,
chinese,xlmr,gemini25pro,amd_opt_sym,random_num1024,0.403,2026-01-29 14:31:46,
chinese,xlmr,gemini25pro,prt,pca_num1024,0.287,2026-01-29 14:31:46,
chinese,xlmr,gemini25pro,apd,pca_num1024,0.217,2026-01-29 14:31:46,
chinese,xlmr,gemini25pro,amd,pca_num1024,0.437,2026-01-29 14:31:46,
chinese,xlmr,gemini25pro,amd_sym,pca_num1024,0.334,2026-01-29 14:31:46,
chinese,xlmr,gemini25pro,amd_opt_sym,pca_num1024,0.328,2026-01-29 14:31:46,
chinese,rembert,gemini25pro,prt,random_num1024,0.274,2026-01-29 14:31:47,
chinese,rembert,gemini25pro,apd,random_num1024,0.212,2026-01-29 14:31:47,
chinese,rembert,gemini25pro,amd,random_num1024,0.352,2026-01-29 14:31:47,
chinese,rembert,gemini25pro,amd_sym,random_num1024,0.263,2026-01-29 14:31:47,
chinese,rembert,gemini25pro,amd_opt_sym,random_num1024,0.231,2026-01-29 14:31:47,
chinese,rembert,gemini25pro,prt,pca_num1024,-0.169,2026-01-29 14:31:47,
chinese,rembert,gemini25pro,apd,pca_num1024,0.215,2026-01-29 14:31:47,
chinese,rembert,gemini25pro,amd,pca_num1024,0.334,2026-01-29 14:31:47,
chinese,rembert,gemini25pro,amd_sym,pca_num1024,0.273,2026-01-29 14:31:47,
chinese,rembert,gemini25pro,amd_opt_sym,pca_num1024,0.266,2026-01-29 14:31:47,
chinese,multilingual-e5,gemini25pro,prt,random_num1024,0.228,2026-01-29 14:31:47,
chinese,multilingual-e5,gemini25pro,apd,random_num1024,0.259,2026-01-29 14:31:47,
chinese,multilingual-e5,gemini25pro,amd,random_num1024,0.301,2026-01-29 14:31:47,
chinese,multilingual-e5,gemini25pro,amd_sym,random_num1024,0.272,2026-01-29 14:31:47,
chinese,multilingual-e5,gemini25pro,amd_opt_sym,random_num1024,0.273,2026-01-29 14:31:47,
chinese,multilingual-e5,gemini25pro,prt,pca_num1024,-0.039,2026-01-29 14:31:47,
chinese,multilingual-e5,gemini25pro,apd,pca_num1024,0.182,2026-01-29 14:31:47,
chinese,multilingual-e5,gemini25pro,amd,pca_num1024,0.21,2026-01-29 14:31:47,
chinese,multilingual-e5,gemini25pro,amd_sym,pca_num1024,0.278,2026-01-29 14:31:47,
chinese,multilingual-e5,gemini25pro,amd_opt_sym,pca_num1024,0.28,2026-01-29 14:31:47,
chinese,mmbert,gemini25pro,prt,random_num1024,0.349,2026-01-29 14:31:48,
chinese,mmbert,gemini25pro,apd,random_num1024,0.363,2026-01-29 14:31:48,
chinese,mmbert,gemini25pro,amd,random_num1024,0.452,2026-01-29 14:31:48,
chinese,mmbert,gemini25pro,amd_sym,random_num1024,0.352,2026-01-29 14:31:48,
chinese,mmbert,gemini25pro,amd_opt_sym,random_num1024,0.368,2026-01-29 14:31:48,
chinese,mmbert,gemini25pro,prt,pca_num1024,-0.337,2026-01-29 14:31:48,
chinese,mmbert,gemini25pro,apd,pca_num1024,0.29,2026-01-29 14:31:48,
chinese,mmbert,gemini25pro,amd,pca_num1024,0.462,2026-01-29 14:31:48,
chinese,mmbert,gemini25pro,amd_sym,pca_num1024,0.295,2026-01-29 14:31:48,
chinese,mmbert,gemini25pro,amd_opt_sym,pca_num1024,0.34,2026-01-29 14:31:48,
chinese,en,gemini25pro,prt,random_num1024,0.684,2026-01-29 14:31:49,
chinese,en,gemini25pro,apd,random_num1024,0.737,2026-01-29 14:31:49,
chinese,en,gemini25pro,amd,random_num1024,0.643,2026-01-29 14:31:49,
chinese,en,gemini25pro,amd_sym,random_num1024,0.709,2026-01-29 14:31:49,
chinese,en,gemini25pro,amd_opt_sym,random_num1024,0.711,2026-01-29 14:31:49,
chinese,en,gemini25pro,prt,pca_num1024,0.093,2026-01-29 14:31:49,
chinese,en,gemini25pro,apd,pca_num1024,0.316,2026-01-29 14:31:49,
chinese,en,gemini25pro,amd,pca_num1024,0.644,2026-01-29 14:31:49,
chinese,en,gemini25pro,amd_sym,pca_num1024,0.703,2026-01-29 14:31:49,
chinese,en,gemini25pro,amd_opt_sym,pca_num1024,0.713,2026-01-29 14:31:49,
chinese,chinese_RoBERTa_WWM,gemini25pro,prt,random_num1024,0.348,2026-01-29 14:31:50,
chinese,chinese_RoBERTa_WWM,gemini25pro,apd,random_num1024,0.629,2026-01-29 14:31:50,
chinese,chinese_RoBERTa_WWM,gemini25pro,amd,random_num1024,0.692,2026-01-29 14:31:50,
chinese,chinese_RoBERTa_WWM,gemini25pro,amd_sym,random_num1024,0.682,2026-01-29 14:31:50,
chinese,chinese_RoBERTa_WWM,gemini25pro,amd_opt_sym,random_num1024,0.689,2026-01-29 14:31:50,
chinese,chinese_RoBERTa_WWM,gemini25pro,prt,pca_num1024,-0.179,2026-01-29 14:31:50,
chinese,chinese_RoBERTa_WWM,gemini25pro,apd,pca_num1024,0.261,2026-01-29 14:31:50,
chinese,chinese_RoBERTa_WWM,gemini25pro,amd,pca_num1024,0.603,2026-01-29 14:31:50,
chinese,chinese_RoBERTa_WWM,gemini25pro,amd_sym,pca_num1024,0.548,2026-01-29 14:31:50,
chinese,chinese_RoBERTa_WWM,gemini25pro,amd_opt_sym,pca_num1024,0.544,2026-01-29 14:31:50,
norwegian_1,xll,gemini25pro,prt,random_num1024,0.769,2026-01-29 14:31:50,
norwegian_1,xll,gemini25pro,apd,random_num1024,0.668,2026-01-29 14:31:50,
norwegian_1,xll,gemini25pro,amd,random_num1024,0.705,2026-01-29 14:31:50,
norwegian_1,xll,gemini25pro,amd_sym,random_num1024,0.723,2026-01-29 14:31:50,
norwegian_1,xll,gemini25pro,amd_opt_sym,random_num1024,0.729,2026-01-29 14:31:50,
norwegian_1,xll,gemini25pro,prt,pca_num1024,0.056,2026-01-29 14:31:50,
norwegian_1,xll,gemini25pro,apd,pca_num1024,0.556,2026-01-29 14:31:50,
norwegian_1,xll,gemini25pro,amd,pca_num1024,0.698,2026-01-29 14:31:50,
norwegian_1,xll,gemini25pro,amd_sym,pca_num1024,0.704,2026-01-29 14:31:50,
norwegian_1,xll,gemini25pro,amd_opt_sym,pca_num1024,0.721,2026-01-29 14:31:50,
norwegian_1,xlmr,gemini25pro,prt,random_num1024,0.596,2026-01-29 14:31:51,
norwegian_1,xlmr,gemini25pro,apd,random_num1024,0.497,2026-01-29 14:31:51,
norwegian_1,xlmr,gemini25pro,amd,random_num1024,0.633,2026-01-29 14:31:51,
norwegian_1,xlmr,gemini25pro,amd_sym,random_num1024,0.612,2026-01-29 14:31:51,
norwegian_1,xlmr,gemini25pro,amd_opt_sym,random_num1024,0.594,2026-01-29 14:31:51,
norwegian_1,xlmr,gemini25pro,prt,pca_num1024,0.226,2026-01-29 14:31:51,
norwegian_1,xlmr,gemini25pro,apd,pca_num1024,0.479,2026-01-29 14:31:51,
norwegian_1,xlmr,gemini25pro,amd,pca_num1024,0.662,2026-01-29 14:31:51,
norwegian_1,xlmr,gemini25pro,amd_sym,pca_num1024,0.576,2026-01-29 14:31:51,
norwegian_1,xlmr,gemini25pro,amd_opt_sym,pca_num1024,0.598,2026-01-29 14:31:51,
norwegian_1,rembert,gemini25pro,prt,random_num1024,0.611,2026-01-29 14:31:52,
norwegian_1,rembert,gemini25pro,apd,random_num1024,0.555,2026-01-29 14:31:52,
norwegian_1,rembert,gemini25pro,amd,random_num1024,0.5,2026-01-29 14:31:52,
norwegian_1,rembert,gemini25pro,amd_sym,random_num1024,0.621,2026-01-29 14:31:52,
norwegian_1,rembert,gemini25pro,amd_opt_sym,random_num1024,0.611,2026-01-29 14:31:52,
norwegian_1,rembert,gemini25pro,prt,pca_num1024,-0.19,2026-01-29 14:31:52,
norwegian_1,rembert,gemini25pro,apd,pca_num1024,0.472,2026-01-29 14:31:52,
norwegian_1,rembert,gemini25pro,amd,pca_num1024,0.526,2026-01-29 14:31:52,
norwegian_1,rembert,gemini25pro,amd_sym,pca_num1024,0.632,2026-01-29 14:31:52,
norwegian_1,rembert,gemini25pro,amd_opt_sym,pca_num1024,0.612,2026-01-29 14:31:52,
norwegian_1,multilingual-e5,gemini25pro,prt,random_num1024,0.476,2026-01-29 14:31:52,
norwegian_1,multilingual-e5,gemini25pro,apd,random_num1024,0.533,2026-01-29 14:31:52,
norwegian_1,multilingual-e5,gemini25pro,amd,random_num1024,0.487,2026-01-29 14:31:52,
norwegian_1,multilingual-e5,gemini25pro,amd_sym,random_num1024,0.551,2026-01-29 14:31:52,
norwegian_1,multilingual-e5,gemini25pro,amd_opt_sym,random_num1024,0.544,2026-01-29 14:31:52,
norwegian_1,multilingual-e5,gemini25pro,prt,pca_num1024,-0.239,2026-01-29 14:31:52,
norwegian_1,multilingual-e5,gemini25pro,apd,pca_num1024,0.416,2026-01-29 14:31:52,
norwegian_1,multilingual-e5,gemini25pro,amd,pca_num1024,0.456,2026-01-29 14:31:52,
norwegian_1,multilingual-e5,gemini25pro,amd_sym,pca_num1024,0.548,2026-01-29 14:31:52,
norwegian_1,multilingual-e5,gemini25pro,amd_opt_sym,pca_num1024,0.557,2026-01-29 14:31:52,
norwegian_1,mmbert,gemini25pro,prt,random_num1024,0.597,2026-01-29 14:31:53,
norwegian_1,mmbert,gemini25pro,apd,random_num1024,0.568,2026-01-29 14:31:53,
norwegian_1,mmbert,gemini25pro,amd,random_num1024,0.616,2026-01-29 14:31:53,
norwegian_1,mmbert,gemini25pro,amd_sym,random_num1024,0.632,2026-01-29 14:31:53,
norwegian_1,mmbert,gemini25pro,amd_opt_sym,random_num1024,0.656,2026-01-29 14:31:53,
norwegian_1,mmbert,gemini25pro,prt,pca_num1024,0.178,2026-01-29 14:31:53,
norwegian_1,mmbert,gemini25pro,apd,pca_num1024,0.437,2026-01-29 14:31:53,
norwegian_1,mmbert,gemini25pro,amd,pca_num1024,0.606,2026-01-29 14:31:53,
norwegian_1,mmbert,gemini25pro,amd_sym,pca_num1024,0.648,2026-01-29 14:31:53,
norwegian_1,mmbert,gemini25pro,amd_opt_sym,pca_num1024,0.662,2026-01-29 14:31:53,
norwegian_1,en,gemini25pro,prt,random_num1024,0.845,2026-01-29 14:31:53,
norwegian_1,en,gemini25pro,apd,random_num1024,0.777,2026-01-29 14:31:53,
norwegian_1,en,gemini25pro,amd,random_num1024,0.802,2026-01-29 14:31:53,
norwegian_1,en,gemini25pro,amd_sym,random_num1024,0.835,2026-01-29 14:31:53,
norwegian_1,en,gemini25pro,amd_opt_sym,random_num1024,0.818,2026-01-29 14:31:53,
norwegian_1,en,gemini25pro,prt,pca_num1024,0.105,2026-01-29 14:31:53,
norwegian_1,en,gemini25pro,apd,pca_num1024,0.553,2026-01-29 14:31:53,
norwegian_1,en,gemini25pro,amd,pca_num1024,0.805,2026-01-29 14:31:53,
norwegian_1,en,gemini25pro,amd_sym,pca_num1024,0.833,2026-01-29 14:31:53,
norwegian_1,en,gemini25pro,amd_opt_sym,pca_num1024,0.824,2026-01-29 14:31:53,
norwegian_1,norwegian_NB-BERT,gemini25pro,prt,random_num1024,0.577,2026-01-29 14:31:54,
norwegian_1,norwegian_NB-BERT,gemini25pro,apd,random_num1024,0.646,2026-01-29 14:31:54,
norwegian_1,norwegian_NB-BERT,gemini25pro,amd,random_num1024,0.561,2026-01-29 14:31:54,
norwegian_1,norwegian_NB-BERT,gemini25pro,amd_sym,random_num1024,0.6,2026-01-29 14:31:54,
norwegian_1,norwegian_NB-BERT,gemini25pro,amd_opt_sym,random_num1024,0.605,2026-01-29 14:31:54,
norwegian_1,norwegian_NB-BERT,gemini25pro,prt,pca_num1024,0.11,2026-01-29 14:31:54,
norwegian_1,norwegian_NB-BERT,gemini25pro,apd,pca_num1024,0.341,2026-01-29 14:31:54,
norwegian_1,norwegian_NB-BERT,gemini25pro,amd,pca_num1024,0.545,2026-01-29 14:31:54,
norwegian_1,norwegian_NB-BERT,gemini25pro,amd_sym,pca_num1024,0.628,2026-01-29 14:31:54,
norwegian_1,norwegian_NB-BERT,gemini25pro,amd_opt_sym,pca_num1024,0.633,2026-01-29 14:31:54,
norwegian_2,xll,gemini25pro,prt,random_num1024,0.532,2026-01-29 14:31:54,
norwegian_2,xll,gemini25pro,apd,random_num1024,0.634,2026-01-29 14:31:54,
norwegian_2,xll,gemini25pro,amd,random_num1024,0.607,2026-01-29 14:31:54,
norwegian_2,xll,gemini25pro,amd_sym,random_num1024,0.591,2026-01-29 14:31:54,
norwegian_2,xll,gemini25pro,amd_opt_sym,random_num1024,0.599,2026-01-29 14:31:54,
norwegian_2,xll,gemini25pro,prt,pca_num1024,-0.091,2026-01-29 14:31:54,
norwegian_2,xll,gemini25pro,apd,pca_num1024,0.292,2026-01-29 14:31:54,
norwegian_2,xll,gemini25pro,amd,pca_num1024,0.575,2026-01-29 14:31:54,
norwegian_2,xll,gemini25pro,amd_sym,pca_num1024,0.579,2026-01-29 14:31:54,
norwegian_2,xll,gemini25pro,amd_opt_sym,pca_num1024,0.596,2026-01-29 14:31:54,
norwegian_2,xlmr,gemini25pro,prt,random_num1024,0.223,2026-01-29 14:31:55,
norwegian_2,xlmr,gemini25pro,apd,random_num1024,0.373,2026-01-29 14:31:55,
norwegian_2,xlmr,gemini25pro,amd,random_num1024,0.377,2026-01-29 14:31:55,
norwegian_2,xlmr,gemini25pro,amd_sym,random_num1024,0.334,2026-01-29 14:31:55,
norwegian_2,xlmr,gemini25pro,amd_opt_sym,random_num1024,0.349,2026-01-29 14:31:55,
norwegian_2,xlmr,gemini25pro,prt,pca_num1024,-0.014,2026-01-29 14:31:55,
norwegian_2,xlmr,gemini25pro,apd,pca_num1024,0.093,2026-01-29 14:31:55,
norwegian_2,xlmr,gemini25pro,amd,pca_num1024,0.355,2026-01-29 14:31:55,
norwegian_2,xlmr,gemini25pro,amd_sym,pca_num1024,0.312,2026-01-29 14:31:55,
norwegian_2,xlmr,gemini25pro,amd_opt_sym,pca_num1024,0.306,2026-01-29 14:31:55,
norwegian_2,rembert,gemini25pro,prt,random_num1024,0.382,2026-01-29 14:31:56,
norwegian_2,rembert,gemini25pro,apd,random_num1024,0.312,2026-01-29 14:31:56,
norwegian_2,rembert,gemini25pro,amd,random_num1024,0.437,2026-01-29 14:31:56,
norwegian_2,rembert,gemini25pro,amd_sym,random_num1024,0.404,2026-01-29 14:31:56,
norwegian_2,rembert,gemini25pro,amd_opt_sym,random_num1024,0.412,2026-01-29 14:31:56,
norwegian_2,rembert,gemini25pro,prt,pca_num1024,-0.128,2026-01-29 14:31:56,
norwegian_2,rembert,gemini25pro,apd,pca_num1024,0.286,2026-01-29 14:31:56,
norwegian_2,rembert,gemini25pro,amd,pca_num1024,0.385,2026-01-29 14:31:56,
norwegian_2,rembert,gemini25pro,amd_sym,pca_num1024,0.376,2026-01-29 14:31:56,
norwegian_2,rembert,gemini25pro,amd_opt_sym,pca_num1024,0.412,2026-01-29 14:31:56,
norwegian_2,multilingual-e5,gemini25pro,prt,random_num1024,0.235,2026-01-29 14:31:56,
norwegian_2,multilingual-e5,gemini25pro,apd,random_num1024,0.228,2026-01-29 14:31:56,
norwegian_2,multilingual-e5,gemini25pro,amd,random_num1024,0.246,2026-01-29 14:31:56,
norwegian_2,multilingual-e5,gemini25pro,amd_sym,random_num1024,0.337,2026-01-29 14:31:56,
norwegian_2,multilingual-e5,gemini25pro,amd_opt_sym,random_num1024,0.314,2026-01-29 14:31:56,
norwegian_2,multilingual-e5,gemini25pro,prt,pca_num1024,-0.287,2026-01-29 14:31:56,
norwegian_2,multilingual-e5,gemini25pro,apd,pca_num1024,0.174,2026-01-29 14:31:56,
norwegian_2,multilingual-e5,gemini25pro,amd,pca_num1024,0.105,2026-01-29 14:31:56,
norwegian_2,multilingual-e5,gemini25pro,amd_sym,pca_num1024,0.202,2026-01-29 14:31:56,
norwegian_2,multilingual-e5,gemini25pro,amd_opt_sym,pca_num1024,0.199,2026-01-29 14:31:56,
norwegian_2,mmbert,gemini25pro,prt,random_num1024,0.299,2026-01-29 14:31:57,
norwegian_2,mmbert,gemini25pro,apd,random_num1024,0.405,2026-01-29 14:31:57,
norwegian_2,mmbert,gemini25pro,amd,random_num1024,0.42,2026-01-29 14:31:57,
norwegian_2,mmbert,gemini25pro,amd_sym,random_num1024,0.378,2026-01-29 14:31:57,
norwegian_2,mmbert,gemini25pro,amd_opt_sym,random_num1024,0.44,2026-01-29 14:31:57,
norwegian_2,mmbert,gemini25pro,prt,pca_num1024,-0.143,2026-01-29 14:31:57,
norwegian_2,mmbert,gemini25pro,apd,pca_num1024,0.151,2026-01-29 14:31:57,
norwegian_2,mmbert,gemini25pro,amd,pca_num1024,0.368,2026-01-29 14:31:57,
norwegian_2,mmbert,gemini25pro,amd_sym,pca_num1024,0.351,2026-01-29 14:31:57,
norwegian_2,mmbert,gemini25pro,amd_opt_sym,pca_num1024,0.404,2026-01-29 14:31:57,
norwegian_2,en,gemini25pro,prt,random_num1024,0.636,2026-01-29 14:31:58,
norwegian_2,en,gemini25pro,apd,random_num1024,0.645,2026-01-29 14:31:58,
norwegian_2,en,gemini25pro,amd,random_num1024,0.608,2026-01-29 14:31:58,
norwegian_2,en,gemini25pro,amd_sym,random_num1024,0.652,2026-01-29 14:31:58,
norwegian_2,en,gemini25pro,amd_opt_sym,random_num1024,0.65,2026-01-29 14:31:58,
norwegian_2,en,gemini25pro,prt,pca_num1024,0.07,2026-01-29 14:31:58,
norwegian_2,en,gemini25pro,apd,pca_num1024,0.323,2026-01-29 14:31:58,
norwegian_2,en,gemini25pro,amd,pca_num1024,0.627,2026-01-29 14:31:58,
norwegian_2,en,gemini25pro,amd_sym,pca_num1024,0.661,2026-01-29 14:31:58,
norwegian_2,en,gemini25pro,amd_opt_sym,pca_num1024,0.663,2026-01-29 14:31:58,
norwegian_2,norwegian_NB-BERT,gemini25pro,prt,random_num1024,0.321,2026-01-29 14:31:58,
norwegian_2,norwegian_NB-BERT,gemini25pro,apd,random_num1024,0.465,2026-01-29 14:31:58,
norwegian_2,norwegian_NB-BERT,gemini25pro,amd,random_num1024,0.254,2026-01-29 14:31:58,
norwegian_2,norwegian_NB-BERT,gemini25pro,amd_sym,random_num1024,0.355,2026-01-29 14:31:58,
norwegian_2,norwegian_NB-BERT,gemini25pro,amd_opt_sym,random_num1024,0.329,2026-01-29 14:31:58,
norwegian_2,norwegian_NB-BERT,gemini25pro,prt,pca_num1024,0.031,2026-01-29 14:31:58,
norwegian_2,norwegian_NB-BERT,gemini25pro,apd,pca_num1024,0.138,2026-01-29 14:31:58,
norwegian_2,norwegian_NB-BERT,gemini25pro,amd,pca_num1024,0.215,2026-01-29 14:31:58,
norwegian_2,norwegian_NB-BERT,gemini25pro,amd_sym,pca_num1024,0.366,2026-01-29 14:31:58,
norwegian_2,norwegian_NB-BERT,gemini25pro,amd_opt_sym,pca_num1024,0.333,2026-01-29 14:31:58,
english,xll,gemini25pro,prt,random_num512,0.52,2026-01-29 14:32:05,
english,xll,gemini25pro,apd,random_num512,0.79,2026-01-29 14:32:05,
english,xll,gemini25pro,amd,random_num512,0.646,2026-01-29 14:32:05,
english,xll,gemini25pro,amd_sym,random_num512,0.706,2026-01-29 14:32:05,
english,xll,gemini25pro,amd_opt_sym,random_num512,0.721,2026-01-29 14:32:05,
english,xll,gemini25pro,prt,pca_num512,0.05,2026-01-29 14:32:05,
english,xll,gemini25pro,apd,pca_num512,0.224,2026-01-29 14:32:05,
english,xll,gemini25pro,amd,pca_num512,0.649,2026-01-29 14:32:05,
english,xll,gemini25pro,amd_sym,pca_num512,0.702,2026-01-29 14:32:05,
english,xll,gemini25pro,amd_opt_sym,pca_num512,0.711,2026-01-29 14:32:05,
english,xlmr,gemini25pro,prt,random_num512,0.03,2026-01-29 14:32:12,
english,xlmr,gemini25pro,apd,random_num512,0.066,2026-01-29 14:32:12,
english,xlmr,gemini25pro,amd,random_num512,0.53,2026-01-29 14:32:12,
english,xlmr,gemini25pro,amd_sym,random_num512,0.528,2026-01-29 14:32:12,
english,xlmr,gemini25pro,amd_opt_sym,random_num512,0.536,2026-01-29 14:32:12,
english,xlmr,gemini25pro,prt,pca_num512,0.139,2026-01-29 14:32:12,
english,xlmr,gemini25pro,apd,pca_num512,0.279,2026-01-29 14:32:12,
english,xlmr,gemini25pro,amd,pca_num512,0.477,2026-01-29 14:32:12,
english,xlmr,gemini25pro,amd_sym,pca_num512,0.472,2026-01-29 14:32:12,
english,xlmr,gemini25pro,amd_opt_sym,pca_num512,0.494,2026-01-29 14:32:12,
english,rembert,gemini25pro,prt,random_num512,0.212,2026-01-29 14:32:20,
english,rembert,gemini25pro,apd,random_num512,0.182,2026-01-29 14:32:20,
english,rembert,gemini25pro,amd,random_num512,0.336,2026-01-29 14:32:20,
english,rembert,gemini25pro,amd_sym,random_num512,0.332,2026-01-29 14:32:20,
english,rembert,gemini25pro,amd_opt_sym,random_num512,0.336,2026-01-29 14:32:20,
english,rembert,gemini25pro,prt,pca_num512,0.197,2026-01-29 14:32:20,
english,rembert,gemini25pro,apd,pca_num512,0.21,2026-01-29 14:32:20,
english,rembert,gemini25pro,amd,pca_num512,0.315,2026-01-29 14:32:20,
english,rembert,gemini25pro,amd_sym,pca_num512,0.306,2026-01-29 14:32:20,
english,rembert,gemini25pro,amd_opt_sym,pca_num512,0.313,2026-01-29 14:32:20,
english,multilingual-e5,gemini25pro,prt,random_num512,0.239,2026-01-29 14:32:27,
english,multilingual-e5,gemini25pro,apd,random_num512,0.281,2026-01-29 14:32:27,
english,multilingual-e5,gemini25pro,amd,random_num512,0.284,2026-01-29 14:32:27,
english,multilingual-e5,gemini25pro,amd_sym,random_num512,0.318,2026-01-29 14:32:27,
english,multilingual-e5,gemini25pro,amd_opt_sym,random_num512,0.314,2026-01-29 14:32:27,
english,multilingual-e5,gemini25pro,prt,pca_num512,0.343,2026-01-29 14:32:27,
english,multilingual-e5,gemini25pro,apd,pca_num512,0.238,2026-01-29 14:32:27,
english,multilingual-e5,gemini25pro,amd,pca_num512,0.085,2026-01-29 14:32:27,
english,multilingual-e5,gemini25pro,amd_sym,pca_num512,0.141,2026-01-29 14:32:27,
english,multilingual-e5,gemini25pro,amd_opt_sym,pca_num512,0.157,2026-01-29 14:32:27,
english,mmbert,gemini25pro,prt,random_num512,0.243,2026-01-29 14:32:33,
english,mmbert,gemini25pro,apd,random_num512,0.381,2026-01-29 14:32:33,
english,mmbert,gemini25pro,amd,random_num512,0.382,2026-01-29 14:32:33,
english,mmbert,gemini25pro,amd_sym,random_num512,0.226,2026-01-29 14:32:33,
english,mmbert,gemini25pro,amd_opt_sym,random_num512,0.259,2026-01-29 14:32:33,
english,mmbert,gemini25pro,prt,pca_num512,-0.088,2026-01-29 14:32:33,
english,mmbert,gemini25pro,apd,pca_num512,0.103,2026-01-29 14:32:33,
english,mmbert,gemini25pro,amd,pca_num512,0.461,2026-01-29 14:32:33,
english,mmbert,gemini25pro,amd_sym,pca_num512,0.362,2026-01-29 14:32:33,
english,mmbert,gemini25pro,amd_opt_sym,pca_num512,0.374,2026-01-29 14:32:33,
english,en,gemini25pro,prt,random_num512,0.52,2026-01-29 14:32:41,
english,en,gemini25pro,apd,random_num512,0.754,2026-01-29 14:32:41,
english,en,gemini25pro,amd,random_num512,0.663,2026-01-29 14:32:41,
english,en,gemini25pro,amd_sym,random_num512,0.63,2026-01-29 14:32:41,
english,en,gemini25pro,amd_opt_sym,random_num512,0.667,2026-01-29 14:32:41,
english,en,gemini25pro,prt,pca_num512,-0.192,2026-01-29 14:32:41,
english,en,gemini25pro,apd,pca_num512,0.231,2026-01-29 14:32:41,
english,en,gemini25pro,amd,pca_num512,0.711,2026-01-29 14:32:41,
english,en,gemini25pro,amd_sym,pca_num512,0.721,2026-01-29 14:32:41,
english,en,gemini25pro,amd_opt_sym,pca_num512,0.726,2026-01-29 14:32:41,
english,roberta,gemini25pro,prt,random_num512,0.056,2026-01-29 14:32:48,
english,roberta,gemini25pro,apd,random_num512,0.092,2026-01-29 14:32:48,
english,roberta,gemini25pro,amd,random_num512,0.482,2026-01-29 14:32:48,
english,roberta,gemini25pro,amd_sym,random_num512,0.36,2026-01-29 14:32:48,
english,roberta,gemini25pro,amd_opt_sym,random_num512,0.377,2026-01-29 14:32:48,
english,roberta,gemini25pro,prt,pca_num512,-0.017,2026-01-29 14:32:48,
english,roberta,gemini25pro,apd,pca_num512,0.096,2026-01-29 14:32:48,
english,roberta,gemini25pro,amd,pca_num512,0.453,2026-01-29 14:32:48,
english,roberta,gemini25pro,amd_sym,pca_num512,0.25,2026-01-29 14:32:48,
english,roberta,gemini25pro,amd_opt_sym,pca_num512,0.314,2026-01-29 14:32:48,
german,xll,gemini25pro,prt,random_num512,0.878,2026-01-29 14:32:53,
german,xll,gemini25pro,apd,random_num512,0.888,2026-01-29 14:32:53,
german,xll,gemini25pro,amd,random_num512,0.809,2026-01-29 14:32:53,
german,xll,gemini25pro,amd_sym,random_num512,0.901,2026-01-29 14:32:53,
german,xll,gemini25pro,amd_opt_sym,random_num512,0.905,2026-01-29 14:32:53,
german,xll,gemini25pro,prt,pca_num512,-0.102,2026-01-29 14:32:53,
german,xll,gemini25pro,apd,pca_num512,0.703,2026-01-29 14:32:53,
german,xll,gemini25pro,amd,pca_num512,0.811,2026-01-29 14:32:53,
german,xll,gemini25pro,amd_sym,pca_num512,0.905,2026-01-29 14:32:53,
german,xll,gemini25pro,amd_opt_sym,pca_num512,0.91,2026-01-29 14:32:53,
german,xlmr,gemini25pro,prt,random_num512,0.226,2026-01-29 14:32:59,
german,xlmr,gemini25pro,apd,random_num512,0.15,2026-01-29 14:32:59,
german,xlmr,gemini25pro,amd,random_num512,0.413,2026-01-29 14:32:59,
german,xlmr,gemini25pro,amd_sym,random_num512,0.403,2026-01-29 14:32:59,
german,xlmr,gemini25pro,amd_opt_sym,random_num512,0.452,2026-01-29 14:32:59,
german,xlmr,gemini25pro,prt,pca_num512,0.303,2026-01-29 14:32:59,
german,xlmr,gemini25pro,apd,pca_num512,0.422,2026-01-29 14:32:59,
german,xlmr,gemini25pro,amd,pca_num512,0.394,2026-01-29 14:32:59,
german,xlmr,gemini25pro,amd_sym,pca_num512,0.429,2026-01-29 14:32:59,
german,xlmr,gemini25pro,amd_opt_sym,pca_num512,0.438,2026-01-29 14:32:59,
german,rembert,gemini25pro,prt,random_num512,0.324,2026-01-29 14:33:04,
german,rembert,gemini25pro,apd,random_num512,0.063,2026-01-29 14:33:04,
german,rembert,gemini25pro,amd,random_num512,0.444,2026-01-29 14:33:04,
german,rembert,gemini25pro,amd_sym,random_num512,0.457,2026-01-29 14:33:04,
german,rembert,gemini25pro,amd_opt_sym,random_num512,0.513,2026-01-29 14:33:04,
german,rembert,gemini25pro,prt,pca_num512,0.09,2026-01-29 14:33:04,
german,rembert,gemini25pro,apd,pca_num512,0.445,2026-01-29 14:33:04,
german,rembert,gemini25pro,amd,pca_num512,0.414,2026-01-29 14:33:04,
german,rembert,gemini25pro,amd_sym,pca_num512,0.508,2026-01-29 14:33:04,
german,rembert,gemini25pro,amd_opt_sym,pca_num512,0.517,2026-01-29 14:33:04,
german,multilingual-e5,gemini25pro,prt,random_num512,0.57,2026-01-29 14:33:09,
german,multilingual-e5,gemini25pro,apd,random_num512,0.346,2026-01-29 14:33:09,
german,multilingual-e5,gemini25pro,amd,random_num512,0.447,2026-01-29 14:33:09,
german,multilingual-e5,gemini25pro,amd_sym,random_num512,0.541,2026-01-29 14:33:09,
german,multilingual-e5,gemini25pro,amd_opt_sym,random_num512,0.53,2026-01-29 14:33:09,
german,multilingual-e5,gemini25pro,prt,pca_num512,0.085,2026-01-29 14:33:09,
german,multilingual-e5,gemini25pro,apd,pca_num512,0.45,2026-01-29 14:33:09,
german,multilingual-e5,gemini25pro,amd,pca_num512,0.262,2026-01-29 14:33:09,
german,multilingual-e5,gemini25pro,amd_sym,pca_num512,0.352,2026-01-29 14:33:09,
german,multilingual-e5,gemini25pro,amd_opt_sym,pca_num512,0.343,2026-01-29 14:33:09,
german,mmbert,gemini25pro,prt,random_num512,0.392,2026-01-29 14:33:15,
german,mmbert,gemini25pro,apd,random_num512,0.3,2026-01-29 14:33:15,
german,mmbert,gemini25pro,amd,random_num512,0.534,2026-01-29 14:33:15,
german,mmbert,gemini25pro,amd_sym,random_num512,0.506,2026-01-29 14:33:15,
german,mmbert,gemini25pro,amd_opt_sym,random_num512,0.547,2026-01-29 14:33:15,
german,mmbert,gemini25pro,prt,pca_num512,0.177,2026-01-29 14:33:15,
german,mmbert,gemini25pro,apd,pca_num512,0.417,2026-01-29 14:33:15,
german,mmbert,gemini25pro,amd,pca_num512,0.535,2026-01-29 14:33:15,
german,mmbert,gemini25pro,amd_sym,pca_num512,0.501,2026-01-29 14:33:15,
german,mmbert,gemini25pro,amd_opt_sym,pca_num512,0.534,2026-01-29 14:33:15,
german,en,gemini25pro,prt,random_num512,0.862,2026-01-29 14:33:21,
german,en,gemini25pro,apd,random_num512,0.833,2026-01-29 14:33:21,
german,en,gemini25pro,amd,random_num512,0.717,2026-01-29 14:33:21,
german,en,gemini25pro,amd_sym,random_num512,0.859,2026-01-29 14:33:21,
german,en,gemini25pro,amd_opt_sym,random_num512,0.86,2026-01-29 14:33:21,
german,en,gemini25pro,prt,pca_num512,0.026,2026-01-29 14:33:21,
german,en,gemini25pro,apd,pca_num512,0.702,2026-01-29 14:33:21,
german,en,gemini25pro,amd,pca_num512,0.74,2026-01-29 14:33:21,
german,en,gemini25pro,amd_sym,pca_num512,0.877,2026-01-29 14:33:21,
german,en,gemini25pro,amd_opt_sym,pca_num512,0.874,2026-01-29 14:33:21,
german,german_GBERT,gemini25pro,prt,random_num512,0.281,2026-01-29 14:33:26,
german,german_GBERT,gemini25pro,apd,random_num512,0.254,2026-01-29 14:33:26,
german,german_GBERT,gemini25pro,amd,random_num512,0.63,2026-01-29 14:33:26,
german,german_GBERT,gemini25pro,amd_sym,random_num512,0.705,2026-01-29 14:33:26,
german,german_GBERT,gemini25pro,amd_opt_sym,random_num512,0.72,2026-01-29 14:33:26,
german,german_GBERT,gemini25pro,prt,pca_num512,-0.016,2026-01-29 14:33:26,
german,german_GBERT,gemini25pro,apd,pca_num512,0.539,2026-01-29 14:33:26,
german,german_GBERT,gemini25pro,amd,pca_num512,0.622,2026-01-29 14:33:26,
german,german_GBERT,gemini25pro,amd_sym,pca_num512,0.676,2026-01-29 14:33:26,
german,german_GBERT,gemini25pro,amd_opt_sym,pca_num512,0.673,2026-01-29 14:33:26,
swedish,xll,gemini25pro,prt,random_num512,0.669,2026-01-29 14:33:34,
swedish,xll,gemini25pro,apd,random_num512,0.738,2026-01-29 14:33:34,
swedish,xll,gemini25pro,amd,random_num512,0.766,2026-01-29 14:33:34,
swedish,xll,gemini25pro,amd_sym,random_num512,0.765,2026-01-29 14:33:34,
swedish,xll,gemini25pro,amd_opt_sym,random_num512,0.784,2026-01-29 14:33:34,
swedish,xll,gemini25pro,prt,pca_num512,0.043,2026-01-29 14:33:34,
swedish,xll,gemini25pro,apd,pca_num512,0.093,2026-01-29 14:33:34,
swedish,xll,gemini25pro,amd,pca_num512,0.755,2026-01-29 14:33:34,
swedish,xll,gemini25pro,amd_sym,pca_num512,0.77,2026-01-29 14:33:34,
swedish,xll,gemini25pro,amd_opt_sym,pca_num512,0.774,2026-01-29 14:33:34,
swedish,xlmr,gemini25pro,prt,random_num512,-0.141,2026-01-29 14:33:42,
swedish,xlmr,gemini25pro,apd,random_num512,-0.109,2026-01-29 14:33:42,
swedish,xlmr,gemini25pro,amd,random_num512,0.603,2026-01-29 14:33:42,
swedish,xlmr,gemini25pro,amd_sym,random_num512,0.448,2026-01-29 14:33:42,
swedish,xlmr,gemini25pro,amd_opt_sym,random_num512,0.475,2026-01-29 14:33:42,
swedish,xlmr,gemini25pro,prt,pca_num512,-0.148,2026-01-29 14:33:42,
swedish,xlmr,gemini25pro,apd,pca_num512,-0.085,2026-01-29 14:33:42,
swedish,xlmr,gemini25pro,amd,pca_num512,0.435,2026-01-29 14:33:42,
swedish,xlmr,gemini25pro,amd_sym,pca_num512,0.187,2026-01-29 14:33:42,
swedish,xlmr,gemini25pro,amd_opt_sym,pca_num512,0.235,2026-01-29 14:33:42,
swedish,rembert,gemini25pro,prt,random_num512,0.188,2026-01-29 14:33:51,
swedish,rembert,gemini25pro,apd,random_num512,0.129,2026-01-29 14:33:51,
swedish,rembert,gemini25pro,amd,random_num512,0.516,2026-01-29 14:33:51,
swedish,rembert,gemini25pro,amd_sym,random_num512,0.357,2026-01-29 14:33:51,
swedish,rembert,gemini25pro,amd_opt_sym,random_num512,0.424,2026-01-29 14:33:51,
swedish,rembert,gemini25pro,prt,pca_num512,0.435,2026-01-29 14:33:51,
swedish,rembert,gemini25pro,apd,pca_num512,-0.007,2026-01-29 14:33:51,
swedish,rembert,gemini25pro,amd,pca_num512,0.348,2026-01-29 14:33:51,
swedish,rembert,gemini25pro,amd_sym,pca_num512,0.268,2026-01-29 14:33:51,
swedish,rembert,gemini25pro,amd_opt_sym,pca_num512,0.321,2026-01-29 14:33:51,
swedish,multilingual-e5,gemini25pro,prt,random_num512,0.052,2026-01-29 14:33:59,
swedish,multilingual-e5,gemini25pro,apd,random_num512,0.037,2026-01-29 14:33:59,
swedish,multilingual-e5,gemini25pro,amd,random_num512,0.342,2026-01-29 14:33:59,
swedish,multilingual-e5,gemini25pro,amd_sym,random_num512,0.434,2026-01-29 14:33:59,
swedish,multilingual-e5,gemini25pro,amd_opt_sym,random_num512,0.463,2026-01-29 14:33:59,
swedish,multilingual-e5,gemini25pro,prt,pca_num512,0.431,2026-01-29 14:33:59,
swedish,multilingual-e5,gemini25pro,apd,pca_num512,0.07,2026-01-29 14:33:59,
swedish,multilingual-e5,gemini25pro,amd,pca_num512,0.306,2026-01-29 14:33:59,
swedish,multilingual-e5,gemini25pro,amd_sym,pca_num512,0.347,2026-01-29 14:33:59,
swedish,multilingual-e5,gemini25pro,amd_opt_sym,pca_num512,0.329,2026-01-29 14:33:59,
swedish,mmbert,gemini25pro,prt,random_num512,-0.084,2026-01-29 14:34:06,
swedish,mmbert,gemini25pro,apd,random_num512,0.155,2026-01-29 14:34:06,
swedish,mmbert,gemini25pro,amd,random_num512,0.514,2026-01-29 14:34:06,
swedish,mmbert,gemini25pro,amd_sym,random_num512,0.376,2026-01-29 14:34:06,
swedish,mmbert,gemini25pro,amd_opt_sym,random_num512,0.402,2026-01-29 14:34:06,
swedish,mmbert,gemini25pro,prt,pca_num512,-0.045,2026-01-29 14:34:06,
swedish,mmbert,gemini25pro,apd,pca_num512,-0.073,2026-01-29 14:34:06,
swedish,mmbert,gemini25pro,amd,pca_num512,0.502,2026-01-29 14:34:06,
swedish,mmbert,gemini25pro,amd_sym,pca_num512,0.399,2026-01-29 14:34:06,
swedish,mmbert,gemini25pro,amd_opt_sym,pca_num512,0.435,2026-01-29 14:34:06,
swedish,en,gemini25pro,prt,random_num512,0.569,2026-01-29 14:34:14,
swedish,en,gemini25pro,apd,random_num512,0.71,2026-01-29 14:34:14,
swedish,en,gemini25pro,amd,random_num512,0.605,2026-01-29 14:34:14,
swedish,en,gemini25pro,amd_sym,random_num512,0.723,2026-01-29 14:34:14,
swedish,en,gemini25pro,amd_opt_sym,random_num512,0.718,2026-01-29 14:34:14,
swedish,en,gemini25pro,prt,pca_num512,0.24,2026-01-29 14:34:14,
swedish,en,gemini25pro,apd,pca_num512,-0.03,2026-01-29 14:34:14,
swedish,en,gemini25pro,amd,pca_num512,0.615,2026-01-29 14:34:14,
swedish,en,gemini25pro,amd_sym,pca_num512,0.77,2026-01-29 14:34:14,
swedish,en,gemini25pro,amd_opt_sym,pca_num512,0.762,2026-01-29 14:34:14,
swedish,swedish_MegatronBERT,gemini25pro,prt,random_num512,0.15,2026-01-29 14:34:23,
swedish,swedish_MegatronBERT,gemini25pro,apd,random_num512,0.228,2026-01-29 14:34:23,
swedish,swedish_MegatronBERT,gemini25pro,amd,random_num512,0.194,2026-01-29 14:34:23,
swedish,swedish_MegatronBERT,gemini25pro,amd_sym,random_num512,0.079,2026-01-29 14:34:23,
swedish,swedish_MegatronBERT,gemini25pro,amd_opt_sym,random_num512,0.071,2026-01-29 14:34:23,
swedish,swedish_MegatronBERT,gemini25pro,prt,pca_num512,-0.028,2026-01-29 14:34:23,
swedish,swedish_MegatronBERT,gemini25pro,apd,pca_num512,0.103,2026-01-29 14:34:23,
swedish,swedish_MegatronBERT,gemini25pro,amd,pca_num512,0.199,2026-01-29 14:34:23,
swedish,swedish_MegatronBERT,gemini25pro,amd_sym,pca_num512,0.079,2026-01-29 14:34:23,
swedish,swedish_MegatronBERT,gemini25pro,amd_opt_sym,pca_num512,0.082,2026-01-29 14:34:23,
latin,xll,gemini25pro,prt,random_num512,0.436,2026-01-29 14:34:34,
latin,xll,gemini25pro,apd,random_num512,-0.054,2026-01-29 14:34:34,
latin,xll,gemini25pro,amd,random_num512,0.016,2026-01-29 14:34:34,
latin,xll,gemini25pro,amd_sym,random_num512,0.19,2026-01-29 14:34:34,
latin,xll,gemini25pro,amd_opt_sym,random_num512,0.183,2026-01-29 14:34:34,
latin,xll,gemini25pro,prt,pca_num512,0.259,2026-01-29 14:34:34,
latin,xll,gemini25pro,apd,pca_num512,0.474,2026-01-29 14:34:34,
latin,xll,gemini25pro,amd,pca_num512,0.021,2026-01-29 14:34:34,
latin,xll,gemini25pro,amd_sym,pca_num512,0.228,2026-01-29 14:34:34,
latin,xll,gemini25pro,amd_opt_sym,pca_num512,0.215,2026-01-29 14:34:34,
latin,xlmr,gemini25pro,prt,random_num512,0.159,2026-01-29 14:34:46,
latin,xlmr,gemini25pro,apd,random_num512,-0.046,2026-01-29 14:34:46,
latin,xlmr,gemini25pro,amd,random_num512,0.319,2026-01-29 14:34:46,
latin,xlmr,gemini25pro,amd_sym,random_num512,0.368,2026-01-29 14:34:46,
latin,xlmr,gemini25pro,amd_opt_sym,random_num512,0.365,2026-01-29 14:34:46,
latin,xlmr,gemini25pro,prt,pca_num512,0.384,2026-01-29 14:34:46,
latin,xlmr,gemini25pro,apd,pca_num512,0.504,2026-01-29 14:34:46,
latin,xlmr,gemini25pro,amd,pca_num512,0.085,2026-01-29 14:34:46,
latin,xlmr,gemini25pro,amd_sym,pca_num512,0.289,2026-01-29 14:34:46,
latin,xlmr,gemini25pro,amd_opt_sym,pca_num512,0.283,2026-01-29 14:34:46,
latin,rembert,gemini25pro,prt,random_num512,0.479,2026-01-29 14:34:57,
latin,rembert,gemini25pro,apd,random_num512,-0.144,2026-01-29 14:34:57,
latin,rembert,gemini25pro,amd,random_num512,0.194,2026-01-29 14:34:57,
latin,rembert,gemini25pro,amd_sym,random_num512,0.281,2026-01-29 14:34:57,
latin,rembert,gemini25pro,amd_opt_sym,random_num512,0.285,2026-01-29 14:34:57,
latin,rembert,gemini25pro,prt,pca_num512,-0.004,2026-01-29 14:34:57,
latin,rembert,gemini25pro,apd,pca_num512,0.549,2026-01-29 14:34:57,
latin,rembert,gemini25pro,amd,pca_num512,0.137,2026-01-29 14:34:57,
latin,rembert,gemini25pro,amd_sym,pca_num512,0.326,2026-01-29 14:34:57,
latin,rembert,gemini25pro,amd_opt_sym,pca_num512,0.349,2026-01-29 14:34:57,
latin,multilingual-e5,gemini25pro,prt,random_num512,0.442,2026-01-29 14:35:09,
latin,multilingual-e5,gemini25pro,apd,random_num512,0.31,2026-01-29 14:35:09,
latin,multilingual-e5,gemini25pro,amd,random_num512,0.342,2026-01-29 14:35:09,
latin,multilingual-e5,gemini25pro,amd_sym,random_num512,0.373,2026-01-29 14:35:09,
latin,multilingual-e5,gemini25pro,amd_opt_sym,random_num512,0.374,2026-01-29 14:35:09,
latin,multilingual-e5,gemini25pro,prt,pca_num512,0.171,2026-01-29 14:35:09,
latin,multilingual-e5,gemini25pro,apd,pca_num512,0.414,2026-01-29 14:35:09,
latin,multilingual-e5,gemini25pro,amd,pca_num512,0.047,2026-01-29 14:35:09,
latin,multilingual-e5,gemini25pro,amd_sym,pca_num512,0.117,2026-01-29 14:35:09,
latin,multilingual-e5,gemini25pro,amd_opt_sym,pca_num512,0.102,2026-01-29 14:35:09,
latin,mmbert,gemini25pro,prt,random_num512,0.427,2026-01-29 14:35:20,
latin,mmbert,gemini25pro,apd,random_num512,0.101,2026-01-29 14:35:20,
latin,mmbert,gemini25pro,amd,random_num512,0.197,2026-01-29 14:35:20,
latin,mmbert,gemini25pro,amd_sym,random_num512,0.259,2026-01-29 14:35:20,
latin,mmbert,gemini25pro,amd_opt_sym,random_num512,0.253,2026-01-29 14:35:20,
latin,mmbert,gemini25pro,prt,pca_num512,0.162,2026-01-29 14:35:20,
latin,mmbert,gemini25pro,apd,pca_num512,0.488,2026-01-29 14:35:20,
latin,mmbert,gemini25pro,amd,pca_num512,0.07,2026-01-29 14:35:20,
latin,mmbert,gemini25pro,amd_sym,pca_num512,0.241,2026-01-29 14:35:20,
latin,mmbert,gemini25pro,amd_opt_sym,pca_num512,0.221,2026-01-29 14:35:20,
latin,en,gemini25pro,prt,random_num512,0.437,2026-01-29 14:35:31,
latin,en,gemini25pro,apd,random_num512,0.229,2026-01-29 14:35:31,
latin,en,gemini25pro,amd,random_num512,0.126,2026-01-29 14:35:31,
latin,en,gemini25pro,amd_sym,random_num512,0.282,2026-01-29 14:35:31,
latin,en,gemini25pro,amd_opt_sym,random_num512,0.261,2026-01-29 14:35:31,
latin,en,gemini25pro,prt,pca_num512,-0.119,2026-01-29 14:35:31,
latin,en,gemini25pro,apd,pca_num512,0.513,2026-01-29 14:35:31,
latin,en,gemini25pro,amd,pca_num512,0.137,2026-01-29 14:35:31,
latin,en,gemini25pro,amd_sym,pca_num512,0.273,2026-01-29 14:35:31,
latin,en,gemini25pro,amd_opt_sym,pca_num512,0.248,2026-01-29 14:35:31,
latin,latin_BammanBurns,gemini25pro,prt,random_num512,0.276,2026-01-29 14:35:41,
latin,latin_BammanBurns,gemini25pro,apd,random_num512,0.05,2026-01-29 14:35:41,
latin,latin_BammanBurns,gemini25pro,amd,random_num512,0.176,2026-01-29 14:35:41,
latin,latin_BammanBurns,gemini25pro,amd_sym,random_num512,0.286,2026-01-29 14:35:41,
latin,latin_BammanBurns,gemini25pro,amd_opt_sym,random_num512,0.262,2026-01-29 14:35:41,
latin,latin_BammanBurns,gemini25pro,prt,pca_num512,0.169,2026-01-29 14:35:41,
latin,latin_BammanBurns,gemini25pro,apd,pca_num512,0.29,2026-01-29 14:35:41,
latin,latin_BammanBurns,gemini25pro,amd,pca_num512,0.177,2026-01-29 14:35:41,
latin,latin_BammanBurns,gemini25pro,amd_sym,pca_num512,0.243,2026-01-29 14:35:41,
latin,latin_BammanBurns,gemini25pro,amd_opt_sym,pca_num512,0.23,2026-01-29 14:35:41,
spanish,xll,gemini25pro,prt,random_num512,0.639,2026-01-29 14:35:43,
spanish,xll,gemini25pro,apd,random_num512,0.657,2026-01-29 14:35:43,
spanish,xll,gemini25pro,amd,random_num512,0.669,2026-01-29 14:35:43,
spanish,xll,gemini25pro,amd_sym,random_num512,0.646,2026-01-29 14:35:43,
spanish,xll,gemini25pro,amd_opt_sym,random_num512,0.658,2026-01-29 14:35:43,
spanish,xll,gemini25pro,prt,pca_num512,0.177,2026-01-29 14:35:43,
spanish,xll,gemini25pro,apd,pca_num512,0.375,2026-01-29 14:35:43,
spanish,xll,gemini25pro,amd,pca_num512,0.673,2026-01-29 14:35:43,
spanish,xll,gemini25pro,amd_sym,pca_num512,0.658,2026-01-29 14:35:43,
spanish,xll,gemini25pro,amd_opt_sym,pca_num512,0.664,2026-01-29 14:35:43,
spanish,xlmr,gemini25pro,prt,random_num512,0.004,2026-01-29 14:35:44,
spanish,xlmr,gemini25pro,apd,random_num512,-0.008,2026-01-29 14:35:44,
spanish,xlmr,gemini25pro,amd,random_num512,0.383,2026-01-29 14:35:44,
spanish,xlmr,gemini25pro,amd_sym,random_num512,0.253,2026-01-29 14:35:44,
spanish,xlmr,gemini25pro,amd_opt_sym,random_num512,0.295,2026-01-29 14:35:44,
spanish,xlmr,gemini25pro,prt,pca_num512,0.079,2026-01-29 14:35:44,
spanish,xlmr,gemini25pro,apd,pca_num512,0.203,2026-01-29 14:35:44,
spanish,xlmr,gemini25pro,amd,pca_num512,0.3,2026-01-29 14:35:44,
spanish,xlmr,gemini25pro,amd_sym,pca_num512,0.243,2026-01-29 14:35:44,
spanish,xlmr,gemini25pro,amd_opt_sym,pca_num512,0.275,2026-01-29 14:35:44,
spanish,rembert,gemini25pro,prt,random_num512,0.246,2026-01-29 14:35:46,
spanish,rembert,gemini25pro,apd,random_num512,0.088,2026-01-29 14:35:46,
spanish,rembert,gemini25pro,amd,random_num512,0.302,2026-01-29 14:35:46,
spanish,rembert,gemini25pro,amd_sym,random_num512,0.311,2026-01-29 14:35:46,
spanish,rembert,gemini25pro,amd_opt_sym,random_num512,0.321,2026-01-29 14:35:46,
spanish,rembert,gemini25pro,prt,pca_num512,-0.059,2026-01-29 14:35:46,
spanish,rembert,gemini25pro,apd,pca_num512,0.219,2026-01-29 14:35:46,
spanish,rembert,gemini25pro,amd,pca_num512,0.315,2026-01-29 14:35:46,
spanish,rembert,gemini25pro,amd_sym,pca_num512,0.312,2026-01-29 14:35:46,
spanish,rembert,gemini25pro,amd_opt_sym,pca_num512,0.335,2026-01-29 14:35:46,
spanish,multilingual-e5,gemini25pro,prt,random_num512,0.355,2026-01-29 14:35:47,
spanish,multilingual-e5,gemini25pro,apd,random_num512,0.031,2026-01-29 14:35:47,
spanish,multilingual-e5,gemini25pro,amd,random_num512,0.197,2026-01-29 14:35:47,
spanish,multilingual-e5,gemini25pro,amd_sym,random_num512,0.229,2026-01-29 14:35:47,
spanish,multilingual-e5,gemini25pro,amd_opt_sym,random_num512,0.218,2026-01-29 14:35:47,
spanish,multilingual-e5,gemini25pro,prt,pca_num512,0.012,2026-01-29 14:35:47,
spanish,multilingual-e5,gemini25pro,apd,pca_num512,0.357,2026-01-29 14:35:47,
spanish,multilingual-e5,gemini25pro,amd,pca_num512,0.313,2026-01-29 14:35:47,
spanish,multilingual-e5,gemini25pro,amd_sym,pca_num512,0.308,2026-01-29 14:35:47,
spanish,multilingual-e5,gemini25pro,amd_opt_sym,pca_num512,0.32,2026-01-29 14:35:47,
spanish,mmbert,gemini25pro,prt,random_num512,0.143,2026-01-29 14:35:48,
spanish,mmbert,gemini25pro,apd,random_num512,0.138,2026-01-29 14:35:48,
spanish,mmbert,gemini25pro,amd,random_num512,0.42,2026-01-29 14:35:48,
spanish,mmbert,gemini25pro,amd_sym,random_num512,0.277,2026-01-29 14:35:48,
spanish,mmbert,gemini25pro,amd_opt_sym,random_num512,0.312,2026-01-29 14:35:48,
spanish,mmbert,gemini25pro,prt,pca_num512,-0.044,2026-01-29 14:35:48,
spanish,mmbert,gemini25pro,apd,pca_num512,0.211,2026-01-29 14:35:48,
spanish,mmbert,gemini25pro,amd,pca_num512,0.433,2026-01-29 14:35:48,
spanish,mmbert,gemini25pro,amd_sym,pca_num512,0.304,2026-01-29 14:35:48,
spanish,mmbert,gemini25pro,amd_opt_sym,pca_num512,0.345,2026-01-29 14:35:48,
spanish,en,gemini25pro,prt,random_num512,0.607,2026-01-29 14:35:50,
spanish,en,gemini25pro,apd,random_num512,0.65,2026-01-29 14:35:50,
spanish,en,gemini25pro,amd,random_num512,0.66,2026-01-29 14:35:50,
spanish,en,gemini25pro,amd_sym,random_num512,0.653,2026-01-29 14:35:50,
spanish,en,gemini25pro,amd_opt_sym,random_num512,0.656,2026-01-29 14:35:50,
spanish,en,gemini25pro,prt,pca_num512,-0.105,2026-01-29 14:35:50,
spanish,en,gemini25pro,apd,pca_num512,0.316,2026-01-29 14:35:50,
spanish,en,gemini25pro,amd,pca_num512,0.665,2026-01-29 14:35:50,
spanish,en,gemini25pro,amd_sym,pca_num512,0.671,2026-01-29 14:35:50,
spanish,en,gemini25pro,amd_opt_sym,pca_num512,0.678,2026-01-29 14:35:50,
spanish,spanish_BERT_WWM,gemini25pro,prt,random_num512,0.342,2026-01-29 14:35:51,
spanish,spanish_BERT_WWM,gemini25pro,apd,random_num512,0.324,2026-01-29 14:35:51,
spanish,spanish_BERT_WWM,gemini25pro,amd,random_num512,0.328,2026-01-29 14:35:51,
spanish,spanish_BERT_WWM,gemini25pro,amd_sym,random_num512,0.316,2026-01-29 14:35:51,
spanish,spanish_BERT_WWM,gemini25pro,amd_opt_sym,random_num512,0.321,2026-01-29 14:35:51,
spanish,spanish_BERT_WWM,gemini25pro,prt,pca_num512,-0.106,2026-01-29 14:35:51,
spanish,spanish_BERT_WWM,gemini25pro,apd,pca_num512,0.289,2026-01-29 14:35:51,
spanish,spanish_BERT_WWM,gemini25pro,amd,pca_num512,0.406,2026-01-29 14:35:51,
spanish,spanish_BERT_WWM,gemini25pro,amd_sym,pca_num512,0.356,2026-01-29 14:35:51,
spanish,spanish_BERT_WWM,gemini25pro,amd_opt_sym,pca_num512,0.38,2026-01-29 14:35:51,
chinese,xll,gemini25pro,prt,random_num512,0.712,2026-01-29 14:35:52,
chinese,xll,gemini25pro,apd,random_num512,0.747,2026-01-29 14:35:52,
chinese,xll,gemini25pro,amd,random_num512,0.734,2026-01-29 14:35:52,
chinese,xll,gemini25pro,amd_sym,random_num512,0.763,2026-01-29 14:35:52,
chinese,xll,gemini25pro,amd_opt_sym,random_num512,0.76,2026-01-29 14:35:52,
chinese,xll,gemini25pro,prt,pca_num512,-0.124,2026-01-29 14:35:52,
chinese,xll,gemini25pro,apd,pca_num512,0.415,2026-01-29 14:35:52,
chinese,xll,gemini25pro,amd,pca_num512,0.716,2026-01-29 14:35:52,
chinese,xll,gemini25pro,amd_sym,pca_num512,0.754,2026-01-29 14:35:52,
chinese,xll,gemini25pro,amd_opt_sym,pca_num512,0.758,2026-01-29 14:35:52,
chinese,xlmr,gemini25pro,prt,random_num512,0.148,2026-01-29 14:35:53,
chinese,xlmr,gemini25pro,apd,random_num512,0.203,2026-01-29 14:35:53,
chinese,xlmr,gemini25pro,amd,random_num512,0.509,2026-01-29 14:35:53,
chinese,xlmr,gemini25pro,amd_sym,random_num512,0.483,2026-01-29 14:35:53,
chinese,xlmr,gemini25pro,amd_opt_sym,random_num512,0.436,2026-01-29 14:35:53,
chinese,xlmr,gemini25pro,prt,pca_num512,0.111,2026-01-29 14:35:53,
chinese,xlmr,gemini25pro,apd,pca_num512,0.221,2026-01-29 14:35:53,
chinese,xlmr,gemini25pro,amd,pca_num512,0.442,2026-01-29 14:35:53,
chinese,xlmr,gemini25pro,amd_sym,pca_num512,0.364,2026-01-29 14:35:53,
chinese,xlmr,gemini25pro,amd_opt_sym,pca_num512,0.343,2026-01-29 14:35:53,
chinese,rembert,gemini25pro,prt,random_num512,0.321,2026-01-29 14:35:54,
chinese,rembert,gemini25pro,apd,random_num512,0.316,2026-01-29 14:35:54,
chinese,rembert,gemini25pro,amd,random_num512,0.274,2026-01-29 14:35:54,
chinese,rembert,gemini25pro,amd_sym,random_num512,0.191,2026-01-29 14:35:54,
chinese,rembert,gemini25pro,amd_opt_sym,random_num512,0.191,2026-01-29 14:35:54,
chinese,rembert,gemini25pro,prt,pca_num512,-0.121,2026-01-29 14:35:54,
chinese,rembert,gemini25pro,apd,pca_num512,0.209,2026-01-29 14:35:54,
chinese,rembert,gemini25pro,amd,pca_num512,0.351,2026-01-29 14:35:54,
chinese,rembert,gemini25pro,amd_sym,pca_num512,0.274,2026-01-29 14:35:54,
chinese,rembert,gemini25pro,amd_opt_sym,pca_num512,0.268,2026-01-29 14:35:54,
chinese,multilingual-e5,gemini25pro,prt,random_num512,0.227,2026-01-29 14:35:55,
chinese,multilingual-e5,gemini25pro,apd,random_num512,0.352,2026-01-29 14:35:55,
chinese,multilingual-e5,gemini25pro,amd,random_num512,0.277,2026-01-29 14:35:55,
chinese,multilingual-e5,gemini25pro,amd_sym,random_num512,0.261,2026-01-29 14:35:55,
chinese,multilingual-e5,gemini25pro,amd_opt_sym,random_num512,0.297,2026-01-29 14:35:55,
chinese,multilingual-e5,gemini25pro,prt,pca_num512,0.168,2026-01-29 14:35:55,
chinese,multilingual-e5,gemini25pro,apd,pca_num512,0.204,2026-01-29 14:35:55,
chinese,multilingual-e5,gemini25pro,amd,pca_num512,0.22,2026-01-29 14:35:55,
chinese,multilingual-e5,gemini25pro,amd_sym,pca_num512,0.3,2026-01-29 14:35:55,
chinese,multilingual-e5,gemini25pro,amd_opt_sym,pca_num512,0.271,2026-01-29 14:35:55,
chinese,mmbert,gemini25pro,prt,random_num512,0.135,2026-01-29 14:35:56,
chinese,mmbert,gemini25pro,apd,random_num512,0.099,2026-01-29 14:35:56,
chinese,mmbert,gemini25pro,amd,random_num512,0.458,2026-01-29 14:35:56,
chinese,mmbert,gemini25pro,amd_sym,random_num512,0.357,2026-01-29 14:35:56,
chinese,mmbert,gemini25pro,amd_opt_sym,random_num512,0.431,2026-01-29 14:35:56,
chinese,mmbert,gemini25pro,prt,pca_num512,0.123,2026-01-29 14:35:56,
chinese,mmbert,gemini25pro,apd,pca_num512,0.292,2026-01-29 14:35:56,
chinese,mmbert,gemini25pro,amd,pca_num512,0.457,2026-01-29 14:35:56,
chinese,mmbert,gemini25pro,amd_sym,pca_num512,0.291,2026-01-29 14:35:56,
chinese,mmbert,gemini25pro,amd_opt_sym,pca_num512,0.338,2026-01-29 14:35:56,
chinese,en,gemini25pro,prt,random_num512,0.681,2026-01-29 14:35:57,
chinese,en,gemini25pro,apd,random_num512,0.715,2026-01-29 14:35:57,
chinese,en,gemini25pro,amd,random_num512,0.621,2026-01-29 14:35:57,
chinese,en,gemini25pro,amd_sym,random_num512,0.66,2026-01-29 14:35:57,
chinese,en,gemini25pro,amd_opt_sym,random_num512,0.682,2026-01-29 14:35:57,
chinese,en,gemini25pro,prt,pca_num512,0.131,2026-01-29 14:35:57,
chinese,en,gemini25pro,apd,pca_num512,0.316,2026-01-29 14:35:57,
chinese,en,gemini25pro,amd,pca_num512,0.644,2026-01-29 14:35:57,
chinese,en,gemini25pro,amd_sym,pca_num512,0.703,2026-01-29 14:35:57,
chinese,en,gemini25pro,amd_opt_sym,pca_num512,0.713,2026-01-29 14:35:57,
chinese,chinese_RoBERTa_WWM,gemini25pro,prt,random_num512,0.259,2026-01-29 14:35:58,
chinese,chinese_RoBERTa_WWM,gemini25pro,apd,random_num512,0.209,2026-01-29 14:35:58,
chinese,chinese_RoBERTa_WWM,gemini25pro,amd,random_num512,0.64,2026-01-29 14:35:58,
chinese,chinese_RoBERTa_WWM,gemini25pro,amd_sym,random_num512,0.65,2026-01-29 14:35:58,
chinese,chinese_RoBERTa_WWM,gemini25pro,amd_opt_sym,random_num512,0.655,2026-01-29 14:35:58,
chinese,chinese_RoBERTa_WWM,gemini25pro,prt,pca_num512,-0.052,2026-01-29 14:35:58,
chinese,chinese_RoBERTa_WWM,gemini25pro,apd,pca_num512,0.26,2026-01-29 14:35:58,
chinese,chinese_RoBERTa_WWM,gemini25pro,amd,pca_num512,0.609,2026-01-29 14:35:58,
chinese,chinese_RoBERTa_WWM,gemini25pro,amd_sym,pca_num512,0.522,2026-01-29 14:35:58,
chinese,chinese_RoBERTa_WWM,gemini25pro,amd_opt_sym,pca_num512,0.54,2026-01-29 14:35:58,
norwegian_1,xll,gemini25pro,prt,random_num512,0.783,2026-01-29 14:35:59,
norwegian_1,xll,gemini25pro,apd,random_num512,0.701,2026-01-29 14:35:59,
norwegian_1,xll,gemini25pro,amd,random_num512,0.703,2026-01-29 14:35:59,
norwegian_1,xll,gemini25pro,amd_sym,random_num512,0.704,2026-01-29 14:35:59,
norwegian_1,xll,gemini25pro,amd_opt_sym,random_num512,0.726,2026-01-29 14:35:59,
norwegian_1,xll,gemini25pro,prt,pca_num512,-0.083,2026-01-29 14:35:59,
norwegian_1,xll,gemini25pro,apd,pca_num512,0.556,2026-01-29 14:35:59,
norwegian_1,xll,gemini25pro,amd,pca_num512,0.698,2026-01-29 14:35:59,
norwegian_1,xll,gemini25pro,amd_sym,pca_num512,0.704,2026-01-29 14:35:59,
norwegian_1,xll,gemini25pro,amd_opt_sym,pca_num512,0.721,2026-01-29 14:35:59,
norwegian_1,xlmr,gemini25pro,prt,random_num512,0.422,2026-01-29 14:35:59,
norwegian_1,xlmr,gemini25pro,apd,random_num512,0.392,2026-01-29 14:35:59,
norwegian_1,xlmr,gemini25pro,amd,random_num512,0.607,2026-01-29 14:35:59,
norwegian_1,xlmr,gemini25pro,amd_sym,random_num512,0.613,2026-01-29 14:35:59,
norwegian_1,xlmr,gemini25pro,amd_opt_sym,random_num512,0.577,2026-01-29 14:35:59,
norwegian_1,xlmr,gemini25pro,prt,pca_num512,0.185,2026-01-29 14:35:59,
norwegian_1,xlmr,gemini25pro,apd,pca_num512,0.479,2026-01-29 14:35:59,
norwegian_1,xlmr,gemini25pro,amd,pca_num512,0.662,2026-01-29 14:35:59,
norwegian_1,xlmr,gemini25pro,amd_sym,pca_num512,0.576,2026-01-29 14:35:59,
norwegian_1,xlmr,gemini25pro,amd_opt_sym,pca_num512,0.598,2026-01-29 14:35:59,
norwegian_1,rembert,gemini25pro,prt,random_num512,0.501,2026-01-29 14:36:00,
norwegian_1,rembert,gemini25pro,apd,random_num512,0.266,2026-01-29 14:36:00,
norwegian_1,rembert,gemini25pro,amd,random_num512,0.51,2026-01-29 14:36:00,
norwegian_1,rembert,gemini25pro,amd_sym,random_num512,0.601,2026-01-29 14:36:00,
norwegian_1,rembert,gemini25pro,amd_opt_sym,random_num512,0.596,2026-01-29 14:36:00,
norwegian_1,rembert,gemini25pro,prt,pca_num512,-0.084,2026-01-29 14:36:00,
norwegian_1,rembert,gemini25pro,apd,pca_num512,0.472,2026-01-29 14:36:00,
norwegian_1,rembert,gemini25pro,amd,pca_num512,0.526,2026-01-29 14:36:00,
norwegian_1,rembert,gemini25pro,amd_sym,pca_num512,0.632,2026-01-29 14:36:00,
norwegian_1,rembert,gemini25pro,amd_opt_sym,pca_num512,0.612,2026-01-29 14:36:00,
norwegian_1,multilingual-e5,gemini25pro,prt,random_num512,0.497,2026-01-29 14:36:01,
norwegian_1,multilingual-e5,gemini25pro,apd,random_num512,0.442,2026-01-29 14:36:01,
norwegian_1,multilingual-e5,gemini25pro,amd,random_num512,0.499,2026-01-29 14:36:01,
norwegian_1,multilingual-e5,gemini25pro,amd_sym,random_num512,0.555,2026-01-29 14:36:01,
norwegian_1,multilingual-e5,gemini25pro,amd_opt_sym,random_num512,0.553,2026-01-29 14:36:01,
norwegian_1,multilingual-e5,gemini25pro,prt,pca_num512,0.028,2026-01-29 14:36:01,
norwegian_1,multilingual-e5,gemini25pro,apd,pca_num512,0.416,2026-01-29 14:36:01,
norwegian_1,multilingual-e5,gemini25pro,amd,pca_num512,0.456,2026-01-29 14:36:01,
norwegian_1,multilingual-e5,gemini25pro,amd_sym,pca_num512,0.548,2026-01-29 14:36:01,
norwegian_1,multilingual-e5,gemini25pro,amd_opt_sym,pca_num512,0.557,2026-01-29 14:36:01,
norwegian_1,mmbert,gemini25pro,prt,random_num512,0.443,2026-01-29 14:36:01,
norwegian_1,mmbert,gemini25pro,apd,random_num512,0.398,2026-01-29 14:36:01,
norwegian_1,mmbert,gemini25pro,amd,random_num512,0.631,2026-01-29 14:36:01,
norwegian_1,mmbert,gemini25pro,amd_sym,random_num512,0.617,2026-01-29 14:36:01,
norwegian_1,mmbert,gemini25pro,amd_opt_sym,random_num512,0.635,2026-01-29 14:36:01,
norwegian_1,mmbert,gemini25pro,prt,pca_num512,-0.175,2026-01-29 14:36:01,
norwegian_1,mmbert,gemini25pro,apd,pca_num512,0.437,2026-01-29 14:36:01,
norwegian_1,mmbert,gemini25pro,amd,pca_num512,0.606,2026-01-29 14:36:01,
norwegian_1,mmbert,gemini25pro,amd_sym,pca_num512,0.648,2026-01-29 14:36:01,
norwegian_1,mmbert,gemini25pro,amd_opt_sym,pca_num512,0.662,2026-01-29 14:36:01,
norwegian_1,en,gemini25pro,prt,random_num512,0.816,2026-01-29 14:36:02,
norwegian_1,en,gemini25pro,apd,random_num512,0.764,2026-01-29 14:36:02,
norwegian_1,en,gemini25pro,amd,random_num512,0.774,2026-01-29 14:36:02,
norwegian_1,en,gemini25pro,amd_sym,random_num512,0.798,2026-01-29 14:36:02,
norwegian_1,en,gemini25pro,amd_opt_sym,random_num512,0.791,2026-01-29 14:36:02,
norwegian_1,en,gemini25pro,prt,pca_num512,-0.094,2026-01-29 14:36:02,
norwegian_1,en,gemini25pro,apd,pca_num512,0.553,2026-01-29 14:36:02,
norwegian_1,en,gemini25pro,amd,pca_num512,0.805,2026-01-29 14:36:02,
norwegian_1,en,gemini25pro,amd_sym,pca_num512,0.833,2026-01-29 14:36:02,
norwegian_1,en,gemini25pro,amd_opt_sym,pca_num512,0.824,2026-01-29 14:36:02,
norwegian_1,norwegian_NB-BERT,gemini25pro,prt,random_num512,0.448,2026-01-29 14:36:03,
norwegian_1,norwegian_NB-BERT,gemini25pro,apd,random_num512,0.29,2026-01-29 14:36:03,
norwegian_1,norwegian_NB-BERT,gemini25pro,amd,random_num512,0.556,2026-01-29 14:36:03,
norwegian_1,norwegian_NB-BERT,gemini25pro,amd_sym,random_num512,0.597,2026-01-29 14:36:03,
norwegian_1,norwegian_NB-BERT,gemini25pro,amd_opt_sym,random_num512,0.577,2026-01-29 14:36:03,
norwegian_1,norwegian_NB-BERT,gemini25pro,prt,pca_num512,-0.05,2026-01-29 14:36:03,
norwegian_1,norwegian_NB-BERT,gemini25pro,apd,pca_num512,0.341,2026-01-29 14:36:03,
norwegian_1,norwegian_NB-BERT,gemini25pro,amd,pca_num512,0.545,2026-01-29 14:36:03,
norwegian_1,norwegian_NB-BERT,gemini25pro,amd_sym,pca_num512,0.628,2026-01-29 14:36:03,
norwegian_1,norwegian_NB-BERT,gemini25pro,amd_opt_sym,pca_num512,0.633,2026-01-29 14:36:03,
norwegian_2,xll,gemini25pro,prt,random_num512,0.546,2026-01-29 14:36:03,
norwegian_2,xll,gemini25pro,apd,random_num512,0.647,2026-01-29 14:36:03,
norwegian_2,xll,gemini25pro,amd,random_num512,0.607,2026-01-29 14:36:03,
norwegian_2,xll,gemini25pro,amd_sym,random_num512,0.592,2026-01-29 14:36:03,
norwegian_2,xll,gemini25pro,amd_opt_sym,random_num512,0.604,2026-01-29 14:36:03,
norwegian_2,xll,gemini25pro,prt,pca_num512,0.209,2026-01-29 14:36:03,
norwegian_2,xll,gemini25pro,apd,pca_num512,0.292,2026-01-29 14:36:03,
norwegian_2,xll,gemini25pro,amd,pca_num512,0.575,2026-01-29 14:36:03,
norwegian_2,xll,gemini25pro,amd_sym,pca_num512,0.579,2026-01-29 14:36:03,
norwegian_2,xll,gemini25pro,amd_opt_sym,pca_num512,0.596,2026-01-29 14:36:03,
norwegian_2,xlmr,gemini25pro,prt,random_num512,0.197,2026-01-29 14:36:04,
norwegian_2,xlmr,gemini25pro,apd,random_num512,0.233,2026-01-29 14:36:04,
norwegian_2,xlmr,gemini25pro,amd,random_num512,0.412,2026-01-29 14:36:04,
norwegian_2,xlmr,gemini25pro,amd_sym,random_num512,0.339,2026-01-29 14:36:04,
norwegian_2,xlmr,gemini25pro,amd_opt_sym,random_num512,0.351,2026-01-29 14:36:04,
norwegian_2,xlmr,gemini25pro,prt,pca_num512,-0.142,2026-01-29 14:36:04,
norwegian_2,xlmr,gemini25pro,apd,pca_num512,0.093,2026-01-29 14:36:04,
norwegian_2,xlmr,gemini25pro,amd,pca_num512,0.355,2026-01-29 14:36:04,
norwegian_2,xlmr,gemini25pro,amd_sym,pca_num512,0.312,2026-01-29 14:36:04,
norwegian_2,xlmr,gemini25pro,amd_opt_sym,pca_num512,0.306,2026-01-29 14:36:04,
norwegian_2,rembert,gemini25pro,prt,random_num512,0.399,2026-01-29 14:36:04,
norwegian_2,rembert,gemini25pro,apd,random_num512,0.272,2026-01-29 14:36:04,
norwegian_2,rembert,gemini25pro,amd,random_num512,0.414,2026-01-29 14:36:04,
norwegian_2,rembert,gemini25pro,amd_sym,random_num512,0.423,2026-01-29 14:36:04,
norwegian_2,rembert,gemini25pro,amd_opt_sym,random_num512,0.408,2026-01-29 14:36:04,
norwegian_2,rembert,gemini25pro,prt,pca_num512,-0.005,2026-01-29 14:36:04,
norwegian_2,rembert,gemini25pro,apd,pca_num512,0.286,2026-01-29 14:36:04,
norwegian_2,rembert,gemini25pro,amd,pca_num512,0.385,2026-01-29 14:36:04,
norwegian_2,rembert,gemini25pro,amd_sym,pca_num512,0.376,2026-01-29 14:36:04,
norwegian_2,rembert,gemini25pro,amd_opt_sym,pca_num512,0.412,2026-01-29 14:36:04,
norwegian_2,multilingual-e5,gemini25pro,prt,random_num512,0.259,2026-01-29 14:36:05,
norwegian_2,multilingual-e5,gemini25pro,apd,random_num512,0.2,2026-01-29 14:36:05,
norwegian_2,multilingual-e5,gemini25pro,amd,random_num512,0.226,2026-01-29 14:36:05,
norwegian_2,multilingual-e5,gemini25pro,amd_sym,random_num512,0.329,2026-01-29 14:36:05,
norwegian_2,multilingual-e5,gemini25pro,amd_opt_sym,random_num512,0.298,2026-01-29 14:36:05,
norwegian_2,multilingual-e5,gemini25pro,prt,pca_num512,-0.169,2026-01-29 14:36:05,
norwegian_2,multilingual-e5,gemini25pro,apd,pca_num512,0.174,2026-01-29 14:36:05,
norwegian_2,multilingual-e5,gemini25pro,amd,pca_num512,0.105,2026-01-29 14:36:05,
norwegian_2,multilingual-e5,gemini25pro,amd_sym,pca_num512,0.202,2026-01-29 14:36:05,
norwegian_2,multilingual-e5,gemini25pro,amd_opt_sym,pca_num512,0.199,2026-01-29 14:36:05,
norwegian_2,mmbert,gemini25pro,prt,random_num512,0.296,2026-01-29 14:36:06,
norwegian_2,mmbert,gemini25pro,apd,random_num512,0.369,2026-01-29 14:36:06,
norwegian_2,mmbert,gemini25pro,amd,random_num512,0.434,2026-01-29 14:36:06,
norwegian_2,mmbert,gemini25pro,amd_sym,random_num512,0.41,2026-01-29 14:36:06,
norwegian_2,mmbert,gemini25pro,amd_opt_sym,random_num512,0.474,2026-01-29 14:36:06,
norwegian_2,mmbert,gemini25pro,prt,pca_num512,-0.24,2026-01-29 14:36:06,
norwegian_2,mmbert,gemini25pro,apd,pca_num512,0.151,2026-01-29 14:36:06,
norwegian_2,mmbert,gemini25pro,amd,pca_num512,0.368,2026-01-29 14:36:06,
norwegian_2,mmbert,gemini25pro,amd_sym,pca_num512,0.351,2026-01-29 14:36:06,
norwegian_2,mmbert,gemini25pro,amd_opt_sym,pca_num512,0.404,2026-01-29 14:36:06,
norwegian_2,en,gemini25pro,prt,random_num512,0.618,2026-01-29 14:36:06,
norwegian_2,en,gemini25pro,apd,random_num512,0.64,2026-01-29 14:36:06,
norwegian_2,en,gemini25pro,amd,random_num512,0.603,2026-01-29 14:36:06,
norwegian_2,en,gemini25pro,amd_sym,random_num512,0.62,2026-01-29 14:36:06,
norwegian_2,en,gemini25pro,amd_opt_sym,random_num512,0.631,2026-01-29 14:36:06,
norwegian_2,en,gemini25pro,prt,pca_num512,-0.202,2026-01-29 14:36:06,
norwegian_2,en,gemini25pro,apd,pca_num512,0.323,2026-01-29 14:36:06,
norwegian_2,en,gemini25pro,amd,pca_num512,0.627,2026-01-29 14:36:06,
norwegian_2,en,gemini25pro,amd_sym,pca_num512,0.661,2026-01-29 14:36:06,
norwegian_2,en,gemini25pro,amd_opt_sym,pca_num512,0.663,2026-01-29 14:36:06,
norwegian_2,norwegian_NB-BERT,gemini25pro,prt,random_num512,0.325,2026-01-29 14:36:07,
norwegian_2,norwegian_NB-BERT,gemini25pro,apd,random_num512,0.306,2026-01-29 14:36:07,
norwegian_2,norwegian_NB-BERT,gemini25pro,amd,random_num512,0.372,2026-01-29 14:36:07,
norwegian_2,norwegian_NB-BERT,gemini25pro,amd_sym,random_num512,0.403,2026-01-29 14:36:07,
norwegian_2,norwegian_NB-BERT,gemini25pro,amd_opt_sym,random_num512,0.398,2026-01-29 14:36:07,
norwegian_2,norwegian_NB-BERT,gemini25pro,prt,pca_num512,0.176,2026-01-29 14:36:07,
norwegian_2,norwegian_NB-BERT,gemini25pro,apd,pca_num512,0.138,2026-01-29 14:36:07,
norwegian_2,norwegian_NB-BERT,gemini25pro,amd,pca_num512,0.215,2026-01-29 14:36:07,
norwegian_2,norwegian_NB-BERT,gemini25pro,amd_sym,pca_num512,0.366,2026-01-29 14:36:07,
norwegian_2,norwegian_NB-BERT,gemini25pro,amd_opt_sym,pca_num512,0.333,2026-01-29 14:36:07,
english,xll,gemini25pro,prt,random_num256,0.51,2026-01-29 14:36:15,
english,xll,gemini25pro,apd,random_num256,0.808,2026-01-29 14:36:15,
english,xll,gemini25pro,amd,random_num256,0.629,2026-01-29 14:36:15,
english,xll,gemini25pro,amd_sym,random_num256,0.72,2026-01-29 14:36:15,
english,xll,gemini25pro,amd_opt_sym,random_num256,0.723,2026-01-29 14:36:15,
english,xll,gemini25pro,prt,pca_num256,0.066,2026-01-29 14:36:15,
english,xll,gemini25pro,apd,pca_num256,0.224,2026-01-29 14:36:15,
english,xll,gemini25pro,amd,pca_num256,0.644,2026-01-29 14:36:15,
english,xll,gemini25pro,amd_sym,pca_num256,0.702,2026-01-29 14:36:15,
english,xll,gemini25pro,amd_opt_sym,pca_num256,0.711,2026-01-29 14:36:15,
english,xlmr,gemini25pro,prt,random_num256,0.025,2026-01-29 14:36:21,
english,xlmr,gemini25pro,apd,random_num256,-0.03,2026-01-29 14:36:21,
english,xlmr,gemini25pro,amd,random_num256,0.567,2026-01-29 14:36:21,
english,xlmr,gemini25pro,amd_sym,random_num256,0.52,2026-01-29 14:36:21,
english,xlmr,gemini25pro,amd_opt_sym,random_num256,0.547,2026-01-29 14:36:21,
english,xlmr,gemini25pro,prt,pca_num256,0.153,2026-01-29 14:36:21,
english,xlmr,gemini25pro,apd,pca_num256,0.275,2026-01-29 14:36:21,
english,xlmr,gemini25pro,amd,pca_num256,0.481,2026-01-29 14:36:21,
english,xlmr,gemini25pro,amd_sym,pca_num256,0.457,2026-01-29 14:36:21,
english,xlmr,gemini25pro,amd_opt_sym,pca_num256,0.493,2026-01-29 14:36:21,
english,rembert,gemini25pro,prt,random_num256,0.063,2026-01-29 14:36:28,
english,rembert,gemini25pro,apd,random_num256,-0.045,2026-01-29 14:36:28,
english,rembert,gemini25pro,amd,random_num256,0.328,2026-01-29 14:36:28,
english,rembert,gemini25pro,amd_sym,random_num256,0.333,2026-01-29 14:36:28,
english,rembert,gemini25pro,amd_opt_sym,random_num256,0.334,2026-01-29 14:36:28,
english,rembert,gemini25pro,prt,pca_num256,-0.16,2026-01-29 14:36:28,
english,rembert,gemini25pro,apd,pca_num256,0.214,2026-01-29 14:36:28,
english,rembert,gemini25pro,amd,pca_num256,0.299,2026-01-29 14:36:28,
english,rembert,gemini25pro,amd_sym,pca_num256,0.301,2026-01-29 14:36:28,
english,rembert,gemini25pro,amd_opt_sym,pca_num256,0.313,2026-01-29 14:36:28,
english,multilingual-e5,gemini25pro,prt,random_num256,0.268,2026-01-29 14:36:35,
english,multilingual-e5,gemini25pro,apd,random_num256,0.343,2026-01-29 14:36:35,
english,multilingual-e5,gemini25pro,amd,random_num256,0.227,2026-01-29 14:36:35,
english,multilingual-e5,gemini25pro,amd_sym,random_num256,0.226,2026-01-29 14:36:35,
english,multilingual-e5,gemini25pro,amd_opt_sym,random_num256,0.239,2026-01-29 14:36:35,
english,multilingual-e5,gemini25pro,prt,pca_num256,0.29,2026-01-29 14:36:35,
english,multilingual-e5,gemini25pro,apd,pca_num256,0.267,2026-01-29 14:36:35,
english,multilingual-e5,gemini25pro,amd,pca_num256,0.082,2026-01-29 14:36:35,
english,multilingual-e5,gemini25pro,amd_sym,pca_num256,0.146,2026-01-29 14:36:35,
english,multilingual-e5,gemini25pro,amd_opt_sym,pca_num256,0.148,2026-01-29 14:36:35,
english,mmbert,gemini25pro,prt,random_num256,0.084,2026-01-29 14:36:42,
english,mmbert,gemini25pro,apd,random_num256,0.084,2026-01-29 14:36:42,
english,mmbert,gemini25pro,amd,random_num256,0.418,2026-01-29 14:36:42,
english,mmbert,gemini25pro,amd_sym,random_num256,0.245,2026-01-29 14:36:42,
english,mmbert,gemini25pro,amd_opt_sym,random_num256,0.344,2026-01-29 14:36:42,
english,mmbert,gemini25pro,prt,pca_num256,0.244,2026-01-29 14:36:42,
english,mmbert,gemini25pro,apd,pca_num256,0.104,2026-01-29 14:36:42,
english,mmbert,gemini25pro,amd,pca_num256,0.451,2026-01-29 14:36:42,
english,mmbert,gemini25pro,amd_sym,pca_num256,0.34,2026-01-29 14:36:42,
english,mmbert,gemini25pro,amd_opt_sym,pca_num256,0.355,2026-01-29 14:36:42,
english,en,gemini25pro,prt,random_num256,0.454,2026-01-29 14:36:49,
english,en,gemini25pro,apd,random_num256,0.678,2026-01-29 14:36:49,
english,en,gemini25pro,amd,random_num256,0.714,2026-01-29 14:36:49,
english,en,gemini25pro,amd_sym,random_num256,0.705,2026-01-29 14:36:49,
english,en,gemini25pro,amd_opt_sym,random_num256,0.738,2026-01-29 14:36:49,
english,en,gemini25pro,prt,pca_num256,-0.208,2026-01-29 14:36:49,
english,en,gemini25pro,apd,pca_num256,0.231,2026-01-29 14:36:49,
english,en,gemini25pro,amd,pca_num256,0.71,2026-01-29 14:36:49,
english,en,gemini25pro,amd_sym,pca_num256,0.718,2026-01-29 14:36:49,
english,en,gemini25pro,amd_opt_sym,pca_num256,0.726,2026-01-29 14:36:49,
english,roberta,gemini25pro,prt,random_num256,0.152,2026-01-29 14:36:56,
english,roberta,gemini25pro,apd,random_num256,0.14,2026-01-29 14:36:56,
english,roberta,gemini25pro,amd,random_num256,0.396,2026-01-29 14:36:56,
english,roberta,gemini25pro,amd_sym,random_num256,0.262,2026-01-29 14:36:56,
english,roberta,gemini25pro,amd_opt_sym,random_num256,0.279,2026-01-29 14:36:56,
english,roberta,gemini25pro,prt,pca_num256,0.009,2026-01-29 14:36:56,
english,roberta,gemini25pro,apd,pca_num256,0.099,2026-01-29 14:36:56,
english,roberta,gemini25pro,amd,pca_num256,0.397,2026-01-29 14:36:56,
english,roberta,gemini25pro,amd_sym,pca_num256,0.253,2026-01-29 14:36:56,
english,roberta,gemini25pro,amd_opt_sym,pca_num256,0.287,2026-01-29 14:36:56,
german,xll,gemini25pro,prt,random_num256,0.881,2026-01-29 14:37:02,
german,xll,gemini25pro,apd,random_num256,0.883,2026-01-29 14:37:02,
german,xll,gemini25pro,amd,random_num256,0.801,2026-01-29 14:37:02,
german,xll,gemini25pro,amd_sym,random_num256,0.895,2026-01-29 14:37:02,
german,xll,gemini25pro,amd_opt_sym,random_num256,0.898,2026-01-29 14:37:02,
german,xll,gemini25pro,prt,pca_num256,-0.056,2026-01-29 14:37:02,
german,xll,gemini25pro,apd,pca_num256,0.703,2026-01-29 14:37:02,
german,xll,gemini25pro,amd,pca_num256,0.809,2026-01-29 14:37:02,
german,xll,gemini25pro,amd_sym,pca_num256,0.905,2026-01-29 14:37:02,
german,xll,gemini25pro,amd_opt_sym,pca_num256,0.908,2026-01-29 14:37:02,
german,xlmr,gemini25pro,prt,random_num256,0.228,2026-01-29 14:37:07,
german,xlmr,gemini25pro,apd,random_num256,0.13,2026-01-29 14:37:07,
german,xlmr,gemini25pro,amd,random_num256,0.436,2026-01-29 14:37:07,
german,xlmr,gemini25pro,amd_sym,random_num256,0.415,2026-01-29 14:37:07,
german,xlmr,gemini25pro,amd_opt_sym,random_num256,0.473,2026-01-29 14:37:07,
german,xlmr,gemini25pro,prt,pca_num256,0.142,2026-01-29 14:37:07,
german,xlmr,gemini25pro,apd,pca_num256,0.421,2026-01-29 14:37:07,
german,xlmr,gemini25pro,amd,pca_num256,0.391,2026-01-29 14:37:07,
german,xlmr,gemini25pro,amd_sym,pca_num256,0.421,2026-01-29 14:37:07,
german,xlmr,gemini25pro,amd_opt_sym,pca_num256,0.437,2026-01-29 14:37:07,
german,rembert,gemini25pro,prt,random_num256,0.27,2026-01-29 14:37:13,
german,rembert,gemini25pro,apd,random_num256,0.094,2026-01-29 14:37:13,
german,rembert,gemini25pro,amd,random_num256,0.363,2026-01-29 14:37:13,
german,rembert,gemini25pro,amd_sym,random_num256,0.379,2026-01-29 14:37:13,
german,rembert,gemini25pro,amd_opt_sym,random_num256,0.411,2026-01-29 14:37:13,
german,rembert,gemini25pro,prt,pca_num256,0.135,2026-01-29 14:37:13,
german,rembert,gemini25pro,apd,pca_num256,0.447,2026-01-29 14:37:13,
german,rembert,gemini25pro,amd,pca_num256,0.429,2026-01-29 14:37:13,
german,rembert,gemini25pro,amd_sym,pca_num256,0.488,2026-01-29 14:37:13,
german,rembert,gemini25pro,amd_opt_sym,pca_num256,0.529,2026-01-29 14:37:13,
german,multilingual-e5,gemini25pro,prt,random_num256,0.478,2026-01-29 14:37:19,
german,multilingual-e5,gemini25pro,apd,random_num256,0.183,2026-01-29 14:37:19,
german,multilingual-e5,gemini25pro,amd,random_num256,0.408,2026-01-29 14:37:19,
german,multilingual-e5,gemini25pro,amd_sym,random_num256,0.544,2026-01-29 14:37:19,
german,multilingual-e5,gemini25pro,amd_opt_sym,random_num256,0.531,2026-01-29 14:37:19,
german,multilingual-e5,gemini25pro,prt,pca_num256,0.315,2026-01-29 14:37:19,
german,multilingual-e5,gemini25pro,apd,pca_num256,0.457,2026-01-29 14:37:19,
german,multilingual-e5,gemini25pro,amd,pca_num256,0.258,2026-01-29 14:37:19,
german,multilingual-e5,gemini25pro,amd_sym,pca_num256,0.364,2026-01-29 14:37:19,
german,multilingual-e5,gemini25pro,amd_opt_sym,pca_num256,0.355,2026-01-29 14:37:19,
german,mmbert,gemini25pro,prt,random_num256,-0.009,2026-01-29 14:37:24,
german,mmbert,gemini25pro,apd,random_num256,0.044,2026-01-29 14:37:24,
german,mmbert,gemini25pro,amd,random_num256,0.472,2026-01-29 14:37:24,
german,mmbert,gemini25pro,amd_sym,random_num256,0.434,2026-01-29 14:37:24,
german,mmbert,gemini25pro,amd_opt_sym,random_num256,0.45,2026-01-29 14:37:24,
german,mmbert,gemini25pro,prt,pca_num256,-0.268,2026-01-29 14:37:24,
german,mmbert,gemini25pro,apd,pca_num256,0.419,2026-01-29 14:37:24,
german,mmbert,gemini25pro,amd,pca_num256,0.544,2026-01-29 14:37:24,
german,mmbert,gemini25pro,amd_sym,pca_num256,0.51,2026-01-29 14:37:24,
german,mmbert,gemini25pro,amd_opt_sym,pca_num256,0.538,2026-01-29 14:37:24,
german,en,gemini25pro,prt,random_num256,0.849,2026-01-29 14:37:30,
german,en,gemini25pro,apd,random_num256,0.797,2026-01-29 14:37:30,
german,en,gemini25pro,amd,random_num256,0.667,2026-01-29 14:37:30,
german,en,gemini25pro,amd_sym,random_num256,0.831,2026-01-29 14:37:30,
german,en,gemini25pro,amd_opt_sym,random_num256,0.838,2026-01-29 14:37:30,
german,en,gemini25pro,prt,pca_num256,0.043,2026-01-29 14:37:30,
german,en,gemini25pro,apd,pca_num256,0.702,2026-01-29 14:37:30,
german,en,gemini25pro,amd,pca_num256,0.738,2026-01-29 14:37:30,
german,en,gemini25pro,amd_sym,pca_num256,0.877,2026-01-29 14:37:30,
german,en,gemini25pro,amd_opt_sym,pca_num256,0.874,2026-01-29 14:37:30,
german,german_GBERT,gemini25pro,prt,random_num256,0.419,2026-01-29 14:37:35,
german,german_GBERT,gemini25pro,apd,random_num256,0.35,2026-01-29 14:37:35,
german,german_GBERT,gemini25pro,amd,random_num256,0.617,2026-01-29 14:37:35,
german,german_GBERT,gemini25pro,amd_sym,random_num256,0.695,2026-01-29 14:37:35,
german,german_GBERT,gemini25pro,amd_opt_sym,random_num256,0.7,2026-01-29 14:37:35,
german,german_GBERT,gemini25pro,prt,pca_num256,0.006,2026-01-29 14:37:35,
german,german_GBERT,gemini25pro,apd,pca_num256,0.541,2026-01-29 14:37:35,
german,german_GBERT,gemini25pro,amd,pca_num256,0.636,2026-01-29 14:37:35,
german,german_GBERT,gemini25pro,amd_sym,pca_num256,0.694,2026-01-29 14:37:35,
german,german_GBERT,gemini25pro,amd_opt_sym,pca_num256,0.701,2026-01-29 14:37:35,
swedish,xll,gemini25pro,prt,random_num256,0.674,2026-01-29 14:37:42,
swedish,xll,gemini25pro,apd,random_num256,0.728,2026-01-29 14:37:42,
swedish,xll,gemini25pro,amd,random_num256,0.756,2026-01-29 14:37:42,
swedish,xll,gemini25pro,amd_sym,random_num256,0.773,2026-01-29 14:37:42,
swedish,xll,gemini25pro,amd_opt_sym,random_num256,0.775,2026-01-29 14:37:42,
swedish,xll,gemini25pro,prt,pca_num256,-0.033,2026-01-29 14:37:42,
swedish,xll,gemini25pro,apd,pca_num256,0.093,2026-01-29 14:37:42,
swedish,xll,gemini25pro,amd,pca_num256,0.755,2026-01-29 14:37:42,
swedish,xll,gemini25pro,amd_sym,pca_num256,0.77,2026-01-29 14:37:42,
swedish,xll,gemini25pro,amd_opt_sym,pca_num256,0.774,2026-01-29 14:37:42,
swedish,xlmr,gemini25pro,prt,random_num256,0.207,2026-01-29 14:37:50,
swedish,xlmr,gemini25pro,apd,random_num256,0.267,2026-01-29 14:37:50,
swedish,xlmr,gemini25pro,amd,random_num256,0.402,2026-01-29 14:37:50,
swedish,xlmr,gemini25pro,amd_sym,random_num256,-0.001,2026-01-29 14:37:50,
swedish,xlmr,gemini25pro,amd_opt_sym,random_num256,0.04,2026-01-29 14:37:50,
swedish,xlmr,gemini25pro,prt,pca_num256,-0.05,2026-01-29 14:37:50,
swedish,xlmr,gemini25pro,apd,pca_num256,-0.089,2026-01-29 14:37:50,
swedish,xlmr,gemini25pro,amd,pca_num256,0.479,2026-01-29 14:37:50,
swedish,xlmr,gemini25pro,amd_sym,pca_num256,0.202,2026-01-29 14:37:50,
swedish,xlmr,gemini25pro,amd_opt_sym,pca_num256,0.258,2026-01-29 14:37:50,
swedish,rembert,gemini25pro,prt,random_num256,-0.007,2026-01-29 14:37:58,
swedish,rembert,gemini25pro,apd,random_num256,-0.048,2026-01-29 14:37:58,
swedish,rembert,gemini25pro,amd,random_num256,0.483,2026-01-29 14:37:58,
swedish,rembert,gemini25pro,amd_sym,random_num256,0.413,2026-01-29 14:37:58,
swedish,rembert,gemini25pro,amd_opt_sym,random_num256,0.467,2026-01-29 14:37:58,
swedish,rembert,gemini25pro,prt,pca_num256,0.078,2026-01-29 14:37:58,
swedish,rembert,gemini25pro,apd,pca_num256,-0.007,2026-01-29 14:37:58,
swedish,rembert,gemini25pro,amd,pca_num256,0.416,2026-01-29 14:37:58,
swedish,rembert,gemini25pro,amd_sym,pca_num256,0.27,2026-01-29 14:37:58,
swedish,rembert,gemini25pro,amd_opt_sym,pca_num256,0.325,2026-01-29 14:37:58,
swedish,multilingual-e5,gemini25pro,prt,random_num256,0.073,2026-01-29 14:38:06,
swedish,multilingual-e5,gemini25pro,apd,random_num256,0.221,2026-01-29 14:38:06,
swedish,multilingual-e5,gemini25pro,amd,random_num256,0.351,2026-01-29 14:38:06,
swedish,multilingual-e5,gemini25pro,amd_sym,random_num256,0.5,2026-01-29 14:38:06,
swedish,multilingual-e5,gemini25pro,amd_opt_sym,random_num256,0.499,2026-01-29 14:38:06,
swedish,multilingual-e5,gemini25pro,prt,pca_num256,0.123,2026-01-29 14:38:06,
swedish,multilingual-e5,gemini25pro,apd,pca_num256,0.06,2026-01-29 14:38:06,
swedish,multilingual-e5,gemini25pro,amd,pca_num256,0.351,2026-01-29 14:38:06,
swedish,multilingual-e5,gemini25pro,amd_sym,pca_num256,0.385,2026-01-29 14:38:06,
swedish,multilingual-e5,gemini25pro,amd_opt_sym,pca_num256,0.368,2026-01-29 14:38:06,
swedish,mmbert,gemini25pro,prt,random_num256,0.12,2026-01-29 14:38:13,
swedish,mmbert,gemini25pro,apd,random_num256,0.268,2026-01-29 14:38:13,
swedish,mmbert,gemini25pro,amd,random_num256,0.538,2026-01-29 14:38:13,
swedish,mmbert,gemini25pro,amd_sym,random_num256,0.39,2026-01-29 14:38:13,
swedish,mmbert,gemini25pro,amd_opt_sym,random_num256,0.444,2026-01-29 14:38:13,
swedish,mmbert,gemini25pro,prt,pca_num256,-0.096,2026-01-29 14:38:13,
swedish,mmbert,gemini25pro,apd,pca_num256,-0.073,2026-01-29 14:38:13,
swedish,mmbert,gemini25pro,amd,pca_num256,0.531,2026-01-29 14:38:13,
swedish,mmbert,gemini25pro,amd_sym,pca_num256,0.417,2026-01-29 14:38:13,
swedish,mmbert,gemini25pro,amd_opt_sym,pca_num256,0.454,2026-01-29 14:38:13,
swedish,en,gemini25pro,prt,random_num256,0.515,2026-01-29 14:38:21,
swedish,en,gemini25pro,apd,random_num256,0.577,2026-01-29 14:38:21,
swedish,en,gemini25pro,amd,random_num256,0.577,2026-01-29 14:38:21,
swedish,en,gemini25pro,amd_sym,random_num256,0.662,2026-01-29 14:38:21,
swedish,en,gemini25pro,amd_opt_sym,random_num256,0.708,2026-01-29 14:38:21,
swedish,en,gemini25pro,prt,pca_num256,0.234,2026-01-29 14:38:21,
swedish,en,gemini25pro,apd,pca_num256,-0.03,2026-01-29 14:38:21,
swedish,en,gemini25pro,amd,pca_num256,0.615,2026-01-29 14:38:21,
swedish,en,gemini25pro,amd_sym,pca_num256,0.77,2026-01-29 14:38:21,
swedish,en,gemini25pro,amd_opt_sym,pca_num256,0.764,2026-01-29 14:38:21,
swedish,swedish_MegatronBERT,gemini25pro,prt,random_num256,-0.09,2026-01-29 14:38:29,
swedish,swedish_MegatronBERT,gemini25pro,apd,random_num256,0.004,2026-01-29 14:38:29,
swedish,swedish_MegatronBERT,gemini25pro,amd,random_num256,0.214,2026-01-29 14:38:29,
swedish,swedish_MegatronBERT,gemini25pro,amd_sym,random_num256,0.095,2026-01-29 14:38:29,
swedish,swedish_MegatronBERT,gemini25pro,amd_opt_sym,random_num256,0.086,2026-01-29 14:38:29,
swedish,swedish_MegatronBERT,gemini25pro,prt,pca_num256,-0.099,2026-01-29 14:38:29,
swedish,swedish_MegatronBERT,gemini25pro,apd,pca_num256,0.086,2026-01-29 14:38:29,
swedish,swedish_MegatronBERT,gemini25pro,amd,pca_num256,0.188,2026-01-29 14:38:29,
swedish,swedish_MegatronBERT,gemini25pro,amd_sym,pca_num256,0.065,2026-01-29 14:38:29,
swedish,swedish_MegatronBERT,gemini25pro,amd_opt_sym,pca_num256,0.108,2026-01-29 14:38:29,
latin,xll,gemini25pro,prt,random_num256,0.458,2026-01-29 14:38:41,
latin,xll,gemini25pro,apd,random_num256,-0.015,2026-01-29 14:38:41,
latin,xll,gemini25pro,amd,random_num256,0.03,2026-01-29 14:38:41,
latin,xll,gemini25pro,amd_sym,random_num256,0.203,2026-01-29 14:38:41,
latin,xll,gemini25pro,amd_opt_sym,random_num256,0.178,2026-01-29 14:38:41,
latin,xll,gemini25pro,prt,pca_num256,0.292,2026-01-29 14:38:41,
latin,xll,gemini25pro,apd,pca_num256,0.474,2026-01-29 14:38:41,
latin,xll,gemini25pro,amd,pca_num256,0.021,2026-01-29 14:38:41,
latin,xll,gemini25pro,amd_sym,pca_num256,0.229,2026-01-29 14:38:41,
latin,xll,gemini25pro,amd_opt_sym,pca_num256,0.217,2026-01-29 14:38:41,
latin,xlmr,gemini25pro,prt,random_num256,-0.028,2026-01-29 14:38:53,
latin,xlmr,gemini25pro,apd,random_num256,-0.172,2026-01-29 14:38:53,
latin,xlmr,gemini25pro,amd,random_num256,0.31,2026-01-29 14:38:53,
latin,xlmr,gemini25pro,amd_sym,random_num256,0.403,2026-01-29 14:38:53,
latin,xlmr,gemini25pro,amd_opt_sym,random_num256,0.366,2026-01-29 14:38:53,
latin,xlmr,gemini25pro,prt,pca_num256,0.054,2026-01-29 14:38:53,
latin,xlmr,gemini25pro,apd,pca_num256,0.499,2026-01-29 14:38:53,
latin,xlmr,gemini25pro,amd,pca_num256,0.075,2026-01-29 14:38:53,
latin,xlmr,gemini25pro,amd_sym,pca_num256,0.271,2026-01-29 14:38:53,
latin,xlmr,gemini25pro,amd_opt_sym,pca_num256,0.311,2026-01-29 14:38:53,
latin,rembert,gemini25pro,prt,random_num256,0.487,2026-01-29 14:39:04,
latin,rembert,gemini25pro,apd,random_num256,0.032,2026-01-29 14:39:04,
latin,rembert,gemini25pro,amd,random_num256,0.102,2026-01-29 14:39:04,
latin,rembert,gemini25pro,amd_sym,random_num256,0.229,2026-01-29 14:39:04,
latin,rembert,gemini25pro,amd_opt_sym,random_num256,0.216,2026-01-29 14:39:04,
latin,rembert,gemini25pro,prt,pca_num256,-0.071,2026-01-29 14:39:04,
latin,rembert,gemini25pro,apd,pca_num256,0.549,2026-01-29 14:39:04,
latin,rembert,gemini25pro,amd,pca_num256,0.159,2026-01-29 14:39:04,
latin,rembert,gemini25pro,amd_sym,pca_num256,0.296,2026-01-29 14:39:04,
latin,rembert,gemini25pro,amd_opt_sym,pca_num256,0.337,2026-01-29 14:39:04,
latin,multilingual-e5,gemini25pro,prt,random_num256,0.405,2026-01-29 14:39:15,
latin,multilingual-e5,gemini25pro,apd,random_num256,-0.058,2026-01-29 14:39:15,
latin,multilingual-e5,gemini25pro,amd,random_num256,0.338,2026-01-29 14:39:15,
latin,multilingual-e5,gemini25pro,amd_sym,random_num256,0.35,2026-01-29 14:39:15,
latin,multilingual-e5,gemini25pro,amd_opt_sym,random_num256,0.376,2026-01-29 14:39:15,
latin,multilingual-e5,gemini25pro,prt,pca_num256,0.183,2026-01-29 14:39:15,
latin,multilingual-e5,gemini25pro,apd,pca_num256,0.426,2026-01-29 14:39:15,
latin,multilingual-e5,gemini25pro,amd,pca_num256,0.088,2026-01-29 14:39:15,
latin,multilingual-e5,gemini25pro,amd_sym,pca_num256,0.187,2026-01-29 14:39:15,
latin,multilingual-e5,gemini25pro,amd_opt_sym,pca_num256,0.189,2026-01-29 14:39:15,
latin,mmbert,gemini25pro,prt,random_num256,0.2,2026-01-29 14:39:26,
latin,mmbert,gemini25pro,apd,random_num256,-0.052,2026-01-29 14:39:26,
latin,mmbert,gemini25pro,amd,random_num256,0.248,2026-01-29 14:39:26,
latin,mmbert,gemini25pro,amd_sym,random_num256,0.287,2026-01-29 14:39:26,
latin,mmbert,gemini25pro,amd_opt_sym,random_num256,0.277,2026-01-29 14:39:26,
latin,mmbert,gemini25pro,prt,pca_num256,0.011,2026-01-29 14:39:26,
latin,mmbert,gemini25pro,apd,pca_num256,0.488,2026-01-29 14:39:26,
latin,mmbert,gemini25pro,amd,pca_num256,0.074,2026-01-29 14:39:26,
latin,mmbert,gemini25pro,amd_sym,pca_num256,0.251,2026-01-29 14:39:26,
latin,mmbert,gemini25pro,amd_opt_sym,pca_num256,0.225,2026-01-29 14:39:26,
latin,en,gemini25pro,prt,random_num256,0.419,2026-01-29 14:39:37,
latin,en,gemini25pro,apd,random_num256,0.071,2026-01-29 14:39:37,
latin,en,gemini25pro,amd,random_num256,0.123,2026-01-29 14:39:37,
latin,en,gemini25pro,amd_sym,random_num256,0.284,2026-01-29 14:39:37,
latin,en,gemini25pro,amd_opt_sym,random_num256,0.264,2026-01-29 14:39:37,
latin,en,gemini25pro,prt,pca_num256,-0.096,2026-01-29 14:39:37,
latin,en,gemini25pro,apd,pca_num256,0.513,2026-01-29 14:39:37,
latin,en,gemini25pro,amd,pca_num256,0.14,2026-01-29 14:39:37,
latin,en,gemini25pro,amd_sym,pca_num256,0.279,2026-01-29 14:39:37,
latin,en,gemini25pro,amd_opt_sym,pca_num256,0.244,2026-01-29 14:39:37,
latin,latin_BammanBurns,gemini25pro,prt,random_num256,0.287,2026-01-29 14:39:47,
latin,latin_BammanBurns,gemini25pro,apd,random_num256,0.129,2026-01-29 14:39:47,
latin,latin_BammanBurns,gemini25pro,amd,random_num256,0.149,2026-01-29 14:39:47,
latin,latin_BammanBurns,gemini25pro,amd_sym,random_num256,0.215,2026-01-29 14:39:47,
latin,latin_BammanBurns,gemini25pro,amd_opt_sym,random_num256,0.215,2026-01-29 14:39:47,
latin,latin_BammanBurns,gemini25pro,prt,pca_num256,-0.118,2026-01-29 14:39:47,
latin,latin_BammanBurns,gemini25pro,apd,pca_num256,0.29,2026-01-29 14:39:47,
latin,latin_BammanBurns,gemini25pro,amd,pca_num256,0.168,2026-01-29 14:39:47,
latin,latin_BammanBurns,gemini25pro,amd_sym,pca_num256,0.244,2026-01-29 14:39:47,
latin,latin_BammanBurns,gemini25pro,amd_opt_sym,pca_num256,0.245,2026-01-29 14:39:47,
spanish,xll,gemini25pro,prt,random_num256,0.62,2026-01-29 14:39:48,
spanish,xll,gemini25pro,apd,random_num256,0.642,2026-01-29 14:39:48,
spanish,xll,gemini25pro,amd,random_num256,0.673,2026-01-29 14:39:48,
spanish,xll,gemini25pro,amd_sym,random_num256,0.641,2026-01-29 14:39:48,
spanish,xll,gemini25pro,amd_opt_sym,random_num256,0.655,2026-01-29 14:39:48,
spanish,xll,gemini25pro,prt,pca_num256,0.103,2026-01-29 14:39:48,
spanish,xll,gemini25pro,apd,pca_num256,0.375,2026-01-29 14:39:48,
spanish,xll,gemini25pro,amd,pca_num256,0.673,2026-01-29 14:39:48,
spanish,xll,gemini25pro,amd_sym,pca_num256,0.658,2026-01-29 14:39:48,
spanish,xll,gemini25pro,amd_opt_sym,pca_num256,0.664,2026-01-29 14:39:48,
spanish,xlmr,gemini25pro,prt,random_num256,0.08,2026-01-29 14:39:50,
spanish,xlmr,gemini25pro,apd,random_num256,0.07,2026-01-29 14:39:50,
spanish,xlmr,gemini25pro,amd,random_num256,0.296,2026-01-29 14:39:50,
spanish,xlmr,gemini25pro,amd_sym,random_num256,0.25,2026-01-29 14:39:50,
spanish,xlmr,gemini25pro,amd_opt_sym,random_num256,0.245,2026-01-29 14:39:50,
spanish,xlmr,gemini25pro,prt,pca_num256,0.05,2026-01-29 14:39:50,
spanish,xlmr,gemini25pro,apd,pca_num256,0.203,2026-01-29 14:39:50,
spanish,xlmr,gemini25pro,amd,pca_num256,0.296,2026-01-29 14:39:50,
spanish,xlmr,gemini25pro,amd_sym,pca_num256,0.24,2026-01-29 14:39:50,
spanish,xlmr,gemini25pro,amd_opt_sym,pca_num256,0.274,2026-01-29 14:39:50,
spanish,rembert,gemini25pro,prt,random_num256,0.367,2026-01-29 14:39:51,
spanish,rembert,gemini25pro,apd,random_num256,0.258,2026-01-29 14:39:51,
spanish,rembert,gemini25pro,amd,random_num256,0.299,2026-01-29 14:39:51,
spanish,rembert,gemini25pro,amd_sym,random_num256,0.26,2026-01-29 14:39:51,
spanish,rembert,gemini25pro,amd_opt_sym,random_num256,0.31,2026-01-29 14:39:51,
spanish,rembert,gemini25pro,prt,pca_num256,0.011,2026-01-29 14:39:51,
spanish,rembert,gemini25pro,apd,pca_num256,0.219,2026-01-29 14:39:51,
spanish,rembert,gemini25pro,amd,pca_num256,0.312,2026-01-29 14:39:51,
spanish,rembert,gemini25pro,amd_sym,pca_num256,0.309,2026-01-29 14:39:51,
spanish,rembert,gemini25pro,amd_opt_sym,pca_num256,0.336,2026-01-29 14:39:51,
spanish,multilingual-e5,gemini25pro,prt,random_num256,0.412,2026-01-29 14:39:53,
spanish,multilingual-e5,gemini25pro,apd,random_num256,0.338,2026-01-29 14:39:53,
spanish,multilingual-e5,gemini25pro,amd,random_num256,0.224,2026-01-29 14:39:53,
spanish,multilingual-e5,gemini25pro,amd_sym,random_num256,0.211,2026-01-29 14:39:53,
spanish,multilingual-e5,gemini25pro,amd_opt_sym,random_num256,0.228,2026-01-29 14:39:53,
spanish,multilingual-e5,gemini25pro,prt,pca_num256,0.078,2026-01-29 14:39:53,
spanish,multilingual-e5,gemini25pro,apd,pca_num256,0.354,2026-01-29 14:39:53,
spanish,multilingual-e5,gemini25pro,amd,pca_num256,0.327,2026-01-29 14:39:53,
spanish,multilingual-e5,gemini25pro,amd_sym,pca_num256,0.312,2026-01-29 14:39:53,
spanish,multilingual-e5,gemini25pro,amd_opt_sym,pca_num256,0.325,2026-01-29 14:39:53,
spanish,mmbert,gemini25pro,prt,random_num256,0.264,2026-01-29 14:39:54,
spanish,mmbert,gemini25pro,apd,random_num256,0.259,2026-01-29 14:39:54,
spanish,mmbert,gemini25pro,amd,random_num256,0.454,2026-01-29 14:39:54,
spanish,mmbert,gemini25pro,amd_sym,random_num256,0.33,2026-01-29 14:39:54,
spanish,mmbert,gemini25pro,amd_opt_sym,random_num256,0.365,2026-01-29 14:39:54,
spanish,mmbert,gemini25pro,prt,pca_num256,-0.073,2026-01-29 14:39:54,
spanish,mmbert,gemini25pro,apd,pca_num256,0.212,2026-01-29 14:39:54,
spanish,mmbert,gemini25pro,amd,pca_num256,0.432,2026-01-29 14:39:54,
spanish,mmbert,gemini25pro,amd_sym,pca_num256,0.3,2026-01-29 14:39:54,
spanish,mmbert,gemini25pro,amd_opt_sym,pca_num256,0.348,2026-01-29 14:39:54,
spanish,en,gemini25pro,prt,random_num256,0.596,2026-01-29 14:39:56,
spanish,en,gemini25pro,apd,random_num256,0.651,2026-01-29 14:39:56,
spanish,en,gemini25pro,amd,random_num256,0.651,2026-01-29 14:39:56,
spanish,en,gemini25pro,amd_sym,random_num256,0.634,2026-01-29 14:39:56,
spanish,en,gemini25pro,amd_opt_sym,random_num256,0.642,2026-01-29 14:39:56,
spanish,en,gemini25pro,prt,pca_num256,-0.0,2026-01-29 14:39:56,
spanish,en,gemini25pro,apd,pca_num256,0.316,2026-01-29 14:39:56,
spanish,en,gemini25pro,amd,pca_num256,0.665,2026-01-29 14:39:56,
spanish,en,gemini25pro,amd_sym,pca_num256,0.671,2026-01-29 14:39:56,
spanish,en,gemini25pro,amd_opt_sym,pca_num256,0.678,2026-01-29 14:39:56,
spanish,spanish_BERT_WWM,gemini25pro,prt,random_num256,0.054,2026-01-29 14:39:58,
spanish,spanish_BERT_WWM,gemini25pro,apd,random_num256,0.0,2026-01-29 14:39:58,
spanish,spanish_BERT_WWM,gemini25pro,amd,random_num256,0.372,2026-01-29 14:39:58,
spanish,spanish_BERT_WWM,gemini25pro,amd_sym,random_num256,0.337,2026-01-29 14:39:58,
spanish,spanish_BERT_WWM,gemini25pro,amd_opt_sym,random_num256,0.354,2026-01-29 14:39:58,
spanish,spanish_BERT_WWM,gemini25pro,prt,pca_num256,-0.005,2026-01-29 14:39:58,
spanish,spanish_BERT_WWM,gemini25pro,apd,pca_num256,0.288,2026-01-29 14:39:58,
spanish,spanish_BERT_WWM,gemini25pro,amd,pca_num256,0.405,2026-01-29 14:39:58,
spanish,spanish_BERT_WWM,gemini25pro,amd_sym,pca_num256,0.37,2026-01-29 14:39:58,
spanish,spanish_BERT_WWM,gemini25pro,amd_opt_sym,pca_num256,0.377,2026-01-29 14:39:58,
chinese,xll,gemini25pro,prt,random_num256,0.684,2026-01-29 14:39:58,
chinese,xll,gemini25pro,apd,random_num256,0.726,2026-01-29 14:39:58,
chinese,xll,gemini25pro,amd,random_num256,0.72,2026-01-29 14:39:58,
chinese,xll,gemini25pro,amd_sym,random_num256,0.75,2026-01-29 14:39:58,
chinese,xll,gemini25pro,amd_opt_sym,random_num256,0.75,2026-01-29 14:39:58,
chinese,xll,gemini25pro,prt,pca_num256,-0.181,2026-01-29 14:39:58,
chinese,xll,gemini25pro,apd,pca_num256,0.415,2026-01-29 14:39:58,
chinese,xll,gemini25pro,amd,pca_num256,0.716,2026-01-29 14:39:58,
chinese,xll,gemini25pro,amd_sym,pca_num256,0.754,2026-01-29 14:39:58,
chinese,xll,gemini25pro,amd_opt_sym,pca_num256,0.758,2026-01-29 14:39:58,
chinese,xlmr,gemini25pro,prt,random_num256,0.139,2026-01-29 14:39:59,
chinese,xlmr,gemini25pro,apd,random_num256,0.103,2026-01-29 14:39:59,
chinese,xlmr,gemini25pro,amd,random_num256,0.266,2026-01-29 14:39:59,
chinese,xlmr,gemini25pro,amd_sym,random_num256,0.147,2026-01-29 14:39:59,
chinese,xlmr,gemini25pro,amd_opt_sym,random_num256,0.216,2026-01-29 14:39:59,
chinese,xlmr,gemini25pro,prt,pca_num256,0.263,2026-01-29 14:39:59,
chinese,xlmr,gemini25pro,apd,pca_num256,0.217,2026-01-29 14:39:59,
chinese,xlmr,gemini25pro,amd,pca_num256,0.424,2026-01-29 14:39:59,
chinese,xlmr,gemini25pro,amd_sym,pca_num256,0.371,2026-01-29 14:39:59,
chinese,xlmr,gemini25pro,amd_opt_sym,pca_num256,0.336,2026-01-29 14:39:59,
chinese,rembert,gemini25pro,prt,random_num256,0.227,2026-01-29 14:40:00,
chinese,rembert,gemini25pro,apd,random_num256,0.079,2026-01-29 14:40:00,
chinese,rembert,gemini25pro,amd,random_num256,0.364,2026-01-29 14:40:00,
chinese,rembert,gemini25pro,amd_sym,random_num256,0.288,2026-01-29 14:40:00,
chinese,rembert,gemini25pro,amd_opt_sym,random_num256,0.33,2026-01-29 14:40:00,
chinese,rembert,gemini25pro,prt,pca_num256,0.355,2026-01-29 14:40:00,
chinese,rembert,gemini25pro,apd,pca_num256,0.215,2026-01-29 14:40:00,
chinese,rembert,gemini25pro,amd,pca_num256,0.337,2026-01-29 14:40:00,
chinese,rembert,gemini25pro,amd_sym,pca_num256,0.269,2026-01-29 14:40:00,
chinese,rembert,gemini25pro,amd_opt_sym,pca_num256,0.262,2026-01-29 14:40:00,
chinese,multilingual-e5,gemini25pro,prt,random_num256,0.238,2026-01-29 14:40:01,
chinese,multilingual-e5,gemini25pro,apd,random_num256,0.197,2026-01-29 14:40:01,
chinese,multilingual-e5,gemini25pro,amd,random_num256,0.288,2026-01-29 14:40:01,
chinese,multilingual-e5,gemini25pro,amd_sym,random_num256,0.27,2026-01-29 14:40:01,
chinese,multilingual-e5,gemini25pro,amd_opt_sym,random_num256,0.301,2026-01-29 14:40:01,
chinese,multilingual-e5,gemini25pro,prt,pca_num256,0.222,2026-01-29 14:40:01,
chinese,multilingual-e5,gemini25pro,apd,pca_num256,0.191,2026-01-29 14:40:01,
chinese,multilingual-e5,gemini25pro,amd,pca_num256,0.186,2026-01-29 14:40:01,
chinese,multilingual-e5,gemini25pro,amd_sym,pca_num256,0.234,2026-01-29 14:40:01,
chinese,multilingual-e5,gemini25pro,amd_opt_sym,pca_num256,0.256,2026-01-29 14:40:01,
chinese,mmbert,gemini25pro,prt,random_num256,0.229,2026-01-29 14:40:02,
chinese,mmbert,gemini25pro,apd,random_num256,0.207,2026-01-29 14:40:02,
chinese,mmbert,gemini25pro,amd,random_num256,0.338,2026-01-29 14:40:02,
chinese,mmbert,gemini25pro,amd_sym,random_num256,0.27,2026-01-29 14:40:02,
chinese,mmbert,gemini25pro,amd_opt_sym,random_num256,0.282,2026-01-29 14:40:02,
chinese,mmbert,gemini25pro,prt,pca_num256,-0.021,2026-01-29 14:40:02,
chinese,mmbert,gemini25pro,apd,pca_num256,0.288,2026-01-29 14:40:02,
chinese,mmbert,gemini25pro,amd,pca_num256,0.468,2026-01-29 14:40:02,
chinese,mmbert,gemini25pro,amd_sym,pca_num256,0.318,2026-01-29 14:40:02,
chinese,mmbert,gemini25pro,amd_opt_sym,pca_num256,0.338,2026-01-29 14:40:02,
chinese,en,gemini25pro,prt,random_num256,0.656,2026-01-29 14:40:03,
chinese,en,gemini25pro,apd,random_num256,0.684,2026-01-29 14:40:03,
chinese,en,gemini25pro,amd,random_num256,0.662,2026-01-29 14:40:03,
chinese,en,gemini25pro,amd_sym,random_num256,0.683,2026-01-29 14:40:03,
chinese,en,gemini25pro,amd_opt_sym,random_num256,0.694,2026-01-29 14:40:03,
chinese,en,gemini25pro,prt,pca_num256,0.002,2026-01-29 14:40:03,
chinese,en,gemini25pro,apd,pca_num256,0.316,2026-01-29 14:40:03,
chinese,en,gemini25pro,amd,pca_num256,0.644,2026-01-29 14:40:03,
chinese,en,gemini25pro,amd_sym,pca_num256,0.703,2026-01-29 14:40:03,
chinese,en,gemini25pro,amd_opt_sym,pca_num256,0.713,2026-01-29 14:40:03,
chinese,chinese_RoBERTa_WWM,gemini25pro,prt,random_num256,0.252,2026-01-29 14:40:04,
chinese,chinese_RoBERTa_WWM,gemini25pro,apd,random_num256,0.347,2026-01-29 14:40:04,
chinese,chinese_RoBERTa_WWM,gemini25pro,amd,random_num256,0.558,2026-01-29 14:40:04,
chinese,chinese_RoBERTa_WWM,gemini25pro,amd_sym,random_num256,0.507,2026-01-29 14:40:04,
chinese,chinese_RoBERTa_WWM,gemini25pro,amd_opt_sym,random_num256,0.564,2026-01-29 14:40:04,
chinese,chinese_RoBERTa_WWM,gemini25pro,prt,pca_num256,-0.045,2026-01-29 14:40:04,
chinese,chinese_RoBERTa_WWM,gemini25pro,apd,pca_num256,0.266,2026-01-29 14:40:04,
chinese,chinese_RoBERTa_WWM,gemini25pro,amd,pca_num256,0.611,2026-01-29 14:40:04,
chinese,chinese_RoBERTa_WWM,gemini25pro,amd_sym,pca_num256,0.553,2026-01-29 14:40:04,
chinese,chinese_RoBERTa_WWM,gemini25pro,amd_opt_sym,pca_num256,0.546,2026-01-29 14:40:04,
norwegian_1,xll,gemini25pro,prt,random_num256,0.771,2026-01-29 14:40:05,
norwegian_1,xll,gemini25pro,apd,random_num256,0.691,2026-01-29 14:40:05,
norwegian_1,xll,gemini25pro,amd,random_num256,0.691,2026-01-29 14:40:05,
norwegian_1,xll,gemini25pro,amd_sym,random_num256,0.705,2026-01-29 14:40:05,
norwegian_1,xll,gemini25pro,amd_opt_sym,random_num256,0.732,2026-01-29 14:40:05,
norwegian_1,xll,gemini25pro,prt,pca_num256,-0.181,2026-01-29 14:40:05,
norwegian_1,xll,gemini25pro,apd,pca_num256,0.556,2026-01-29 14:40:05,
norwegian_1,xll,gemini25pro,amd,pca_num256,0.698,2026-01-29 14:40:05,
norwegian_1,xll,gemini25pro,amd_sym,pca_num256,0.704,2026-01-29 14:40:05,
norwegian_1,xll,gemini25pro,amd_opt_sym,pca_num256,0.721,2026-01-29 14:40:05,
norwegian_1,xlmr,gemini25pro,prt,random_num256,0.139,2026-01-29 14:40:05,
norwegian_1,xlmr,gemini25pro,apd,random_num256,0.097,2026-01-29 14:40:05,
norwegian_1,xlmr,gemini25pro,amd,random_num256,0.648,2026-01-29 14:40:05,
norwegian_1,xlmr,gemini25pro,amd_sym,random_num256,0.623,2026-01-29 14:40:05,
norwegian_1,xlmr,gemini25pro,amd_opt_sym,random_num256,0.624,2026-01-29 14:40:05,
norwegian_1,xlmr,gemini25pro,prt,pca_num256,-0.083,2026-01-29 14:40:05,
norwegian_1,xlmr,gemini25pro,apd,pca_num256,0.479,2026-01-29 14:40:05,
norwegian_1,xlmr,gemini25pro,amd,pca_num256,0.662,2026-01-29 14:40:05,
norwegian_1,xlmr,gemini25pro,amd_sym,pca_num256,0.576,2026-01-29 14:40:05,
norwegian_1,xlmr,gemini25pro,amd_opt_sym,pca_num256,0.598,2026-01-29 14:40:05,
norwegian_1,rembert,gemini25pro,prt,random_num256,0.598,2026-01-29 14:40:06,
norwegian_1,rembert,gemini25pro,apd,random_num256,0.391,2026-01-29 14:40:06,
norwegian_1,rembert,gemini25pro,amd,random_num256,0.536,2026-01-29 14:40:06,
norwegian_1,rembert,gemini25pro,amd_sym,random_num256,0.607,2026-01-29 14:40:06,
norwegian_1,rembert,gemini25pro,amd_opt_sym,random_num256,0.621,2026-01-29 14:40:06,
norwegian_1,rembert,gemini25pro,prt,pca_num256,-0.082,2026-01-29 14:40:06,
norwegian_1,rembert,gemini25pro,apd,pca_num256,0.472,2026-01-29 14:40:06,
norwegian_1,rembert,gemini25pro,amd,pca_num256,0.526,2026-01-29 14:40:06,
norwegian_1,rembert,gemini25pro,amd_sym,pca_num256,0.632,2026-01-29 14:40:06,
norwegian_1,rembert,gemini25pro,amd_opt_sym,pca_num256,0.612,2026-01-29 14:40:06,
norwegian_1,multilingual-e5,gemini25pro,prt,random_num256,0.374,2026-01-29 14:40:07,
norwegian_1,multilingual-e5,gemini25pro,apd,random_num256,0.323,2026-01-29 14:40:07,
norwegian_1,multilingual-e5,gemini25pro,amd,random_num256,0.443,2026-01-29 14:40:07,
norwegian_1,multilingual-e5,gemini25pro,amd_sym,random_num256,0.515,2026-01-29 14:40:07,
norwegian_1,multilingual-e5,gemini25pro,amd_opt_sym,random_num256,0.452,2026-01-29 14:40:07,
norwegian_1,multilingual-e5,gemini25pro,prt,pca_num256,-0.235,2026-01-29 14:40:07,
norwegian_1,multilingual-e5,gemini25pro,apd,pca_num256,0.416,2026-01-29 14:40:07,
norwegian_1,multilingual-e5,gemini25pro,amd,pca_num256,0.456,2026-01-29 14:40:07,
norwegian_1,multilingual-e5,gemini25pro,amd_sym,pca_num256,0.548,2026-01-29 14:40:07,
norwegian_1,multilingual-e5,gemini25pro,amd_opt_sym,pca_num256,0.557,2026-01-29 14:40:07,
norwegian_1,mmbert,gemini25pro,prt,random_num256,0.502,2026-01-29 14:40:08,
norwegian_1,mmbert,gemini25pro,apd,random_num256,0.45,2026-01-29 14:40:08,
norwegian_1,mmbert,gemini25pro,amd,random_num256,0.423,2026-01-29 14:40:08,
norwegian_1,mmbert,gemini25pro,amd_sym,random_num256,0.487,2026-01-29 14:40:08,
norwegian_1,mmbert,gemini25pro,amd_opt_sym,random_num256,0.501,2026-01-29 14:40:08,
norwegian_1,mmbert,gemini25pro,prt,pca_num256,0.037,2026-01-29 14:40:08,
norwegian_1,mmbert,gemini25pro,apd,pca_num256,0.437,2026-01-29 14:40:08,
norwegian_1,mmbert,gemini25pro,amd,pca_num256,0.606,2026-01-29 14:40:08,
norwegian_1,mmbert,gemini25pro,amd_sym,pca_num256,0.648,2026-01-29 14:40:08,
norwegian_1,mmbert,gemini25pro,amd_opt_sym,pca_num256,0.662,2026-01-29 14:40:08,
norwegian_1,en,gemini25pro,prt,random_num256,0.739,2026-01-29 14:40:08,
norwegian_1,en,gemini25pro,apd,random_num256,0.74,2026-01-29 14:40:08,
norwegian_1,en,gemini25pro,amd,random_num256,0.806,2026-01-29 14:40:08,
norwegian_1,en,gemini25pro,amd_sym,random_num256,0.751,2026-01-29 14:40:08,
norwegian_1,en,gemini25pro,amd_opt_sym,random_num256,0.777,2026-01-29 14:40:08,
norwegian_1,en,gemini25pro,prt,pca_num256,0.282,2026-01-29 14:40:08,
norwegian_1,en,gemini25pro,apd,pca_num256,0.553,2026-01-29 14:40:08,
norwegian_1,en,gemini25pro,amd,pca_num256,0.805,2026-01-29 14:40:08,
norwegian_1,en,gemini25pro,amd_sym,pca_num256,0.833,2026-01-29 14:40:08,
norwegian_1,en,gemini25pro,amd_opt_sym,pca_num256,0.824,2026-01-29 14:40:08,
norwegian_1,norwegian_NB-BERT,gemini25pro,prt,random_num256,0.411,2026-01-29 14:40:09,
norwegian_1,norwegian_NB-BERT,gemini25pro,apd,random_num256,0.28,2026-01-29 14:40:09,
norwegian_1,norwegian_NB-BERT,gemini25pro,amd,random_num256,0.508,2026-01-29 14:40:09,
norwegian_1,norwegian_NB-BERT,gemini25pro,amd_sym,random_num256,0.527,2026-01-29 14:40:09,
norwegian_1,norwegian_NB-BERT,gemini25pro,amd_opt_sym,random_num256,0.566,2026-01-29 14:40:09,
norwegian_1,norwegian_NB-BERT,gemini25pro,prt,pca_num256,0.043,2026-01-29 14:40:09,
norwegian_1,norwegian_NB-BERT,gemini25pro,apd,pca_num256,0.341,2026-01-29 14:40:09,
norwegian_1,norwegian_NB-BERT,gemini25pro,amd,pca_num256,0.545,2026-01-29 14:40:09,
norwegian_1,norwegian_NB-BERT,gemini25pro,amd_sym,pca_num256,0.628,2026-01-29 14:40:09,
norwegian_1,norwegian_NB-BERT,gemini25pro,amd_opt_sym,pca_num256,0.633,2026-01-29 14:40:09,
norwegian_2,xll,gemini25pro,prt,random_num256,0.547,2026-01-29 14:40:09,
norwegian_2,xll,gemini25pro,apd,random_num256,0.648,2026-01-29 14:40:09,
norwegian_2,xll,gemini25pro,amd,random_num256,0.588,2026-01-29 14:40:09,
norwegian_2,xll,gemini25pro,amd_sym,random_num256,0.598,2026-01-29 14:40:09,
norwegian_2,xll,gemini25pro,amd_opt_sym,random_num256,0.599,2026-01-29 14:40:09,
norwegian_2,xll,gemini25pro,prt,pca_num256,0.312,2026-01-29 14:40:09,
norwegian_2,xll,gemini25pro,apd,pca_num256,0.292,2026-01-29 14:40:09,
norwegian_2,xll,gemini25pro,amd,pca_num256,0.575,2026-01-29 14:40:09,
norwegian_2,xll,gemini25pro,amd_sym,pca_num256,0.579,2026-01-29 14:40:09,
norwegian_2,xll,gemini25pro,amd_opt_sym,pca_num256,0.596,2026-01-29 14:40:09,
norwegian_2,xlmr,gemini25pro,prt,random_num256,-0.078,2026-01-29 14:40:10,
norwegian_2,xlmr,gemini25pro,apd,random_num256,-0.076,2026-01-29 14:40:10,
norwegian_2,xlmr,gemini25pro,amd,random_num256,0.46,2026-01-29 14:40:10,
norwegian_2,xlmr,gemini25pro,amd_sym,random_num256,0.385,2026-01-29 14:40:10,
norwegian_2,xlmr,gemini25pro,amd_opt_sym,random_num256,0.364,2026-01-29 14:40:10,
norwegian_2,xlmr,gemini25pro,prt,pca_num256,0.033,2026-01-29 14:40:10,
norwegian_2,xlmr,gemini25pro,apd,pca_num256,0.093,2026-01-29 14:40:10,
norwegian_2,xlmr,gemini25pro,amd,pca_num256,0.355,2026-01-29 14:40:10,
norwegian_2,xlmr,gemini25pro,amd_sym,pca_num256,0.312,2026-01-29 14:40:10,
norwegian_2,xlmr,gemini25pro,amd_opt_sym,pca_num256,0.306,2026-01-29 14:40:10,
norwegian_2,rembert,gemini25pro,prt,random_num256,0.287,2026-01-29 14:40:11,
norwegian_2,rembert,gemini25pro,apd,random_num256,0.345,2026-01-29 14:40:11,
norwegian_2,rembert,gemini25pro,amd,random_num256,0.356,2026-01-29 14:40:11,
norwegian_2,rembert,gemini25pro,amd_sym,random_num256,0.426,2026-01-29 14:40:11,
norwegian_2,rembert,gemini25pro,amd_opt_sym,random_num256,0.403,2026-01-29 14:40:11,
norwegian_2,rembert,gemini25pro,prt,pca_num256,0.203,2026-01-29 14:40:11,
norwegian_2,rembert,gemini25pro,apd,pca_num256,0.286,2026-01-29 14:40:11,
norwegian_2,rembert,gemini25pro,amd,pca_num256,0.385,2026-01-29 14:40:11,
norwegian_2,rembert,gemini25pro,amd_sym,pca_num256,0.376,2026-01-29 14:40:11,
norwegian_2,rembert,gemini25pro,amd_opt_sym,pca_num256,0.412,2026-01-29 14:40:11,
norwegian_2,multilingual-e5,gemini25pro,prt,random_num256,0.115,2026-01-29 14:40:12,
norwegian_2,multilingual-e5,gemini25pro,apd,random_num256,0.161,2026-01-29 14:40:12,
norwegian_2,multilingual-e5,gemini25pro,amd,random_num256,0.213,2026-01-29 14:40:12,
norwegian_2,multilingual-e5,gemini25pro,amd_sym,random_num256,0.219,2026-01-29 14:40:12,
norwegian_2,multilingual-e5,gemini25pro,amd_opt_sym,random_num256,0.242,2026-01-29 14:40:12,
norwegian_2,multilingual-e5,gemini25pro,prt,pca_num256,0.045,2026-01-29 14:40:12,
norwegian_2,multilingual-e5,gemini25pro,apd,pca_num256,0.174,2026-01-29 14:40:12,
norwegian_2,multilingual-e5,gemini25pro,amd,pca_num256,0.105,2026-01-29 14:40:12,
norwegian_2,multilingual-e5,gemini25pro,amd_sym,pca_num256,0.202,2026-01-29 14:40:12,
norwegian_2,multilingual-e5,gemini25pro,amd_opt_sym,pca_num256,0.199,2026-01-29 14:40:12,
norwegian_2,mmbert,gemini25pro,prt,random_num256,0.165,2026-01-29 14:40:12,
norwegian_2,mmbert,gemini25pro,apd,random_num256,0.145,2026-01-29 14:40:12,
norwegian_2,mmbert,gemini25pro,amd,random_num256,0.395,2026-01-29 14:40:12,
norwegian_2,mmbert,gemini25pro,amd_sym,random_num256,0.41,2026-01-29 14:40:12,
norwegian_2,mmbert,gemini25pro,amd_opt_sym,random_num256,0.42,2026-01-29 14:40:12,
norwegian_2,mmbert,gemini25pro,prt,pca_num256,-0.077,2026-01-29 14:40:12,
norwegian_2,mmbert,gemini25pro,apd,pca_num256,0.151,2026-01-29 14:40:12,
norwegian_2,mmbert,gemini25pro,amd,pca_num256,0.368,2026-01-29 14:40:12,
norwegian_2,mmbert,gemini25pro,amd_sym,pca_num256,0.351,2026-01-29 14:40:12,
norwegian_2,mmbert,gemini25pro,amd_opt_sym,pca_num256,0.404,2026-01-29 14:40:12,
norwegian_2,en,gemini25pro,prt,random_num256,0.622,2026-01-29 14:40:13,
norwegian_2,en,gemini25pro,apd,random_num256,0.639,2026-01-29 14:40:13,
norwegian_2,en,gemini25pro,amd,random_num256,0.61,2026-01-29 14:40:13,
norwegian_2,en,gemini25pro,amd_sym,random_num256,0.645,2026-01-29 14:40:13,
norwegian_2,en,gemini25pro,amd_opt_sym,random_num256,0.656,2026-01-29 14:40:13,
norwegian_2,en,gemini25pro,prt,pca_num256,0.007,2026-01-29 14:40:13,
norwegian_2,en,gemini25pro,apd,pca_num256,0.323,2026-01-29 14:40:13,
norwegian_2,en,gemini25pro,amd,pca_num256,0.627,2026-01-29 14:40:13,
norwegian_2,en,gemini25pro,amd_sym,pca_num256,0.661,2026-01-29 14:40:13,
norwegian_2,en,gemini25pro,amd_opt_sym,pca_num256,0.663,2026-01-29 14:40:13,
norwegian_2,norwegian_NB-BERT,gemini25pro,prt,random_num256,0.388,2026-01-29 14:40:14,
norwegian_2,norwegian_NB-BERT,gemini25pro,apd,random_num256,0.41,2026-01-29 14:40:14,
norwegian_2,norwegian_NB-BERT,gemini25pro,amd,random_num256,0.304,2026-01-29 14:40:14,
norwegian_2,norwegian_NB-BERT,gemini25pro,amd_sym,random_num256,0.363,2026-01-29 14:40:14,
norwegian_2,norwegian_NB-BERT,gemini25pro,amd_opt_sym,random_num256,0.386,2026-01-29 14:40:14,
norwegian_2,norwegian_NB-BERT,gemini25pro,prt,pca_num256,-0.135,2026-01-29 14:40:14,
norwegian_2,norwegian_NB-BERT,gemini25pro,apd,pca_num256,0.138,2026-01-29 14:40:14,
norwegian_2,norwegian_NB-BERT,gemini25pro,amd,pca_num256,0.215,2026-01-29 14:40:14,
norwegian_2,norwegian_NB-BERT,gemini25pro,amd_sym,pca_num256,0.366,2026-01-29 14:40:14,
norwegian_2,norwegian_NB-BERT,gemini25pro,amd_opt_sym,pca_num256,0.333,2026-01-29 14:40:14,
english,xll,gemini25pro,prt,random_num128,0.469,2026-01-29 14:40:20,
english,xll,gemini25pro,apd,random_num128,0.722,2026-01-29 14:40:20,
english,xll,gemini25pro,amd,random_num128,0.612,2026-01-29 14:40:20,
english,xll,gemini25pro,amd_sym,random_num128,0.67,2026-01-29 14:40:20,
english,xll,gemini25pro,amd_opt_sym,random_num128,0.691,2026-01-29 14:40:20,
english,xll,gemini25pro,prt,pca_num128,-0.146,2026-01-29 14:40:20,
english,xll,gemini25pro,apd,pca_num128,0.219,2026-01-29 14:40:20,
english,xll,gemini25pro,amd,pca_num128,0.638,2026-01-29 14:40:20,
english,xll,gemini25pro,amd_sym,pca_num128,0.695,2026-01-29 14:40:20,
english,xll,gemini25pro,amd_opt_sym,pca_num128,0.707,2026-01-29 14:40:20,
english,xlmr,gemini25pro,prt,random_num128,0.269,2026-01-29 14:40:26,
english,xlmr,gemini25pro,apd,random_num128,0.26,2026-01-29 14:40:26,
english,xlmr,gemini25pro,amd,random_num128,0.455,2026-01-29 14:40:26,
english,xlmr,gemini25pro,amd_sym,random_num128,0.271,2026-01-29 14:40:26,
english,xlmr,gemini25pro,amd_opt_sym,random_num128,0.368,2026-01-29 14:40:26,
english,xlmr,gemini25pro,prt,pca_num128,0.078,2026-01-29 14:40:26,
english,xlmr,gemini25pro,apd,pca_num128,0.244,2026-01-29 14:40:26,
english,xlmr,gemini25pro,amd,pca_num128,0.322,2026-01-29 14:40:26,
english,xlmr,gemini25pro,amd_sym,pca_num128,0.386,2026-01-29 14:40:26,
english,xlmr,gemini25pro,amd_opt_sym,pca_num128,0.365,2026-01-29 14:40:26,
english,rembert,gemini25pro,prt,random_num128,0.473,2026-01-29 14:40:33,
english,rembert,gemini25pro,apd,random_num128,0.47,2026-01-29 14:40:33,
english,rembert,gemini25pro,amd,random_num128,0.364,2026-01-29 14:40:33,
english,rembert,gemini25pro,amd_sym,random_num128,0.347,2026-01-29 14:40:33,
english,rembert,gemini25pro,amd_opt_sym,random_num128,0.367,2026-01-29 14:40:33,
english,rembert,gemini25pro,prt,pca_num128,0.017,2026-01-29 14:40:33,
english,rembert,gemini25pro,apd,pca_num128,0.203,2026-01-29 14:40:33,
english,rembert,gemini25pro,amd,pca_num128,0.255,2026-01-29 14:40:33,
english,rembert,gemini25pro,amd_sym,pca_num128,0.306,2026-01-29 14:40:33,
english,rembert,gemini25pro,amd_opt_sym,pca_num128,0.308,2026-01-29 14:40:33,
english,multilingual-e5,gemini25pro,prt,random_num128,0.249,2026-01-29 14:40:39,
english,multilingual-e5,gemini25pro,apd,random_num128,0.132,2026-01-29 14:40:39,
english,multilingual-e5,gemini25pro,amd,random_num128,0.243,2026-01-29 14:40:39,
english,multilingual-e5,gemini25pro,amd_sym,random_num128,0.234,2026-01-29 14:40:39,
english,multilingual-e5,gemini25pro,amd_opt_sym,random_num128,0.249,2026-01-29 14:40:39,
english,multilingual-e5,gemini25pro,prt,pca_num128,0.433,2026-01-29 14:40:39,
english,multilingual-e5,gemini25pro,apd,pca_num128,0.261,2026-01-29 14:40:39,
english,multilingual-e5,gemini25pro,amd,pca_num128,0.127,2026-01-29 14:40:39,
english,multilingual-e5,gemini25pro,amd_sym,pca_num128,0.166,2026-01-29 14:40:39,
english,multilingual-e5,gemini25pro,amd_opt_sym,pca_num128,0.174,2026-01-29 14:40:39,
english,mmbert,gemini25pro,prt,random_num128,0.35,2026-01-29 14:40:45,
english,mmbert,gemini25pro,apd,random_num128,0.333,2026-01-29 14:40:45,
english,mmbert,gemini25pro,amd,random_num128,0.479,2026-01-29 14:40:45,
english,mmbert,gemini25pro,amd_sym,random_num128,0.444,2026-01-29 14:40:45,
english,mmbert,gemini25pro,amd_opt_sym,random_num128,0.475,2026-01-29 14:40:45,
english,mmbert,gemini25pro,prt,pca_num128,0.245,2026-01-29 14:40:45,
english,mmbert,gemini25pro,apd,pca_num128,0.101,2026-01-29 14:40:45,
english,mmbert,gemini25pro,amd,pca_num128,0.313,2026-01-29 14:40:45,
english,mmbert,gemini25pro,amd_sym,pca_num128,0.279,2026-01-29 14:40:45,
english,mmbert,gemini25pro,amd_opt_sym,pca_num128,0.314,2026-01-29 14:40:45,
english,en,gemini25pro,prt,random_num128,0.4,2026-01-29 14:40:51,
english,en,gemini25pro,apd,random_num128,0.606,2026-01-29 14:40:51,
english,en,gemini25pro,amd,random_num128,0.665,2026-01-29 14:40:51,
english,en,gemini25pro,amd_sym,random_num128,0.614,2026-01-29 14:40:51,
english,en,gemini25pro,amd_opt_sym,random_num128,0.66,2026-01-29 14:40:51,
english,en,gemini25pro,prt,pca_num128,-0.017,2026-01-29 14:40:51,
english,en,gemini25pro,apd,pca_num128,0.232,2026-01-29 14:40:51,
english,en,gemini25pro,amd,pca_num128,0.706,2026-01-29 14:40:51,
english,en,gemini25pro,amd_sym,pca_num128,0.717,2026-01-29 14:40:51,
english,en,gemini25pro,amd_opt_sym,pca_num128,0.713,2026-01-29 14:40:51,
english,roberta,gemini25pro,prt,random_num128,0.202,2026-01-29 14:40:58,
english,roberta,gemini25pro,apd,random_num128,0.138,2026-01-29 14:40:58,
english,roberta,gemini25pro,amd,random_num128,0.295,2026-01-29 14:40:58,
english,roberta,gemini25pro,amd_sym,random_num128,0.246,2026-01-29 14:40:58,
english,roberta,gemini25pro,amd_opt_sym,random_num128,0.302,2026-01-29 14:40:58,
english,roberta,gemini25pro,prt,pca_num128,-0.089,2026-01-29 14:40:58,
english,roberta,gemini25pro,apd,pca_num128,0.101,2026-01-29 14:40:58,
english,roberta,gemini25pro,amd,pca_num128,0.257,2026-01-29 14:40:58,
english,roberta,gemini25pro,amd_sym,pca_num128,0.203,2026-01-29 14:40:58,
english,roberta,gemini25pro,amd_opt_sym,pca_num128,0.254,2026-01-29 14:40:58,
german,xll,gemini25pro,prt,random_num128,0.881,2026-01-29 14:41:03,
german,xll,gemini25pro,apd,random_num128,0.849,2026-01-29 14:41:03,
german,xll,gemini25pro,amd,random_num128,0.805,2026-01-29 14:41:03,
german,xll,gemini25pro,amd_sym,random_num128,0.894,2026-01-29 14:41:03,
german,xll,gemini25pro,amd_opt_sym,random_num128,0.897,2026-01-29 14:41:03,
german,xll,gemini25pro,prt,pca_num128,-0.037,2026-01-29 14:41:03,
german,xll,gemini25pro,apd,pca_num128,0.703,2026-01-29 14:41:03,
german,xll,gemini25pro,amd,pca_num128,0.809,2026-01-29 14:41:03,
german,xll,gemini25pro,amd_sym,pca_num128,0.903,2026-01-29 14:41:03,
german,xll,gemini25pro,amd_opt_sym,pca_num128,0.907,2026-01-29 14:41:03,
german,xlmr,gemini25pro,prt,random_num128,0.261,2026-01-29 14:41:08,
german,xlmr,gemini25pro,apd,random_num128,0.15,2026-01-29 14:41:08,
german,xlmr,gemini25pro,amd,random_num128,0.401,2026-01-29 14:41:08,
german,xlmr,gemini25pro,amd_sym,random_num128,0.386,2026-01-29 14:41:08,
german,xlmr,gemini25pro,amd_opt_sym,random_num128,0.43,2026-01-29 14:41:08,
german,xlmr,gemini25pro,prt,pca_num128,0.189,2026-01-29 14:41:08,
german,xlmr,gemini25pro,apd,pca_num128,0.441,2026-01-29 14:41:08,
german,xlmr,gemini25pro,amd,pca_num128,0.4,2026-01-29 14:41:08,
german,xlmr,gemini25pro,amd_sym,pca_num128,0.405,2026-01-29 14:41:08,
german,xlmr,gemini25pro,amd_opt_sym,pca_num128,0.429,2026-01-29 14:41:08,
german,rembert,gemini25pro,prt,random_num128,0.141,2026-01-29 14:41:12,
german,rembert,gemini25pro,apd,random_num128,-0.1,2026-01-29 14:41:12,
german,rembert,gemini25pro,amd,random_num128,0.468,2026-01-29 14:41:12,
german,rembert,gemini25pro,amd_sym,random_num128,0.439,2026-01-29 14:41:12,
german,rembert,gemini25pro,amd_opt_sym,random_num128,0.509,2026-01-29 14:41:12,
german,rembert,gemini25pro,prt,pca_num128,0.047,2026-01-29 14:41:12,
german,rembert,gemini25pro,apd,pca_num128,0.46,2026-01-29 14:41:12,
german,rembert,gemini25pro,amd,pca_num128,0.416,2026-01-29 14:41:12,
german,rembert,gemini25pro,amd_sym,pca_num128,0.482,2026-01-29 14:41:12,
german,rembert,gemini25pro,amd_opt_sym,pca_num128,0.518,2026-01-29 14:41:12,
german,multilingual-e5,gemini25pro,prt,random_num128,0.538,2026-01-29 14:41:17,
german,multilingual-e5,gemini25pro,apd,random_num128,0.2,2026-01-29 14:41:17,
german,multilingual-e5,gemini25pro,amd,random_num128,0.363,2026-01-29 14:41:17,
german,multilingual-e5,gemini25pro,amd_sym,random_num128,0.483,2026-01-29 14:41:17,
german,multilingual-e5,gemini25pro,amd_opt_sym,random_num128,0.482,2026-01-29 14:41:17,
german,multilingual-e5,gemini25pro,prt,pca_num128,0.178,2026-01-29 14:41:17,
german,multilingual-e5,gemini25pro,apd,pca_num128,0.481,2026-01-29 14:41:17,
german,multilingual-e5,gemini25pro,amd,pca_num128,0.34,2026-01-29 14:41:17,
german,multilingual-e5,gemini25pro,amd_sym,pca_num128,0.461,2026-01-29 14:41:17,
german,multilingual-e5,gemini25pro,amd_opt_sym,pca_num128,0.447,2026-01-29 14:41:17,
german,mmbert,gemini25pro,prt,random_num128,0.239,2026-01-29 14:41:22,
german,mmbert,gemini25pro,apd,random_num128,0.115,2026-01-29 14:41:22,
german,mmbert,gemini25pro,amd,random_num128,0.566,2026-01-29 14:41:22,
german,mmbert,gemini25pro,amd_sym,random_num128,0.501,2026-01-29 14:41:22,
german,mmbert,gemini25pro,amd_opt_sym,random_num128,0.528,2026-01-29 14:41:22,
german,mmbert,gemini25pro,prt,pca_num128,0.024,2026-01-29 14:41:22,
german,mmbert,gemini25pro,apd,pca_num128,0.429,2026-01-29 14:41:22,
german,mmbert,gemini25pro,amd,pca_num128,0.573,2026-01-29 14:41:22,
german,mmbert,gemini25pro,amd_sym,pca_num128,0.523,2026-01-29 14:41:22,
german,mmbert,gemini25pro,amd_opt_sym,pca_num128,0.559,2026-01-29 14:41:22,
german,en,gemini25pro,prt,random_num128,0.832,2026-01-29 14:41:26,
german,en,gemini25pro,apd,random_num128,0.812,2026-01-29 14:41:26,
german,en,gemini25pro,amd,random_num128,0.713,2026-01-29 14:41:26,
german,en,gemini25pro,amd_sym,random_num128,0.865,2026-01-29 14:41:26,
german,en,gemini25pro,amd_opt_sym,random_num128,0.865,2026-01-29 14:41:26,
german,en,gemini25pro,prt,pca_num128,-0.049,2026-01-29 14:41:26,
german,en,gemini25pro,apd,pca_num128,0.703,2026-01-29 14:41:26,
german,en,gemini25pro,amd,pca_num128,0.729,2026-01-29 14:41:26,
german,en,gemini25pro,amd_sym,pca_num128,0.876,2026-01-29 14:41:26,
german,en,gemini25pro,amd_opt_sym,pca_num128,0.874,2026-01-29 14:41:26,
german,german_GBERT,gemini25pro,prt,random_num128,0.325,2026-01-29 14:41:31,
german,german_GBERT,gemini25pro,apd,random_num128,0.117,2026-01-29 14:41:31,
german,german_GBERT,gemini25pro,amd,random_num128,0.645,2026-01-29 14:41:31,
german,german_GBERT,gemini25pro,amd_sym,random_num128,0.643,2026-01-29 14:41:31,
german,german_GBERT,gemini25pro,amd_opt_sym,random_num128,0.659,2026-01-29 14:41:31,
german,german_GBERT,gemini25pro,prt,pca_num128,0.094,2026-01-29 14:41:31,
german,german_GBERT,gemini25pro,apd,pca_num128,0.579,2026-01-29 14:41:31,
german,german_GBERT,gemini25pro,amd,pca_num128,0.585,2026-01-29 14:41:31,
german,german_GBERT,gemini25pro,amd_sym,pca_num128,0.642,2026-01-29 14:41:31,
german,german_GBERT,gemini25pro,amd_opt_sym,pca_num128,0.655,2026-01-29 14:41:31,
swedish,xll,gemini25pro,prt,random_num128,0.668,2026-01-29 14:41:39,
swedish,xll,gemini25pro,apd,random_num128,0.735,2026-01-29 14:41:39,
swedish,xll,gemini25pro,amd,random_num128,0.742,2026-01-29 14:41:39,
swedish,xll,gemini25pro,amd_sym,random_num128,0.75,2026-01-29 14:41:39,
swedish,xll,gemini25pro,amd_opt_sym,random_num128,0.764,2026-01-29 14:41:39,
swedish,xll,gemini25pro,prt,pca_num128,0.122,2026-01-29 14:41:39,
swedish,xll,gemini25pro,apd,pca_num128,0.087,2026-01-29 14:41:39,
swedish,xll,gemini25pro,amd,pca_num128,0.751,2026-01-29 14:41:39,
swedish,xll,gemini25pro,amd_sym,pca_num128,0.77,2026-01-29 14:41:39,
swedish,xll,gemini25pro,amd_opt_sym,pca_num128,0.769,2026-01-29 14:41:39,
swedish,xlmr,gemini25pro,prt,random_num128,-0.151,2026-01-29 14:41:46,
swedish,xlmr,gemini25pro,apd,random_num128,-0.18,2026-01-29 14:41:46,
swedish,xlmr,gemini25pro,amd,random_num128,0.502,2026-01-29 14:41:46,
swedish,xlmr,gemini25pro,amd_sym,random_num128,0.354,2026-01-29 14:41:46,
swedish,xlmr,gemini25pro,amd_opt_sym,random_num128,0.399,2026-01-29 14:41:46,
swedish,xlmr,gemini25pro,prt,pca_num128,0.234,2026-01-29 14:41:46,
swedish,xlmr,gemini25pro,apd,pca_num128,-0.114,2026-01-29 14:41:46,
swedish,xlmr,gemini25pro,amd,pca_num128,0.318,2026-01-29 14:41:46,
swedish,xlmr,gemini25pro,amd_sym,pca_num128,0.226,2026-01-29 14:41:46,
swedish,xlmr,gemini25pro,amd_opt_sym,pca_num128,0.224,2026-01-29 14:41:46,
swedish,rembert,gemini25pro,prt,random_num128,0.322,2026-01-29 14:41:53,
swedish,rembert,gemini25pro,apd,random_num128,0.369,2026-01-29 14:41:53,
swedish,rembert,gemini25pro,amd,random_num128,0.458,2026-01-29 14:41:53,
swedish,rembert,gemini25pro,amd_sym,random_num128,0.378,2026-01-29 14:41:53,
swedish,rembert,gemini25pro,amd_opt_sym,random_num128,0.394,2026-01-29 14:41:53,
swedish,rembert,gemini25pro,prt,pca_num128,0.084,2026-01-29 14:41:53,
swedish,rembert,gemini25pro,apd,pca_num128,0.005,2026-01-29 14:41:53,
swedish,rembert,gemini25pro,amd,pca_num128,0.294,2026-01-29 14:41:53,
swedish,rembert,gemini25pro,amd_sym,pca_num128,0.233,2026-01-29 14:41:53,
swedish,rembert,gemini25pro,amd_opt_sym,pca_num128,0.268,2026-01-29 14:41:53,
swedish,multilingual-e5,gemini25pro,prt,random_num128,0.136,2026-01-29 14:42:00,
swedish,multilingual-e5,gemini25pro,apd,random_num128,-0.027,2026-01-29 14:42:00,
swedish,multilingual-e5,gemini25pro,amd,random_num128,0.386,2026-01-29 14:42:00,
swedish,multilingual-e5,gemini25pro,amd_sym,random_num128,0.452,2026-01-29 14:42:00,
swedish,multilingual-e5,gemini25pro,amd_opt_sym,random_num128,0.423,2026-01-29 14:42:00,
swedish,multilingual-e5,gemini25pro,prt,pca_num128,0.043,2026-01-29 14:42:00,
swedish,multilingual-e5,gemini25pro,apd,pca_num128,0.053,2026-01-29 14:42:00,
swedish,multilingual-e5,gemini25pro,amd,pca_num128,0.166,2026-01-29 14:42:00,
swedish,multilingual-e5,gemini25pro,amd_sym,pca_num128,0.258,2026-01-29 14:42:00,
swedish,multilingual-e5,gemini25pro,amd_opt_sym,pca_num128,0.253,2026-01-29 14:42:00,
swedish,mmbert,gemini25pro,prt,random_num128,0.155,2026-01-29 14:42:07,
swedish,mmbert,gemini25pro,apd,random_num128,0.188,2026-01-29 14:42:07,
swedish,mmbert,gemini25pro,amd,random_num128,0.494,2026-01-29 14:42:07,
swedish,mmbert,gemini25pro,amd_sym,random_num128,0.452,2026-01-29 14:42:07,
swedish,mmbert,gemini25pro,amd_opt_sym,random_num128,0.458,2026-01-29 14:42:07,
swedish,mmbert,gemini25pro,prt,pca_num128,-0.217,2026-01-29 14:42:07,
swedish,mmbert,gemini25pro,apd,pca_num128,-0.069,2026-01-29 14:42:07,
swedish,mmbert,gemini25pro,amd,pca_num128,0.498,2026-01-29 14:42:07,
swedish,mmbert,gemini25pro,amd_sym,pca_num128,0.386,2026-01-29 14:42:07,
swedish,mmbert,gemini25pro,amd_opt_sym,pca_num128,0.385,2026-01-29 14:42:07,
swedish,en,gemini25pro,prt,random_num128,0.688,2026-01-29 14:42:14,
swedish,en,gemini25pro,apd,random_num128,0.703,2026-01-29 14:42:14,
swedish,en,gemini25pro,amd,random_num128,0.61,2026-01-29 14:42:14,
swedish,en,gemini25pro,amd_sym,random_num128,0.752,2026-01-29 14:42:14,
swedish,en,gemini25pro,amd_opt_sym,random_num128,0.762,2026-01-29 14:42:14,
swedish,en,gemini25pro,prt,pca_num128,-0.35,2026-01-29 14:42:14,
swedish,en,gemini25pro,apd,pca_num128,-0.023,2026-01-29 14:42:14,
swedish,en,gemini25pro,amd,pca_num128,0.606,2026-01-29 14:42:14,
swedish,en,gemini25pro,amd_sym,pca_num128,0.759,2026-01-29 14:42:14,
swedish,en,gemini25pro,amd_opt_sym,pca_num128,0.766,2026-01-29 14:42:14,
swedish,swedish_MegatronBERT,gemini25pro,prt,random_num128,0.231,2026-01-29 14:42:22,
swedish,swedish_MegatronBERT,gemini25pro,apd,random_num128,0.242,2026-01-29 14:42:22,
swedish,swedish_MegatronBERT,gemini25pro,amd,random_num128,0.262,2026-01-29 14:42:22,
swedish,swedish_MegatronBERT,gemini25pro,amd_sym,random_num128,0.205,2026-01-29 14:42:22,
swedish,swedish_MegatronBERT,gemini25pro,amd_opt_sym,random_num128,0.2,2026-01-29 14:42:22,
swedish,swedish_MegatronBERT,gemini25pro,prt,pca_num128,-0.237,2026-01-29 14:42:22,
swedish,swedish_MegatronBERT,gemini25pro,apd,pca_num128,0.1,2026-01-29 14:42:22,
swedish,swedish_MegatronBERT,gemini25pro,amd,pca_num128,0.14,2026-01-29 14:42:22,
swedish,swedish_MegatronBERT,gemini25pro,amd_sym,pca_num128,0.041,2026-01-29 14:42:22,
swedish,swedish_MegatronBERT,gemini25pro,amd_opt_sym,pca_num128,0.07,2026-01-29 14:42:22,
latin,xll,gemini25pro,prt,random_num128,0.413,2026-01-29 14:42:33,
latin,xll,gemini25pro,apd,random_num128,-0.002,2026-01-29 14:42:33,
latin,xll,gemini25pro,amd,random_num128,0.023,2026-01-29 14:42:33,
latin,xll,gemini25pro,amd_sym,random_num128,0.208,2026-01-29 14:42:33,
latin,xll,gemini25pro,amd_opt_sym,random_num128,0.189,2026-01-29 14:42:33,
latin,xll,gemini25pro,prt,pca_num128,0.156,2026-01-29 14:42:33,
latin,xll,gemini25pro,apd,pca_num128,0.474,2026-01-29 14:42:33,
latin,xll,gemini25pro,amd,pca_num128,0.025,2026-01-29 14:42:33,
latin,xll,gemini25pro,amd_sym,pca_num128,0.23,2026-01-29 14:42:33,
latin,xll,gemini25pro,amd_opt_sym,pca_num128,0.21,2026-01-29 14:42:33,
latin,xlmr,gemini25pro,prt,random_num128,0.576,2026-01-29 14:42:42,
latin,xlmr,gemini25pro,apd,random_num128,0.282,2026-01-29 14:42:42,
latin,xlmr,gemini25pro,amd,random_num128,0.096,2026-01-29 14:42:42,
latin,xlmr,gemini25pro,amd_sym,random_num128,0.108,2026-01-29 14:42:42,
latin,xlmr,gemini25pro,amd_opt_sym,random_num128,0.125,2026-01-29 14:42:42,
latin,xlmr,gemini25pro,prt,pca_num128,0.406,2026-01-29 14:42:42,
latin,xlmr,gemini25pro,apd,pca_num128,0.501,2026-01-29 14:42:42,
latin,xlmr,gemini25pro,amd,pca_num128,0.23,2026-01-29 14:42:42,
latin,xlmr,gemini25pro,amd_sym,pca_num128,0.27,2026-01-29 14:42:42,
latin,xlmr,gemini25pro,amd_opt_sym,pca_num128,0.305,2026-01-29 14:42:42,
latin,rembert,gemini25pro,prt,random_num128,0.5,2026-01-29 14:42:52,
latin,rembert,gemini25pro,apd,random_num128,0.141,2026-01-29 14:42:52,
latin,rembert,gemini25pro,amd,random_num128,0.12,2026-01-29 14:42:52,
latin,rembert,gemini25pro,amd_sym,random_num128,0.253,2026-01-29 14:42:52,
latin,rembert,gemini25pro,amd_opt_sym,random_num128,0.25,2026-01-29 14:42:52,
latin,rembert,gemini25pro,prt,pca_num128,0.13,2026-01-29 14:42:52,
latin,rembert,gemini25pro,apd,pca_num128,0.543,2026-01-29 14:42:52,
latin,rembert,gemini25pro,amd,pca_num128,0.146,2026-01-29 14:42:52,
latin,rembert,gemini25pro,amd_sym,pca_num128,0.3,2026-01-29 14:42:52,
latin,rembert,gemini25pro,amd_opt_sym,pca_num128,0.31,2026-01-29 14:42:52,
latin,multilingual-e5,gemini25pro,prt,random_num128,0.409,2026-01-29 14:43:03,
latin,multilingual-e5,gemini25pro,apd,random_num128,-0.005,2026-01-29 14:43:03,
latin,multilingual-e5,gemini25pro,amd,random_num128,0.279,2026-01-29 14:43:03,
latin,multilingual-e5,gemini25pro,amd_sym,random_num128,0.313,2026-01-29 14:43:03,
latin,multilingual-e5,gemini25pro,amd_opt_sym,random_num128,0.324,2026-01-29 14:43:03,
latin,multilingual-e5,gemini25pro,prt,pca_num128,0.39,2026-01-29 14:43:03,
latin,multilingual-e5,gemini25pro,apd,pca_num128,0.443,2026-01-29 14:43:03,
latin,multilingual-e5,gemini25pro,amd,pca_num128,0.08,2026-01-29 14:43:03,
latin,multilingual-e5,gemini25pro,amd_sym,pca_num128,0.243,2026-01-29 14:43:03,
latin,multilingual-e5,gemini25pro,amd_opt_sym,pca_num128,0.213,2026-01-29 14:43:03,
latin,mmbert,gemini25pro,prt,random_num128,0.221,2026-01-29 14:43:12,
latin,mmbert,gemini25pro,apd,random_num128,-0.075,2026-01-29 14:43:12,
latin,mmbert,gemini25pro,amd,random_num128,0.22,2026-01-29 14:43:12,
latin,mmbert,gemini25pro,amd_sym,random_num128,0.271,2026-01-29 14:43:12,
latin,mmbert,gemini25pro,amd_opt_sym,random_num128,0.294,2026-01-29 14:43:12,
latin,mmbert,gemini25pro,prt,pca_num128,-0.111,2026-01-29 14:43:12,
latin,mmbert,gemini25pro,apd,pca_num128,0.493,2026-01-29 14:43:12,
latin,mmbert,gemini25pro,amd,pca_num128,0.226,2026-01-29 14:43:12,
latin,mmbert,gemini25pro,amd_sym,pca_num128,0.251,2026-01-29 14:43:12,
latin,mmbert,gemini25pro,amd_opt_sym,pca_num128,0.277,2026-01-29 14:43:12,
latin,en,gemini25pro,prt,random_num128,0.374,2026-01-29 14:43:23,
latin,en,gemini25pro,apd,random_num128,0.016,2026-01-29 14:43:23,
latin,en,gemini25pro,amd,random_num128,0.165,2026-01-29 14:43:23,
latin,en,gemini25pro,amd_sym,random_num128,0.282,2026-01-29 14:43:23,
latin,en,gemini25pro,amd_opt_sym,random_num128,0.302,2026-01-29 14:43:23,
latin,en,gemini25pro,prt,pca_num128,-0.101,2026-01-29 14:43:23,
latin,en,gemini25pro,apd,pca_num128,0.517,2026-01-29 14:43:23,
latin,en,gemini25pro,amd,pca_num128,0.125,2026-01-29 14:43:23,
latin,en,gemini25pro,amd_sym,pca_num128,0.261,2026-01-29 14:43:23,
latin,en,gemini25pro,amd_opt_sym,pca_num128,0.238,2026-01-29 14:43:23,
latin,latin_BammanBurns,gemini25pro,prt,random_num128,0.202,2026-01-29 14:43:33,
latin,latin_BammanBurns,gemini25pro,apd,random_num128,-0.056,2026-01-29 14:43:33,
latin,latin_BammanBurns,gemini25pro,amd,random_num128,0.154,2026-01-29 14:43:33,
latin,latin_BammanBurns,gemini25pro,amd_sym,random_num128,0.26,2026-01-29 14:43:33,
latin,latin_BammanBurns,gemini25pro,amd_opt_sym,random_num128,0.227,2026-01-29 14:43:33,
latin,latin_BammanBurns,gemini25pro,prt,pca_num128,0.05,2026-01-29 14:43:33,
latin,latin_BammanBurns,gemini25pro,apd,pca_num128,0.289,2026-01-29 14:43:33,
latin,latin_BammanBurns,gemini25pro,amd,pca_num128,0.179,2026-01-29 14:43:33,
latin,latin_BammanBurns,gemini25pro,amd_sym,pca_num128,0.23,2026-01-29 14:43:33,
latin,latin_BammanBurns,gemini25pro,amd_opt_sym,pca_num128,0.233,2026-01-29 14:43:33,
spanish,xll,gemini25pro,prt,random_num128,0.642,2026-01-29 14:43:34,
spanish,xll,gemini25pro,apd,random_num128,0.664,2026-01-29 14:43:34,
spanish,xll,gemini25pro,amd,random_num128,0.664,2026-01-29 14:43:34,
spanish,xll,gemini25pro,amd_sym,random_num128,0.663,2026-01-29 14:43:34,
spanish,xll,gemini25pro,amd_opt_sym,random_num128,0.668,2026-01-29 14:43:34,
spanish,xll,gemini25pro,prt,pca_num128,0.223,2026-01-29 14:43:34,
spanish,xll,gemini25pro,apd,pca_num128,0.375,2026-01-29 14:43:34,
spanish,xll,gemini25pro,amd,pca_num128,0.673,2026-01-29 14:43:34,
spanish,xll,gemini25pro,amd_sym,pca_num128,0.658,2026-01-29 14:43:34,
spanish,xll,gemini25pro,amd_opt_sym,pca_num128,0.664,2026-01-29 14:43:34,
spanish,xlmr,gemini25pro,prt,random_num128,0.08,2026-01-29 14:43:36,
spanish,xlmr,gemini25pro,apd,random_num128,0.051,2026-01-29 14:43:36,
spanish,xlmr,gemini25pro,amd,random_num128,0.211,2026-01-29 14:43:36,
spanish,xlmr,gemini25pro,amd_sym,random_num128,0.125,2026-01-29 14:43:36,
spanish,xlmr,gemini25pro,amd_opt_sym,random_num128,0.152,2026-01-29 14:43:36,
spanish,xlmr,gemini25pro,prt,pca_num128,0.101,2026-01-29 14:43:36,
spanish,xlmr,gemini25pro,apd,pca_num128,0.204,2026-01-29 14:43:36,
spanish,xlmr,gemini25pro,amd,pca_num128,0.29,2026-01-29 14:43:36,
spanish,xlmr,gemini25pro,amd_sym,pca_num128,0.254,2026-01-29 14:43:36,
spanish,xlmr,gemini25pro,amd_opt_sym,pca_num128,0.274,2026-01-29 14:43:36,
spanish,rembert,gemini25pro,prt,random_num128,0.188,2026-01-29 14:43:38,
spanish,rembert,gemini25pro,apd,random_num128,0.092,2026-01-29 14:43:38,
spanish,rembert,gemini25pro,amd,random_num128,0.198,2026-01-29 14:43:38,
spanish,rembert,gemini25pro,amd_sym,random_num128,0.143,2026-01-29 14:43:38,
spanish,rembert,gemini25pro,amd_opt_sym,random_num128,0.151,2026-01-29 14:43:38,
spanish,rembert,gemini25pro,prt,pca_num128,-0.028,2026-01-29 14:43:38,
spanish,rembert,gemini25pro,apd,pca_num128,0.22,2026-01-29 14:43:38,
spanish,rembert,gemini25pro,amd,pca_num128,0.318,2026-01-29 14:43:38,
spanish,rembert,gemini25pro,amd_sym,pca_num128,0.313,2026-01-29 14:43:38,
spanish,rembert,gemini25pro,amd_opt_sym,pca_num128,0.335,2026-01-29 14:43:38,
spanish,multilingual-e5,gemini25pro,prt,random_num128,0.242,2026-01-29 14:43:41,
spanish,multilingual-e5,gemini25pro,apd,random_num128,-0.002,2026-01-29 14:43:41,
spanish,multilingual-e5,gemini25pro,amd,random_num128,0.193,2026-01-29 14:43:41,
spanish,multilingual-e5,gemini25pro,amd_sym,random_num128,0.238,2026-01-29 14:43:41,
spanish,multilingual-e5,gemini25pro,amd_opt_sym,random_num128,0.233,2026-01-29 14:43:41,
spanish,multilingual-e5,gemini25pro,prt,pca_num128,0.047,2026-01-29 14:43:41,
spanish,multilingual-e5,gemini25pro,apd,pca_num128,0.357,2026-01-29 14:43:41,
spanish,multilingual-e5,gemini25pro,amd,pca_num128,0.315,2026-01-29 14:43:41,
spanish,multilingual-e5,gemini25pro,amd_sym,pca_num128,0.322,2026-01-29 14:43:41,
spanish,multilingual-e5,gemini25pro,amd_opt_sym,pca_num128,0.319,2026-01-29 14:43:41,
spanish,mmbert,gemini25pro,prt,random_num128,0.195,2026-01-29 14:43:43,
spanish,mmbert,gemini25pro,apd,random_num128,0.141,2026-01-29 14:43:43,
spanish,mmbert,gemini25pro,amd,random_num128,0.291,2026-01-29 14:43:43,
spanish,mmbert,gemini25pro,amd_sym,random_num128,0.211,2026-01-29 14:43:43,
spanish,mmbert,gemini25pro,amd_opt_sym,random_num128,0.244,2026-01-29 14:43:43,
spanish,mmbert,gemini25pro,prt,pca_num128,-0.113,2026-01-29 14:43:43,
spanish,mmbert,gemini25pro,apd,pca_num128,0.213,2026-01-29 14:43:43,
spanish,mmbert,gemini25pro,amd,pca_num128,0.435,2026-01-29 14:43:43,
spanish,mmbert,gemini25pro,amd_sym,pca_num128,0.294,2026-01-29 14:43:43,
spanish,mmbert,gemini25pro,amd_opt_sym,pca_num128,0.353,2026-01-29 14:43:43,
spanish,en,gemini25pro,prt,random_num128,0.568,2026-01-29 14:43:45,
spanish,en,gemini25pro,apd,random_num128,0.557,2026-01-29 14:43:45,
spanish,en,gemini25pro,amd,random_num128,0.628,2026-01-29 14:43:45,
spanish,en,gemini25pro,amd_sym,random_num128,0.592,2026-01-29 14:43:45,
spanish,en,gemini25pro,amd_opt_sym,random_num128,0.619,2026-01-29 14:43:45,
spanish,en,gemini25pro,prt,pca_num128,-0.107,2026-01-29 14:43:45,
spanish,en,gemini25pro,apd,pca_num128,0.316,2026-01-29 14:43:45,
spanish,en,gemini25pro,amd,pca_num128,0.665,2026-01-29 14:43:45,
spanish,en,gemini25pro,amd_sym,pca_num128,0.671,2026-01-29 14:43:45,
spanish,en,gemini25pro,amd_opt_sym,pca_num128,0.678,2026-01-29 14:43:45,
spanish,spanish_BERT_WWM,gemini25pro,prt,random_num128,0.304,2026-01-29 14:43:47,
spanish,spanish_BERT_WWM,gemini25pro,apd,random_num128,0.258,2026-01-29 14:43:47,
spanish,spanish_BERT_WWM,gemini25pro,amd,random_num128,0.218,2026-01-29 14:43:47,
spanish,spanish_BERT_WWM,gemini25pro,amd_sym,random_num128,0.159,2026-01-29 14:43:47,
spanish,spanish_BERT_WWM,gemini25pro,amd_opt_sym,random_num128,0.204,2026-01-29 14:43:47,
spanish,spanish_BERT_WWM,gemini25pro,prt,pca_num128,0.159,2026-01-29 14:43:47,
spanish,spanish_BERT_WWM,gemini25pro,apd,pca_num128,0.288,2026-01-29 14:43:47,
spanish,spanish_BERT_WWM,gemini25pro,amd,pca_num128,0.407,2026-01-29 14:43:47,
spanish,spanish_BERT_WWM,gemini25pro,amd_sym,pca_num128,0.363,2026-01-29 14:43:47,
spanish,spanish_BERT_WWM,gemini25pro,amd_opt_sym,pca_num128,0.378,2026-01-29 14:43:47,
chinese,xll,gemini25pro,prt,random_num128,0.706,2026-01-29 14:43:48,
chinese,xll,gemini25pro,apd,random_num128,0.749,2026-01-29 14:43:48,
chinese,xll,gemini25pro,amd,random_num128,0.732,2026-01-29 14:43:48,
chinese,xll,gemini25pro,amd_sym,random_num128,0.737,2026-01-29 14:43:48,
chinese,xll,gemini25pro,amd_opt_sym,random_num128,0.75,2026-01-29 14:43:48,
chinese,xll,gemini25pro,prt,pca_num128,0.01,2026-01-29 14:43:48,
chinese,xll,gemini25pro,apd,pca_num128,0.415,2026-01-29 14:43:48,
chinese,xll,gemini25pro,amd,pca_num128,0.716,2026-01-29 14:43:48,
chinese,xll,gemini25pro,amd_sym,pca_num128,0.754,2026-01-29 14:43:48,
chinese,xll,gemini25pro,amd_opt_sym,pca_num128,0.758,2026-01-29 14:43:48,
chinese,xlmr,gemini25pro,prt,random_num128,0.197,2026-01-29 14:43:49,
chinese,xlmr,gemini25pro,apd,random_num128,0.207,2026-01-29 14:43:49,
chinese,xlmr,gemini25pro,amd,random_num128,0.373,2026-01-29 14:43:49,
chinese,xlmr,gemini25pro,amd_sym,random_num128,0.315,2026-01-29 14:43:49,
chinese,xlmr,gemini25pro,amd_opt_sym,random_num128,0.382,2026-01-29 14:43:49,
chinese,xlmr,gemini25pro,prt,pca_num128,0.157,2026-01-29 14:43:49,
chinese,xlmr,gemini25pro,apd,pca_num128,0.224,2026-01-29 14:43:49,
chinese,xlmr,gemini25pro,amd,pca_num128,0.446,2026-01-29 14:43:49,
chinese,xlmr,gemini25pro,amd_sym,pca_num128,0.383,2026-01-29 14:43:49,
chinese,xlmr,gemini25pro,amd_opt_sym,pca_num128,0.338,2026-01-29 14:43:49,
chinese,rembert,gemini25pro,prt,random_num128,0.149,2026-01-29 14:43:49,
chinese,rembert,gemini25pro,apd,random_num128,-0.077,2026-01-29 14:43:49,
chinese,rembert,gemini25pro,amd,random_num128,0.317,2026-01-29 14:43:49,
chinese,rembert,gemini25pro,amd_sym,random_num128,0.237,2026-01-29 14:43:49,
chinese,rembert,gemini25pro,amd_opt_sym,random_num128,0.271,2026-01-29 14:43:49,
chinese,rembert,gemini25pro,prt,pca_num128,0.063,2026-01-29 14:43:49,
chinese,rembert,gemini25pro,apd,pca_num128,0.215,2026-01-29 14:43:49,
chinese,rembert,gemini25pro,amd,pca_num128,0.344,2026-01-29 14:43:49,
chinese,rembert,gemini25pro,amd_sym,pca_num128,0.262,2026-01-29 14:43:49,
chinese,rembert,gemini25pro,amd_opt_sym,pca_num128,0.269,2026-01-29 14:43:49,
chinese,multilingual-e5,gemini25pro,prt,random_num128,0.244,2026-01-29 14:43:50,
chinese,multilingual-e5,gemini25pro,apd,random_num128,-0.05,2026-01-29 14:43:50,
chinese,multilingual-e5,gemini25pro,amd,random_num128,0.329,2026-01-29 14:43:50,
chinese,multilingual-e5,gemini25pro,amd_sym,random_num128,0.373,2026-01-29 14:43:50,
chinese,multilingual-e5,gemini25pro,amd_opt_sym,random_num128,0.351,2026-01-29 14:43:50,
chinese,multilingual-e5,gemini25pro,prt,pca_num128,0.042,2026-01-29 14:43:50,
chinese,multilingual-e5,gemini25pro,apd,pca_num128,0.194,2026-01-29 14:43:50,
chinese,multilingual-e5,gemini25pro,amd,pca_num128,0.217,2026-01-29 14:43:50,
chinese,multilingual-e5,gemini25pro,amd_sym,pca_num128,0.219,2026-01-29 14:43:50,
chinese,multilingual-e5,gemini25pro,amd_opt_sym,pca_num128,0.254,2026-01-29 14:43:50,
chinese,mmbert,gemini25pro,prt,random_num128,0.016,2026-01-29 14:43:51,
chinese,mmbert,gemini25pro,apd,random_num128,-0.087,2026-01-29 14:43:51,
chinese,mmbert,gemini25pro,amd,random_num128,0.344,2026-01-29 14:43:51,
chinese,mmbert,gemini25pro,amd_sym,random_num128,0.228,2026-01-29 14:43:51,
chinese,mmbert,gemini25pro,amd_opt_sym,random_num128,0.278,2026-01-29 14:43:51,
chinese,mmbert,gemini25pro,prt,pca_num128,0.081,2026-01-29 14:43:51,
chinese,mmbert,gemini25pro,apd,pca_num128,0.288,2026-01-29 14:43:51,
chinese,mmbert,gemini25pro,amd,pca_num128,0.458,2026-01-29 14:43:51,
chinese,mmbert,gemini25pro,amd_sym,pca_num128,0.294,2026-01-29 14:43:51,
chinese,mmbert,gemini25pro,amd_opt_sym,pca_num128,0.338,2026-01-29 14:43:51,
chinese,en,gemini25pro,prt,random_num128,0.659,2026-01-29 14:43:52,
chinese,en,gemini25pro,apd,random_num128,0.689,2026-01-29 14:43:52,
chinese,en,gemini25pro,amd,random_num128,0.627,2026-01-29 14:43:52,
chinese,en,gemini25pro,amd_sym,random_num128,0.679,2026-01-29 14:43:52,
chinese,en,gemini25pro,amd_opt_sym,random_num128,0.685,2026-01-29 14:43:52,
chinese,en,gemini25pro,prt,pca_num128,0.163,2026-01-29 14:43:52,
chinese,en,gemini25pro,apd,pca_num128,0.316,2026-01-29 14:43:52,
chinese,en,gemini25pro,amd,pca_num128,0.644,2026-01-29 14:43:52,
chinese,en,gemini25pro,amd_sym,pca_num128,0.703,2026-01-29 14:43:52,
chinese,en,gemini25pro,amd_opt_sym,pca_num128,0.713,2026-01-29 14:43:52,
chinese,chinese_RoBERTa_WWM,gemini25pro,prt,random_num128,0.333,2026-01-29 14:43:53,
chinese,chinese_RoBERTa_WWM,gemini25pro,apd,random_num128,0.441,2026-01-29 14:43:53,
chinese,chinese_RoBERTa_WWM,gemini25pro,amd,random_num128,0.725,2026-01-29 14:43:53,
chinese,chinese_RoBERTa_WWM,gemini25pro,amd_sym,random_num128,0.608,2026-01-29 14:43:53,
chinese,chinese_RoBERTa_WWM,gemini25pro,amd_opt_sym,random_num128,0.677,2026-01-29 14:43:53,
chinese,chinese_RoBERTa_WWM,gemini25pro,prt,pca_num128,-0.303,2026-01-29 14:43:53,
chinese,chinese_RoBERTa_WWM,gemini25pro,apd,pca_num128,0.257,2026-01-29 14:43:53,
chinese,chinese_RoBERTa_WWM,gemini25pro,amd,pca_num128,0.608,2026-01-29 14:43:53,
chinese,chinese_RoBERTa_WWM,gemini25pro,amd_sym,pca_num128,0.563,2026-01-29 14:43:53,
chinese,chinese_RoBERTa_WWM,gemini25pro,amd_opt_sym,pca_num128,0.539,2026-01-29 14:43:53,
norwegian_1,xll,gemini25pro,prt,random_num128,0.803,2026-01-29 14:43:54,
norwegian_1,xll,gemini25pro,apd,random_num128,0.685,2026-01-29 14:43:54,
norwegian_1,xll,gemini25pro,amd,random_num128,0.754,2026-01-29 14:43:54,
norwegian_1,xll,gemini25pro,amd_sym,random_num128,0.761,2026-01-29 14:43:54,
norwegian_1,xll,gemini25pro,amd_opt_sym,random_num128,0.766,2026-01-29 14:43:54,
norwegian_1,xll,gemini25pro,prt,pca_num128,-0.258,2026-01-29 14:43:54,
norwegian_1,xll,gemini25pro,apd,pca_num128,0.556,2026-01-29 14:43:54,
norwegian_1,xll,gemini25pro,amd,pca_num128,0.698,2026-01-29 14:43:54,
norwegian_1,xll,gemini25pro,amd_sym,pca_num128,0.704,2026-01-29 14:43:54,
norwegian_1,xll,gemini25pro,amd_opt_sym,pca_num128,0.721,2026-01-29 14:43:54,
norwegian_1,xlmr,gemini25pro,prt,random_num128,0.002,2026-01-29 14:43:55,
norwegian_1,xlmr,gemini25pro,apd,random_num128,-0.085,2026-01-29 14:43:55,
norwegian_1,xlmr,gemini25pro,amd,random_num128,0.622,2026-01-29 14:43:55,
norwegian_1,xlmr,gemini25pro,amd_sym,random_num128,0.648,2026-01-29 14:43:55,
norwegian_1,xlmr,gemini25pro,amd_opt_sym,random_num128,0.649,2026-01-29 14:43:55,
norwegian_1,xlmr,gemini25pro,prt,pca_num128,0.007,2026-01-29 14:43:55,
norwegian_1,xlmr,gemini25pro,apd,pca_num128,0.479,2026-01-29 14:43:55,
norwegian_1,xlmr,gemini25pro,amd,pca_num128,0.662,2026-01-29 14:43:55,
norwegian_1,xlmr,gemini25pro,amd_sym,pca_num128,0.576,2026-01-29 14:43:55,
norwegian_1,xlmr,gemini25pro,amd_opt_sym,pca_num128,0.598,2026-01-29 14:43:55,
norwegian_1,rembert,gemini25pro,prt,random_num128,0.38,2026-01-29 14:43:55,
norwegian_1,rembert,gemini25pro,apd,random_num128,0.206,2026-01-29 14:43:55,
norwegian_1,rembert,gemini25pro,amd,random_num128,0.427,2026-01-29 14:43:55,
norwegian_1,rembert,gemini25pro,amd_sym,random_num128,0.564,2026-01-29 14:43:55,
norwegian_1,rembert,gemini25pro,amd_opt_sym,random_num128,0.567,2026-01-29 14:43:55,
norwegian_1,rembert,gemini25pro,prt,pca_num128,0.074,2026-01-29 14:43:55,
norwegian_1,rembert,gemini25pro,apd,pca_num128,0.472,2026-01-29 14:43:55,
norwegian_1,rembert,gemini25pro,amd,pca_num128,0.526,2026-01-29 14:43:55,
norwegian_1,rembert,gemini25pro,amd_sym,pca_num128,0.632,2026-01-29 14:43:55,
norwegian_1,rembert,gemini25pro,amd_opt_sym,pca_num128,0.612,2026-01-29 14:43:55,
norwegian_1,multilingual-e5,gemini25pro,prt,random_num128,0.238,2026-01-29 14:43:56,
norwegian_1,multilingual-e5,gemini25pro,apd,random_num128,0.141,2026-01-29 14:43:56,
norwegian_1,multilingual-e5,gemini25pro,amd,random_num128,0.445,2026-01-29 14:43:56,
norwegian_1,multilingual-e5,gemini25pro,amd_sym,random_num128,0.417,2026-01-29 14:43:56,
norwegian_1,multilingual-e5,gemini25pro,amd_opt_sym,random_num128,0.439,2026-01-29 14:43:56,
norwegian_1,multilingual-e5,gemini25pro,prt,pca_num128,0.021,2026-01-29 14:43:56,
norwegian_1,multilingual-e5,gemini25pro,apd,pca_num128,0.416,2026-01-29 14:43:56,
norwegian_1,multilingual-e5,gemini25pro,amd,pca_num128,0.456,2026-01-29 14:43:56,
norwegian_1,multilingual-e5,gemini25pro,amd_sym,pca_num128,0.548,2026-01-29 14:43:56,
norwegian_1,multilingual-e5,gemini25pro,amd_opt_sym,pca_num128,0.557,2026-01-29 14:43:56,
norwegian_1,mmbert,gemini25pro,prt,random_num128,0.65,2026-01-29 14:43:57,
norwegian_1,mmbert,gemini25pro,apd,random_num128,0.521,2026-01-29 14:43:57,
norwegian_1,mmbert,gemini25pro,amd,random_num128,0.487,2026-01-29 14:43:57,
norwegian_1,mmbert,gemini25pro,amd_sym,random_num128,0.457,2026-01-29 14:43:57,
norwegian_1,mmbert,gemini25pro,amd_opt_sym,random_num128,0.497,2026-01-29 14:43:57,
norwegian_1,mmbert,gemini25pro,prt,pca_num128,-0.081,2026-01-29 14:43:57,
norwegian_1,mmbert,gemini25pro,apd,pca_num128,0.437,2026-01-29 14:43:57,
norwegian_1,mmbert,gemini25pro,amd,pca_num128,0.606,2026-01-29 14:43:57,
norwegian_1,mmbert,gemini25pro,amd_sym,pca_num128,0.648,2026-01-29 14:43:57,
norwegian_1,mmbert,gemini25pro,amd_opt_sym,pca_num128,0.662,2026-01-29 14:43:57,
norwegian_1,en,gemini25pro,prt,random_num128,0.817,2026-01-29 14:43:57,
norwegian_1,en,gemini25pro,apd,random_num128,0.632,2026-01-29 14:43:57,
norwegian_1,en,gemini25pro,amd,random_num128,0.762,2026-01-29 14:43:57,
norwegian_1,en,gemini25pro,amd_sym,random_num128,0.773,2026-01-29 14:43:57,
norwegian_1,en,gemini25pro,amd_opt_sym,random_num128,0.788,2026-01-29 14:43:57,
norwegian_1,en,gemini25pro,prt,pca_num128,-0.232,2026-01-29 14:43:57,
norwegian_1,en,gemini25pro,apd,pca_num128,0.553,2026-01-29 14:43:57,
norwegian_1,en,gemini25pro,amd,pca_num128,0.805,2026-01-29 14:43:57,
norwegian_1,en,gemini25pro,amd_sym,pca_num128,0.833,2026-01-29 14:43:57,
norwegian_1,en,gemini25pro,amd_opt_sym,pca_num128,0.824,2026-01-29 14:43:57,
norwegian_1,norwegian_NB-BERT,gemini25pro,prt,random_num128,0.334,2026-01-29 14:43:58,
norwegian_1,norwegian_NB-BERT,gemini25pro,apd,random_num128,0.242,2026-01-29 14:43:58,
norwegian_1,norwegian_NB-BERT,gemini25pro,amd,random_num128,0.506,2026-01-29 14:43:58,
norwegian_1,norwegian_NB-BERT,gemini25pro,amd_sym,random_num128,0.494,2026-01-29 14:43:58,
norwegian_1,norwegian_NB-BERT,gemini25pro,amd_opt_sym,random_num128,0.494,2026-01-29 14:43:58,
norwegian_1,norwegian_NB-BERT,gemini25pro,prt,pca_num128,-0.369,2026-01-29 14:43:58,
norwegian_1,norwegian_NB-BERT,gemini25pro,apd,pca_num128,0.341,2026-01-29 14:43:58,
norwegian_1,norwegian_NB-BERT,gemini25pro,amd,pca_num128,0.545,2026-01-29 14:43:58,
norwegian_1,norwegian_NB-BERT,gemini25pro,amd_sym,pca_num128,0.628,2026-01-29 14:43:58,
norwegian_1,norwegian_NB-BERT,gemini25pro,amd_opt_sym,pca_num128,0.633,2026-01-29 14:43:58,
norwegian_2,xll,gemini25pro,prt,random_num128,0.549,2026-01-29 14:43:59,
norwegian_2,xll,gemini25pro,apd,random_num128,0.678,2026-01-29 14:43:59,
norwegian_2,xll,gemini25pro,amd,random_num128,0.581,2026-01-29 14:43:59,
norwegian_2,xll,gemini25pro,amd_sym,random_num128,0.599,2026-01-29 14:43:59,
norwegian_2,xll,gemini25pro,amd_opt_sym,random_num128,0.609,2026-01-29 14:43:59,
norwegian_2,xll,gemini25pro,prt,pca_num128,0.134,2026-01-29 14:43:59,
norwegian_2,xll,gemini25pro,apd,pca_num128,0.292,2026-01-29 14:43:59,
norwegian_2,xll,gemini25pro,amd,pca_num128,0.575,2026-01-29 14:43:59,
norwegian_2,xll,gemini25pro,amd_sym,pca_num128,0.579,2026-01-29 14:43:59,
norwegian_2,xll,gemini25pro,amd_opt_sym,pca_num128,0.596,2026-01-29 14:43:59,
norwegian_2,xlmr,gemini25pro,prt,random_num128,0.152,2026-01-29 14:43:59,
norwegian_2,xlmr,gemini25pro,apd,random_num128,0.214,2026-01-29 14:43:59,
norwegian_2,xlmr,gemini25pro,amd,random_num128,0.413,2026-01-29 14:43:59,
norwegian_2,xlmr,gemini25pro,amd_sym,random_num128,0.306,2026-01-29 14:43:59,
norwegian_2,xlmr,gemini25pro,amd_opt_sym,random_num128,0.335,2026-01-29 14:43:59,
norwegian_2,xlmr,gemini25pro,prt,pca_num128,0.487,2026-01-29 14:43:59,
norwegian_2,xlmr,gemini25pro,apd,pca_num128,0.093,2026-01-29 14:43:59,
norwegian_2,xlmr,gemini25pro,amd,pca_num128,0.355,2026-01-29 14:43:59,
norwegian_2,xlmr,gemini25pro,amd_sym,pca_num128,0.312,2026-01-29 14:43:59,
norwegian_2,xlmr,gemini25pro,amd_opt_sym,pca_num128,0.306,2026-01-29 14:43:59,
norwegian_2,rembert,gemini25pro,prt,random_num128,0.272,2026-01-29 14:43:59,
norwegian_2,rembert,gemini25pro,apd,random_num128,0.183,2026-01-29 14:43:59,
norwegian_2,rembert,gemini25pro,amd,random_num128,0.342,2026-01-29 14:43:59,
norwegian_2,rembert,gemini25pro,amd_sym,random_num128,0.32,2026-01-29 14:43:59,
norwegian_2,rembert,gemini25pro,amd_opt_sym,random_num128,0.304,2026-01-29 14:43:59,
norwegian_2,rembert,gemini25pro,prt,pca_num128,0.182,2026-01-29 14:43:59,
norwegian_2,rembert,gemini25pro,apd,pca_num128,0.286,2026-01-29 14:43:59,
norwegian_2,rembert,gemini25pro,amd,pca_num128,0.385,2026-01-29 14:43:59,
norwegian_2,rembert,gemini25pro,amd_sym,pca_num128,0.376,2026-01-29 14:43:59,
norwegian_2,rembert,gemini25pro,amd_opt_sym,pca_num128,0.412,2026-01-29 14:43:59,
norwegian_2,multilingual-e5,gemini25pro,prt,random_num128,0.263,2026-01-29 14:44:00,
norwegian_2,multilingual-e5,gemini25pro,apd,random_num128,0.131,2026-01-29 14:44:00,
norwegian_2,multilingual-e5,gemini25pro,amd,random_num128,0.358,2026-01-29 14:44:00,
norwegian_2,multilingual-e5,gemini25pro,amd_sym,random_num128,0.329,2026-01-29 14:44:00,
norwegian_2,multilingual-e5,gemini25pro,amd_opt_sym,random_num128,0.358,2026-01-29 14:44:00,
norwegian_2,multilingual-e5,gemini25pro,prt,pca_num128,-0.029,2026-01-29 14:44:00,
norwegian_2,multilingual-e5,gemini25pro,apd,pca_num128,0.174,2026-01-29 14:44:00,
norwegian_2,multilingual-e5,gemini25pro,amd,pca_num128,0.105,2026-01-29 14:44:00,
norwegian_2,multilingual-e5,gemini25pro,amd_sym,pca_num128,0.202,2026-01-29 14:44:00,
norwegian_2,multilingual-e5,gemini25pro,amd_opt_sym,pca_num128,0.199,2026-01-29 14:44:00,
norwegian_2,mmbert,gemini25pro,prt,random_num128,-0.01,2026-01-29 14:44:00,
norwegian_2,mmbert,gemini25pro,apd,random_num128,-0.067,2026-01-29 14:44:00,
norwegian_2,mmbert,gemini25pro,amd,random_num128,0.32,2026-01-29 14:44:00,
norwegian_2,mmbert,gemini25pro,amd_sym,random_num128,0.238,2026-01-29 14:44:00,
norwegian_2,mmbert,gemini25pro,amd_opt_sym,random_num128,0.3,2026-01-29 14:44:00,
norwegian_2,mmbert,gemini25pro,prt,pca_num128,0.076,2026-01-29 14:44:00,
norwegian_2,mmbert,gemini25pro,apd,pca_num128,0.151,2026-01-29 14:44:00,
norwegian_2,mmbert,gemini25pro,amd,pca_num128,0.368,2026-01-29 14:44:00,
norwegian_2,mmbert,gemini25pro,amd_sym,pca_num128,0.351,2026-01-29 14:44:00,
norwegian_2,mmbert,gemini25pro,amd_opt_sym,pca_num128,0.404,2026-01-29 14:44:00,
norwegian_2,en,gemini25pro,prt,random_num128,0.576,2026-01-29 14:44:01,
norwegian_2,en,gemini25pro,apd,random_num128,0.594,2026-01-29 14:44:01,
norwegian_2,en,gemini25pro,amd,random_num128,0.618,2026-01-29 14:44:01,
norwegian_2,en,gemini25pro,amd_sym,random_num128,0.616,2026-01-29 14:44:01,
norwegian_2,en,gemini25pro,amd_opt_sym,random_num128,0.609,2026-01-29 14:44:01,
norwegian_2,en,gemini25pro,prt,pca_num128,-0.168,2026-01-29 14:44:01,
norwegian_2,en,gemini25pro,apd,pca_num128,0.323,2026-01-29 14:44:01,
norwegian_2,en,gemini25pro,amd,pca_num128,0.627,2026-01-29 14:44:01,
norwegian_2,en,gemini25pro,amd_sym,pca_num128,0.661,2026-01-29 14:44:01,
norwegian_2,en,gemini25pro,amd_opt_sym,pca_num128,0.663,2026-01-29 14:44:01,
norwegian_2,norwegian_NB-BERT,gemini25pro,prt,random_num128,0.225,2026-01-29 14:44:01,
norwegian_2,norwegian_NB-BERT,gemini25pro,apd,random_num128,0.284,2026-01-29 14:44:01,
norwegian_2,norwegian_NB-BERT,gemini25pro,amd,random_num128,0.302,2026-01-29 14:44:01,
norwegian_2,norwegian_NB-BERT,gemini25pro,amd_sym,random_num128,0.284,2026-01-29 14:44:01,
norwegian_2,norwegian_NB-BERT,gemini25pro,amd_opt_sym,random_num128,0.314,2026-01-29 14:44:01,
norwegian_2,norwegian_NB-BERT,gemini25pro,prt,pca_num128,-0.081,2026-01-29 14:44:01,
norwegian_2,norwegian_NB-BERT,gemini25pro,apd,pca_num128,0.138,2026-01-29 14:44:01,
norwegian_2,norwegian_NB-BERT,gemini25pro,amd,pca_num128,0.215,2026-01-29 14:44:01,
norwegian_2,norwegian_NB-BERT,gemini25pro,amd_sym,pca_num128,0.366,2026-01-29 14:44:01,
norwegian_2,norwegian_NB-BERT,gemini25pro,amd_opt_sym,pca_num128,0.333,2026-01-29 14:44:01,
english,xll,gemini25pro,prt,random_num64,0.474,2026-01-29 14:44:08,
english,xll,gemini25pro,apd,random_num64,0.708,2026-01-29 14:44:08,
english,xll,gemini25pro,amd,random_num64,0.633,2026-01-29 14:44:08,
english,xll,gemini25pro,amd_sym,random_num64,0.657,2026-01-29 14:44:08,
english,xll,gemini25pro,amd_opt_sym,random_num64,0.692,2026-01-29 14:44:08,
english,xll,gemini25pro,prt,pca_num64,0.158,2026-01-29 14:44:08,
english,xll,gemini25pro,apd,pca_num64,0.219,2026-01-29 14:44:08,
english,xll,gemini25pro,amd,pca_num64,0.639,2026-01-29 14:44:08,
english,xll,gemini25pro,amd_sym,pca_num64,0.679,2026-01-29 14:44:08,
english,xll,gemini25pro,amd_opt_sym,pca_num64,0.704,2026-01-29 14:44:08,
english,xlmr,gemini25pro,prt,random_num64,0.258,2026-01-29 14:44:14,
english,xlmr,gemini25pro,apd,random_num64,0.131,2026-01-29 14:44:14,
english,xlmr,gemini25pro,amd,random_num64,0.435,2026-01-29 14:44:14,
english,xlmr,gemini25pro,amd_sym,random_num64,0.386,2026-01-29 14:44:14,
english,xlmr,gemini25pro,amd_opt_sym,random_num64,0.436,2026-01-29 14:44:14,
english,xlmr,gemini25pro,prt,pca_num64,0.312,2026-01-29 14:44:14,
english,xlmr,gemini25pro,apd,pca_num64,0.226,2026-01-29 14:44:14,
english,xlmr,gemini25pro,amd,pca_num64,0.354,2026-01-29 14:44:14,
english,xlmr,gemini25pro,amd_sym,pca_num64,0.399,2026-01-29 14:44:14,
english,xlmr,gemini25pro,amd_opt_sym,pca_num64,0.354,2026-01-29 14:44:14,
english,rembert,gemini25pro,prt,random_num64,0.235,2026-01-29 14:44:20,
english,rembert,gemini25pro,apd,random_num64,0.121,2026-01-29 14:44:20,
english,rembert,gemini25pro,amd,random_num64,0.369,2026-01-29 14:44:20,
english,rembert,gemini25pro,amd_sym,random_num64,0.404,2026-01-29 14:44:20,
english,rembert,gemini25pro,amd_opt_sym,random_num64,0.403,2026-01-29 14:44:20,
english,rembert,gemini25pro,prt,pca_num64,-0.03,2026-01-29 14:44:20,
english,rembert,gemini25pro,apd,pca_num64,0.204,2026-01-29 14:44:20,
english,rembert,gemini25pro,amd,pca_num64,0.246,2026-01-29 14:44:20,
english,rembert,gemini25pro,amd_sym,pca_num64,0.315,2026-01-29 14:44:20,
english,rembert,gemini25pro,amd_opt_sym,pca_num64,0.322,2026-01-29 14:44:20,
english,multilingual-e5,gemini25pro,prt,random_num64,0.181,2026-01-29 14:44:26,
english,multilingual-e5,gemini25pro,apd,random_num64,0.191,2026-01-29 14:44:26,
english,multilingual-e5,gemini25pro,amd,random_num64,0.148,2026-01-29 14:44:26,
english,multilingual-e5,gemini25pro,amd_sym,random_num64,0.214,2026-01-29 14:44:26,
english,multilingual-e5,gemini25pro,amd_opt_sym,random_num64,0.223,2026-01-29 14:44:26,
english,multilingual-e5,gemini25pro,prt,pca_num64,0.137,2026-01-29 14:44:26,
english,multilingual-e5,gemini25pro,apd,pca_num64,0.216,2026-01-29 14:44:26,
english,multilingual-e5,gemini25pro,amd,pca_num64,0.194,2026-01-29 14:44:26,
english,multilingual-e5,gemini25pro,amd_sym,pca_num64,0.267,2026-01-29 14:44:26,
english,multilingual-e5,gemini25pro,amd_opt_sym,pca_num64,0.262,2026-01-29 14:44:26,
english,mmbert,gemini25pro,prt,random_num64,0.129,2026-01-29 14:44:33,
english,mmbert,gemini25pro,apd,random_num64,0.088,2026-01-29 14:44:33,
english,mmbert,gemini25pro,amd,random_num64,0.379,2026-01-29 14:44:33,
english,mmbert,gemini25pro,amd_sym,random_num64,0.357,2026-01-29 14:44:33,
english,mmbert,gemini25pro,amd_opt_sym,random_num64,0.33,2026-01-29 14:44:33,
english,mmbert,gemini25pro,prt,pca_num64,0.182,2026-01-29 14:44:33,
english,mmbert,gemini25pro,apd,pca_num64,0.091,2026-01-29 14:44:33,
english,mmbert,gemini25pro,amd,pca_num64,0.32,2026-01-29 14:44:33,
english,mmbert,gemini25pro,amd_sym,pca_num64,0.313,2026-01-29 14:44:33,
english,mmbert,gemini25pro,amd_opt_sym,pca_num64,0.328,2026-01-29 14:44:33,
english,en,gemini25pro,prt,random_num64,0.521,2026-01-29 14:44:39,
english,en,gemini25pro,apd,random_num64,0.697,2026-01-29 14:44:39,
english,en,gemini25pro,amd,random_num64,0.693,2026-01-29 14:44:39,
english,en,gemini25pro,amd_sym,random_num64,0.721,2026-01-29 14:44:39,
english,en,gemini25pro,amd_opt_sym,random_num64,0.715,2026-01-29 14:44:39,
english,en,gemini25pro,prt,pca_num64,-0.158,2026-01-29 14:44:39,
english,en,gemini25pro,apd,pca_num64,0.226,2026-01-29 14:44:39,
english,en,gemini25pro,amd,pca_num64,0.693,2026-01-29 14:44:39,
english,en,gemini25pro,amd_sym,pca_num64,0.707,2026-01-29 14:44:39,
english,en,gemini25pro,amd_opt_sym,pca_num64,0.709,2026-01-29 14:44:39,
english,roberta,gemini25pro,prt,random_num64,0.332,2026-01-29 14:44:45,
english,roberta,gemini25pro,apd,random_num64,0.404,2026-01-29 14:44:45,
english,roberta,gemini25pro,amd,random_num64,0.213,2026-01-29 14:44:45,
english,roberta,gemini25pro,amd_sym,random_num64,0.054,2026-01-29 14:44:45,
english,roberta,gemini25pro,amd_opt_sym,random_num64,0.115,2026-01-29 14:44:45,
english,roberta,gemini25pro,prt,pca_num64,0.248,2026-01-29 14:44:45,
english,roberta,gemini25pro,apd,pca_num64,0.11,2026-01-29 14:44:45,
english,roberta,gemini25pro,amd,pca_num64,0.275,2026-01-29 14:44:45,
english,roberta,gemini25pro,amd_sym,pca_num64,0.264,2026-01-29 14:44:45,
english,roberta,gemini25pro,amd_opt_sym,pca_num64,0.297,2026-01-29 14:44:45,
german,xll,gemini25pro,prt,random_num64,0.841,2026-01-29 14:44:49,
german,xll,gemini25pro,apd,random_num64,0.862,2026-01-29 14:44:49,
german,xll,gemini25pro,amd,random_num64,0.823,2026-01-29 14:44:49,
german,xll,gemini25pro,amd_sym,random_num64,0.881,2026-01-29 14:44:49,
german,xll,gemini25pro,amd_opt_sym,random_num64,0.894,2026-01-29 14:44:49,
german,xll,gemini25pro,prt,pca_num64,-0.136,2026-01-29 14:44:49,
german,xll,gemini25pro,apd,pca_num64,0.703,2026-01-29 14:44:49,
german,xll,gemini25pro,amd,pca_num64,0.813,2026-01-29 14:44:49,
german,xll,gemini25pro,amd_sym,pca_num64,0.9,2026-01-29 14:44:49,
german,xll,gemini25pro,amd_opt_sym,pca_num64,0.903,2026-01-29 14:44:49,
german,xlmr,gemini25pro,prt,random_num64,0.256,2026-01-29 14:44:54,
german,xlmr,gemini25pro,apd,random_num64,0.044,2026-01-29 14:44:54,
german,xlmr,gemini25pro,amd,random_num64,0.473,2026-01-29 14:44:54,
german,xlmr,gemini25pro,amd_sym,random_num64,0.428,2026-01-29 14:44:54,
german,xlmr,gemini25pro,amd_opt_sym,random_num64,0.484,2026-01-29 14:44:54,
german,xlmr,gemini25pro,prt,pca_num64,0.135,2026-01-29 14:44:54,
german,xlmr,gemini25pro,apd,pca_num64,0.459,2026-01-29 14:44:54,
german,xlmr,gemini25pro,amd,pca_num64,0.293,2026-01-29 14:44:54,
german,xlmr,gemini25pro,amd_sym,pca_num64,0.371,2026-01-29 14:44:54,
german,xlmr,gemini25pro,amd_opt_sym,pca_num64,0.392,2026-01-29 14:44:54,
german,rembert,gemini25pro,prt,random_num64,0.284,2026-01-29 14:44:58,
german,rembert,gemini25pro,apd,random_num64,0.144,2026-01-29 14:44:58,
german,rembert,gemini25pro,amd,random_num64,0.264,2026-01-29 14:44:58,
german,rembert,gemini25pro,amd_sym,random_num64,0.269,2026-01-29 14:44:58,
german,rembert,gemini25pro,amd_opt_sym,random_num64,0.281,2026-01-29 14:44:58,
german,rembert,gemini25pro,prt,pca_num64,-0.026,2026-01-29 14:44:58,
german,rembert,gemini25pro,apd,pca_num64,0.461,2026-01-29 14:44:58,
german,rembert,gemini25pro,amd,pca_num64,0.316,2026-01-29 14:44:58,
german,rembert,gemini25pro,amd_sym,pca_num64,0.464,2026-01-29 14:44:58,
german,rembert,gemini25pro,amd_opt_sym,pca_num64,0.456,2026-01-29 14:44:58,
german,multilingual-e5,gemini25pro,prt,random_num64,0.533,2026-01-29 14:45:03,
german,multilingual-e5,gemini25pro,apd,random_num64,0.36,2026-01-29 14:45:03,
german,multilingual-e5,gemini25pro,amd,random_num64,0.413,2026-01-29 14:45:03,
german,multilingual-e5,gemini25pro,amd_sym,random_num64,0.516,2026-01-29 14:45:03,
german,multilingual-e5,gemini25pro,amd_opt_sym,random_num64,0.512,2026-01-29 14:45:03,
german,multilingual-e5,gemini25pro,prt,pca_num64,0.403,2026-01-29 14:45:03,
german,multilingual-e5,gemini25pro,apd,pca_num64,0.52,2026-01-29 14:45:03,
german,multilingual-e5,gemini25pro,amd,pca_num64,0.229,2026-01-29 14:45:03,
german,multilingual-e5,gemini25pro,amd_sym,pca_num64,0.286,2026-01-29 14:45:03,
german,multilingual-e5,gemini25pro,amd_opt_sym,pca_num64,0.276,2026-01-29 14:45:03,
german,mmbert,gemini25pro,prt,random_num64,0.297,2026-01-29 14:45:07,
german,mmbert,gemini25pro,apd,random_num64,0.101,2026-01-29 14:45:07,
german,mmbert,gemini25pro,amd,random_num64,0.459,2026-01-29 14:45:07,
german,mmbert,gemini25pro,amd_sym,random_num64,0.446,2026-01-29 14:45:07,
german,mmbert,gemini25pro,amd_opt_sym,random_num64,0.46,2026-01-29 14:45:07,
german,mmbert,gemini25pro,prt,pca_num64,-0.158,2026-01-29 14:45:07,
german,mmbert,gemini25pro,apd,pca_num64,0.454,2026-01-29 14:45:07,
german,mmbert,gemini25pro,amd,pca_num64,0.381,2026-01-29 14:45:07,
german,mmbert,gemini25pro,amd_sym,pca_num64,0.46,2026-01-29 14:45:07,
german,mmbert,gemini25pro,amd_opt_sym,pca_num64,0.445,2026-01-29 14:45:07,
german,en,gemini25pro,prt,random_num64,0.826,2026-01-29 14:45:12,
german,en,gemini25pro,apd,random_num64,0.773,2026-01-29 14:45:12,
german,en,gemini25pro,amd,random_num64,0.68,2026-01-29 14:45:12,
german,en,gemini25pro,amd_sym,random_num64,0.778,2026-01-29 14:45:12,
german,en,gemini25pro,amd_opt_sym,random_num64,0.795,2026-01-29 14:45:12,
german,en,gemini25pro,prt,pca_num64,-0.131,2026-01-29 14:45:12,
german,en,gemini25pro,apd,pca_num64,0.704,2026-01-29 14:45:12,
german,en,gemini25pro,amd,pca_num64,0.708,2026-01-29 14:45:12,
german,en,gemini25pro,amd_sym,pca_num64,0.881,2026-01-29 14:45:12,
german,en,gemini25pro,amd_opt_sym,pca_num64,0.87,2026-01-29 14:45:12,
german,german_GBERT,gemini25pro,prt,random_num64,0.47,2026-01-29 14:45:17,
german,german_GBERT,gemini25pro,apd,random_num64,0.317,2026-01-29 14:45:17,
german,german_GBERT,gemini25pro,amd,random_num64,0.556,2026-01-29 14:45:17,
german,german_GBERT,gemini25pro,amd_sym,random_num64,0.469,2026-01-29 14:45:17,
german,german_GBERT,gemini25pro,amd_opt_sym,random_num64,0.543,2026-01-29 14:45:17,
german,german_GBERT,gemini25pro,prt,pca_num64,-0.283,2026-01-29 14:45:17,
german,german_GBERT,gemini25pro,apd,pca_num64,0.61,2026-01-29 14:45:17,
german,german_GBERT,gemini25pro,amd,pca_num64,0.378,2026-01-29 14:45:17,
german,german_GBERT,gemini25pro,amd_sym,pca_num64,0.484,2026-01-29 14:45:17,
german,german_GBERT,gemini25pro,amd_opt_sym,pca_num64,0.471,2026-01-29 14:45:17,
swedish,xll,gemini25pro,prt,random_num64,0.626,2026-01-29 14:45:24,
swedish,xll,gemini25pro,apd,random_num64,0.695,2026-01-29 14:45:24,
swedish,xll,gemini25pro,amd,random_num64,0.729,2026-01-29 14:45:24,
swedish,xll,gemini25pro,amd_sym,random_num64,0.75,2026-01-29 14:45:24,
swedish,xll,gemini25pro,amd_opt_sym,random_num64,0.757,2026-01-29 14:45:24,
swedish,xll,gemini25pro,prt,pca_num64,0.162,2026-01-29 14:45:24,
swedish,xll,gemini25pro,apd,pca_num64,0.093,2026-01-29 14:45:24,
swedish,xll,gemini25pro,amd,pca_num64,0.737,2026-01-29 14:45:24,
swedish,xll,gemini25pro,amd_sym,pca_num64,0.764,2026-01-29 14:45:24,
swedish,xll,gemini25pro,amd_opt_sym,pca_num64,0.771,2026-01-29 14:45:24,
swedish,xlmr,gemini25pro,prt,random_num64,0.14,2026-01-29 14:45:30,
swedish,xlmr,gemini25pro,apd,random_num64,0.136,2026-01-29 14:45:30,
swedish,xlmr,gemini25pro,amd,random_num64,0.211,2026-01-29 14:45:30,
swedish,xlmr,gemini25pro,amd_sym,random_num64,0.065,2026-01-29 14:45:30,
swedish,xlmr,gemini25pro,amd_opt_sym,random_num64,0.109,2026-01-29 14:45:30,
swedish,xlmr,gemini25pro,prt,pca_num64,0.062,2026-01-29 14:45:30,
swedish,xlmr,gemini25pro,apd,pca_num64,-0.101,2026-01-29 14:45:30,
swedish,xlmr,gemini25pro,amd,pca_num64,0.263,2026-01-29 14:45:30,
swedish,xlmr,gemini25pro,amd_sym,pca_num64,0.244,2026-01-29 14:45:30,
swedish,xlmr,gemini25pro,amd_opt_sym,pca_num64,0.245,2026-01-29 14:45:30,
swedish,rembert,gemini25pro,prt,random_num64,0.161,2026-01-29 14:45:37,
swedish,rembert,gemini25pro,apd,random_num64,0.186,2026-01-29 14:45:37,
swedish,rembert,gemini25pro,amd,random_num64,0.231,2026-01-29 14:45:37,
swedish,rembert,gemini25pro,amd_sym,random_num64,0.134,2026-01-29 14:45:37,
swedish,rembert,gemini25pro,amd_opt_sym,random_num64,0.173,2026-01-29 14:45:37,
swedish,rembert,gemini25pro,prt,pca_num64,-0.084,2026-01-29 14:45:37,
swedish,rembert,gemini25pro,apd,pca_num64,-0.0,2026-01-29 14:45:37,
swedish,rembert,gemini25pro,amd,pca_num64,0.309,2026-01-29 14:45:37,
swedish,rembert,gemini25pro,amd_sym,pca_num64,0.231,2026-01-29 14:45:37,
swedish,rembert,gemini25pro,amd_opt_sym,pca_num64,0.277,2026-01-29 14:45:37,
swedish,multilingual-e5,gemini25pro,prt,random_num64,-0.021,2026-01-29 14:45:45,
swedish,multilingual-e5,gemini25pro,apd,random_num64,0.037,2026-01-29 14:45:45,
swedish,multilingual-e5,gemini25pro,amd,random_num64,0.473,2026-01-29 14:45:45,
swedish,multilingual-e5,gemini25pro,amd_sym,random_num64,0.333,2026-01-29 14:45:45,
swedish,multilingual-e5,gemini25pro,amd_opt_sym,random_num64,0.369,2026-01-29 14:45:45,
swedish,multilingual-e5,gemini25pro,prt,pca_num64,0.405,2026-01-29 14:45:45,
swedish,multilingual-e5,gemini25pro,apd,pca_num64,0.036,2026-01-29 14:45:45,
swedish,multilingual-e5,gemini25pro,amd,pca_num64,0.239,2026-01-29 14:45:45,
swedish,multilingual-e5,gemini25pro,amd_sym,pca_num64,0.241,2026-01-29 14:45:45,
swedish,multilingual-e5,gemini25pro,amd_opt_sym,pca_num64,0.237,2026-01-29 14:45:45,
swedish,mmbert,gemini25pro,prt,random_num64,-0.126,2026-01-29 14:45:51,
swedish,mmbert,gemini25pro,apd,random_num64,0.111,2026-01-29 14:45:51,
swedish,mmbert,gemini25pro,amd,random_num64,0.248,2026-01-29 14:45:51,
swedish,mmbert,gemini25pro,amd_sym,random_num64,0.095,2026-01-29 14:45:51,
swedish,mmbert,gemini25pro,amd_opt_sym,random_num64,0.116,2026-01-29 14:45:51,
swedish,mmbert,gemini25pro,prt,pca_num64,0.173,2026-01-29 14:45:51,
swedish,mmbert,gemini25pro,apd,pca_num64,-0.09,2026-01-29 14:45:51,
swedish,mmbert,gemini25pro,amd,pca_num64,0.411,2026-01-29 14:45:51,
swedish,mmbert,gemini25pro,amd_sym,pca_num64,0.427,2026-01-29 14:45:51,
swedish,mmbert,gemini25pro,amd_opt_sym,pca_num64,0.385,2026-01-29 14:45:51,
swedish,en,gemini25pro,prt,random_num64,0.605,2026-01-29 14:45:58,
swedish,en,gemini25pro,apd,random_num64,0.767,2026-01-29 14:45:58,
swedish,en,gemini25pro,amd,random_num64,0.674,2026-01-29 14:45:58,
swedish,en,gemini25pro,amd_sym,random_num64,0.766,2026-01-29 14:45:58,
swedish,en,gemini25pro,amd_opt_sym,random_num64,0.765,2026-01-29 14:45:58,
swedish,en,gemini25pro,prt,pca_num64,-0.224,2026-01-29 14:45:58,
swedish,en,gemini25pro,apd,pca_num64,-0.03,2026-01-29 14:45:58,
swedish,en,gemini25pro,amd,pca_num64,0.609,2026-01-29 14:45:58,
swedish,en,gemini25pro,amd_sym,pca_num64,0.752,2026-01-29 14:45:58,
swedish,en,gemini25pro,amd_opt_sym,pca_num64,0.758,2026-01-29 14:45:58,
swedish,swedish_MegatronBERT,gemini25pro,prt,random_num64,-0.014,2026-01-29 14:46:04,
swedish,swedish_MegatronBERT,gemini25pro,apd,random_num64,0.051,2026-01-29 14:46:04,
swedish,swedish_MegatronBERT,gemini25pro,amd,random_num64,0.104,2026-01-29 14:46:04,
swedish,swedish_MegatronBERT,gemini25pro,amd_sym,random_num64,-0.085,2026-01-29 14:46:04,
swedish,swedish_MegatronBERT,gemini25pro,amd_opt_sym,random_num64,-0.051,2026-01-29 14:46:04,
swedish,swedish_MegatronBERT,gemini25pro,prt,pca_num64,0.093,2026-01-29 14:46:04,
swedish,swedish_MegatronBERT,gemini25pro,apd,pca_num64,0.112,2026-01-29 14:46:04,
swedish,swedish_MegatronBERT,gemini25pro,amd,pca_num64,0.185,2026-01-29 14:46:04,
swedish,swedish_MegatronBERT,gemini25pro,amd_sym,pca_num64,0.106,2026-01-29 14:46:04,
swedish,swedish_MegatronBERT,gemini25pro,amd_opt_sym,pca_num64,0.077,2026-01-29 14:46:04,
latin,xll,gemini25pro,prt,random_num64,0.447,2026-01-29 14:46:13,
latin,xll,gemini25pro,apd,random_num64,0.078,2026-01-29 14:46:13,
latin,xll,gemini25pro,amd,random_num64,0.037,2026-01-29 14:46:13,
latin,xll,gemini25pro,amd_sym,random_num64,0.185,2026-01-29 14:46:13,
latin,xll,gemini25pro,amd_opt_sym,random_num64,0.192,2026-01-29 14:46:13,
latin,xll,gemini25pro,prt,pca_num64,0.118,2026-01-29 14:46:13,
latin,xll,gemini25pro,apd,pca_num64,0.476,2026-01-29 14:46:13,
latin,xll,gemini25pro,amd,pca_num64,0.037,2026-01-29 14:46:13,
latin,xll,gemini25pro,amd_sym,pca_num64,0.228,2026-01-29 14:46:13,
latin,xll,gemini25pro,amd_opt_sym,pca_num64,0.226,2026-01-29 14:46:13,
latin,xlmr,gemini25pro,prt,random_num64,0.202,2026-01-29 14:46:22,
latin,xlmr,gemini25pro,apd,random_num64,-0.108,2026-01-29 14:46:22,
latin,xlmr,gemini25pro,amd,random_num64,0.202,2026-01-29 14:46:22,
latin,xlmr,gemini25pro,amd_sym,random_num64,0.233,2026-01-29 14:46:22,
latin,xlmr,gemini25pro,amd_opt_sym,random_num64,0.234,2026-01-29 14:46:22,
latin,xlmr,gemini25pro,prt,pca_num64,-0.069,2026-01-29 14:46:22,
latin,xlmr,gemini25pro,apd,pca_num64,0.506,2026-01-29 14:46:22,
latin,xlmr,gemini25pro,amd,pca_num64,0.201,2026-01-29 14:46:22,
latin,xlmr,gemini25pro,amd_sym,pca_num64,0.264,2026-01-29 14:46:22,
latin,xlmr,gemini25pro,amd_opt_sym,pca_num64,0.257,2026-01-29 14:46:22,
latin,rembert,gemini25pro,prt,random_num64,0.447,2026-01-29 14:46:33,
latin,rembert,gemini25pro,apd,random_num64,-0.097,2026-01-29 14:46:33,
latin,rembert,gemini25pro,amd,random_num64,0.079,2026-01-29 14:46:33,
latin,rembert,gemini25pro,amd_sym,random_num64,0.205,2026-01-29 14:46:33,
latin,rembert,gemini25pro,amd_opt_sym,random_num64,0.215,2026-01-29 14:46:33,
latin,rembert,gemini25pro,prt,pca_num64,0.154,2026-01-29 14:46:33,
latin,rembert,gemini25pro,apd,pca_num64,0.538,2026-01-29 14:46:33,
latin,rembert,gemini25pro,amd,pca_num64,0.172,2026-01-29 14:46:33,
latin,rembert,gemini25pro,amd_sym,pca_num64,0.279,2026-01-29 14:46:33,
latin,rembert,gemini25pro,amd_opt_sym,pca_num64,0.275,2026-01-29 14:46:33,
latin,multilingual-e5,gemini25pro,prt,random_num64,0.276,2026-01-29 14:46:44,
latin,multilingual-e5,gemini25pro,apd,random_num64,-0.13,2026-01-29 14:46:44,
latin,multilingual-e5,gemini25pro,amd,random_num64,0.223,2026-01-29 14:46:44,
latin,multilingual-e5,gemini25pro,amd_sym,random_num64,0.251,2026-01-29 14:46:44,
latin,multilingual-e5,gemini25pro,amd_opt_sym,random_num64,0.239,2026-01-29 14:46:44,
latin,multilingual-e5,gemini25pro,prt,pca_num64,0.383,2026-01-29 14:46:44,
latin,multilingual-e5,gemini25pro,apd,pca_num64,0.48,2026-01-29 14:46:44,
latin,multilingual-e5,gemini25pro,amd,pca_num64,0.169,2026-01-29 14:46:44,
latin,multilingual-e5,gemini25pro,amd_sym,pca_num64,0.235,2026-01-29 14:46:44,
latin,multilingual-e5,gemini25pro,amd_opt_sym,pca_num64,0.228,2026-01-29 14:46:44,
latin,mmbert,gemini25pro,prt,random_num64,0.319,2026-01-29 14:46:54,
latin,mmbert,gemini25pro,apd,random_num64,-0.399,2026-01-29 14:46:54,
latin,mmbert,gemini25pro,amd,random_num64,0.242,2026-01-29 14:46:54,
latin,mmbert,gemini25pro,amd_sym,random_num64,0.297,2026-01-29 14:46:54,
latin,mmbert,gemini25pro,amd_opt_sym,random_num64,0.249,2026-01-29 14:46:54,
latin,mmbert,gemini25pro,prt,pca_num64,0.144,2026-01-29 14:46:54,
latin,mmbert,gemini25pro,apd,pca_num64,0.508,2026-01-29 14:46:54,
latin,mmbert,gemini25pro,amd,pca_num64,0.24,2026-01-29 14:46:54,
latin,mmbert,gemini25pro,amd_sym,pca_num64,0.249,2026-01-29 14:46:54,
latin,mmbert,gemini25pro,amd_opt_sym,pca_num64,0.258,2026-01-29 14:46:54,
latin,en,gemini25pro,prt,random_num64,0.592,2026-01-29 14:47:03,
latin,en,gemini25pro,apd,random_num64,0.343,2026-01-29 14:47:03,
latin,en,gemini25pro,amd,random_num64,0.179,2026-01-29 14:47:03,
latin,en,gemini25pro,amd_sym,random_num64,0.311,2026-01-29 14:47:03,
latin,en,gemini25pro,amd_opt_sym,random_num64,0.265,2026-01-29 14:47:03,
latin,en,gemini25pro,prt,pca_num64,-0.053,2026-01-29 14:47:03,
latin,en,gemini25pro,apd,pca_num64,0.517,2026-01-29 14:47:03,
latin,en,gemini25pro,amd,pca_num64,0.146,2026-01-29 14:47:03,
latin,en,gemini25pro,amd_sym,pca_num64,0.278,2026-01-29 14:47:03,
latin,en,gemini25pro,amd_opt_sym,pca_num64,0.253,2026-01-29 14:47:03,
latin,latin_BammanBurns,gemini25pro,prt,random_num64,0.267,2026-01-29 14:47:12,
latin,latin_BammanBurns,gemini25pro,apd,random_num64,0.087,2026-01-29 14:47:12,
latin,latin_BammanBurns,gemini25pro,amd,random_num64,0.13,2026-01-29 14:47:12,
latin,latin_BammanBurns,gemini25pro,amd_sym,random_num64,0.156,2026-01-29 14:47:12,
latin,latin_BammanBurns,gemini25pro,amd_opt_sym,random_num64,0.165,2026-01-29 14:47:12,
latin,latin_BammanBurns,gemini25pro,prt,pca_num64,0.177,2026-01-29 14:47:12,
latin,latin_BammanBurns,gemini25pro,apd,pca_num64,0.294,2026-01-29 14:47:12,
latin,latin_BammanBurns,gemini25pro,amd,pca_num64,0.168,2026-01-29 14:47:12,
latin,latin_BammanBurns,gemini25pro,amd_sym,pca_num64,0.24,2026-01-29 14:47:12,
latin,latin_BammanBurns,gemini25pro,amd_opt_sym,pca_num64,0.237,2026-01-29 14:47:12,
spanish,xll,gemini25pro,prt,random_num64,0.651,2026-01-29 14:47:13,
spanish,xll,gemini25pro,apd,random_num64,0.653,2026-01-29 14:47:13,
spanish,xll,gemini25pro,amd,random_num64,0.665,2026-01-29 14:47:13,
spanish,xll,gemini25pro,amd_sym,random_num64,0.647,2026-01-29 14:47:13,
spanish,xll,gemini25pro,amd_opt_sym,random_num64,0.65,2026-01-29 14:47:13,
spanish,xll,gemini25pro,prt,pca_num64,0.126,2026-01-29 14:47:13,
spanish,xll,gemini25pro,apd,pca_num64,0.375,2026-01-29 14:47:13,
spanish,xll,gemini25pro,amd,pca_num64,0.673,2026-01-29 14:47:13,
spanish,xll,gemini25pro,amd_sym,pca_num64,0.658,2026-01-29 14:47:13,
spanish,xll,gemini25pro,amd_opt_sym,pca_num64,0.664,2026-01-29 14:47:13,
spanish,xlmr,gemini25pro,prt,random_num64,0.181,2026-01-29 14:47:15,
spanish,xlmr,gemini25pro,apd,random_num64,0.134,2026-01-29 14:47:15,
spanish,xlmr,gemini25pro,amd,random_num64,0.129,2026-01-29 14:47:15,
spanish,xlmr,gemini25pro,amd_sym,random_num64,0.113,2026-01-29 14:47:15,
spanish,xlmr,gemini25pro,amd_opt_sym,random_num64,0.137,2026-01-29 14:47:15,
spanish,xlmr,gemini25pro,prt,pca_num64,0.042,2026-01-29 14:47:15,
spanish,xlmr,gemini25pro,apd,pca_num64,0.203,2026-01-29 14:47:15,
spanish,xlmr,gemini25pro,amd,pca_num64,0.29,2026-01-29 14:47:15,
spanish,xlmr,gemini25pro,amd_sym,pca_num64,0.253,2026-01-29 14:47:15,
spanish,xlmr,gemini25pro,amd_opt_sym,pca_num64,0.274,2026-01-29 14:47:15,
spanish,rembert,gemini25pro,prt,random_num64,0.111,2026-01-29 14:47:16,
spanish,rembert,gemini25pro,apd,random_num64,0.078,2026-01-29 14:47:16,
spanish,rembert,gemini25pro,amd,random_num64,0.147,2026-01-29 14:47:16,
spanish,rembert,gemini25pro,amd_sym,random_num64,0.126,2026-01-29 14:47:16,
spanish,rembert,gemini25pro,amd_opt_sym,random_num64,0.138,2026-01-29 14:47:16,
spanish,rembert,gemini25pro,prt,pca_num64,0.043,2026-01-29 14:47:16,
spanish,rembert,gemini25pro,apd,pca_num64,0.219,2026-01-29 14:47:16,
spanish,rembert,gemini25pro,amd,pca_num64,0.315,2026-01-29 14:47:16,
spanish,rembert,gemini25pro,amd_sym,pca_num64,0.317,2026-01-29 14:47:16,
spanish,rembert,gemini25pro,amd_opt_sym,pca_num64,0.334,2026-01-29 14:47:16,
spanish,multilingual-e5,gemini25pro,prt,random_num64,0.254,2026-01-29 14:47:17,
spanish,multilingual-e5,gemini25pro,apd,random_num64,0.066,2026-01-29 14:47:17,
spanish,multilingual-e5,gemini25pro,amd,random_num64,0.21,2026-01-29 14:47:17,
spanish,multilingual-e5,gemini25pro,amd_sym,random_num64,0.217,2026-01-29 14:47:17,
spanish,multilingual-e5,gemini25pro,amd_opt_sym,random_num64,0.249,2026-01-29 14:47:17,
spanish,multilingual-e5,gemini25pro,prt,pca_num64,-0.015,2026-01-29 14:47:17,
spanish,multilingual-e5,gemini25pro,apd,pca_num64,0.353,2026-01-29 14:47:17,
spanish,multilingual-e5,gemini25pro,amd,pca_num64,0.32,2026-01-29 14:47:17,
spanish,multilingual-e5,gemini25pro,amd_sym,pca_num64,0.308,2026-01-29 14:47:17,
spanish,multilingual-e5,gemini25pro,amd_opt_sym,pca_num64,0.307,2026-01-29 14:47:17,
spanish,mmbert,gemini25pro,prt,random_num64,0.095,2026-01-29 14:47:19,
spanish,mmbert,gemini25pro,apd,random_num64,-0.01,2026-01-29 14:47:19,
spanish,mmbert,gemini25pro,amd,random_num64,0.321,2026-01-29 14:47:19,
spanish,mmbert,gemini25pro,amd_sym,random_num64,0.254,2026-01-29 14:47:19,
spanish,mmbert,gemini25pro,amd_opt_sym,random_num64,0.267,2026-01-29 14:47:19,
spanish,mmbert,gemini25pro,prt,pca_num64,0.053,2026-01-29 14:47:19,
spanish,mmbert,gemini25pro,apd,pca_num64,0.212,2026-01-29 14:47:19,
spanish,mmbert,gemini25pro,amd,pca_num64,0.432,2026-01-29 14:47:19,
spanish,mmbert,gemini25pro,amd_sym,pca_num64,0.296,2026-01-29 14:47:19,
spanish,mmbert,gemini25pro,amd_opt_sym,pca_num64,0.35,2026-01-29 14:47:19,
spanish,en,gemini25pro,prt,random_num64,0.649,2026-01-29 14:47:21,
spanish,en,gemini25pro,apd,random_num64,0.627,2026-01-29 14:47:21,
spanish,en,gemini25pro,amd,random_num64,0.61,2026-01-29 14:47:21,
spanish,en,gemini25pro,amd_sym,random_num64,0.624,2026-01-29 14:47:21,
spanish,en,gemini25pro,amd_opt_sym,random_num64,0.642,2026-01-29 14:47:21,
spanish,en,gemini25pro,prt,pca_num64,0.1,2026-01-29 14:47:21,
spanish,en,gemini25pro,apd,pca_num64,0.316,2026-01-29 14:47:21,
spanish,en,gemini25pro,amd,pca_num64,0.665,2026-01-29 14:47:21,
spanish,en,gemini25pro,amd_sym,pca_num64,0.671,2026-01-29 14:47:21,
spanish,en,gemini25pro,amd_opt_sym,pca_num64,0.678,2026-01-29 14:47:21,
spanish,spanish_BERT_WWM,gemini25pro,prt,random_num64,0.377,2026-01-29 14:47:22,
spanish,spanish_BERT_WWM,gemini25pro,apd,random_num64,0.313,2026-01-29 14:47:22,
spanish,spanish_BERT_WWM,gemini25pro,amd,random_num64,0.314,2026-01-29 14:47:22,
spanish,spanish_BERT_WWM,gemini25pro,amd_sym,random_num64,0.256,2026-01-29 14:47:22,
spanish,spanish_BERT_WWM,gemini25pro,amd_opt_sym,random_num64,0.275,2026-01-29 14:47:22,
spanish,spanish_BERT_WWM,gemini25pro,prt,pca_num64,-0.008,2026-01-29 14:47:22,
spanish,spanish_BERT_WWM,gemini25pro,apd,pca_num64,0.287,2026-01-29 14:47:22,
spanish,spanish_BERT_WWM,gemini25pro,amd,pca_num64,0.405,2026-01-29 14:47:22,
spanish,spanish_BERT_WWM,gemini25pro,amd_sym,pca_num64,0.362,2026-01-29 14:47:22,
spanish,spanish_BERT_WWM,gemini25pro,amd_opt_sym,pca_num64,0.377,2026-01-29 14:47:22,
chinese,xll,gemini25pro,prt,random_num64,0.686,2026-01-29 14:47:23,
chinese,xll,gemini25pro,apd,random_num64,0.74,2026-01-29 14:47:23,
chinese,xll,gemini25pro,amd,random_num64,0.719,2026-01-29 14:47:23,
chinese,xll,gemini25pro,amd_sym,random_num64,0.714,2026-01-29 14:47:23,
chinese,xll,gemini25pro,amd_opt_sym,random_num64,0.723,2026-01-29 14:47:23,
chinese,xll,gemini25pro,prt,pca_num64,-0.439,2026-01-29 14:47:23,
chinese,xll,gemini25pro,apd,pca_num64,0.415,2026-01-29 14:47:23,
chinese,xll,gemini25pro,amd,pca_num64,0.716,2026-01-29 14:47:23,
chinese,xll,gemini25pro,amd_sym,pca_num64,0.754,2026-01-29 14:47:23,
chinese,xll,gemini25pro,amd_opt_sym,pca_num64,0.758,2026-01-29 14:47:23,
chinese,xlmr,gemini25pro,prt,random_num64,0.239,2026-01-29 14:47:23,
chinese,xlmr,gemini25pro,apd,random_num64,0.073,2026-01-29 14:47:23,
chinese,xlmr,gemini25pro,amd,random_num64,0.225,2026-01-29 14:47:23,
chinese,xlmr,gemini25pro,amd_sym,random_num64,0.155,2026-01-29 14:47:23,
chinese,xlmr,gemini25pro,amd_opt_sym,random_num64,0.211,2026-01-29 14:47:23,
chinese,xlmr,gemini25pro,prt,pca_num64,0.181,2026-01-29 14:47:23,
chinese,xlmr,gemini25pro,apd,pca_num64,0.221,2026-01-29 14:47:23,
chinese,xlmr,gemini25pro,amd,pca_num64,0.431,2026-01-29 14:47:23,
chinese,xlmr,gemini25pro,amd_sym,pca_num64,0.378,2026-01-29 14:47:23,
chinese,xlmr,gemini25pro,amd_opt_sym,pca_num64,0.327,2026-01-29 14:47:23,
chinese,rembert,gemini25pro,prt,random_num64,0.456,2026-01-29 14:47:24,
chinese,rembert,gemini25pro,apd,random_num64,0.361,2026-01-29 14:47:24,
chinese,rembert,gemini25pro,amd,random_num64,0.258,2026-01-29 14:47:24,
chinese,rembert,gemini25pro,amd_sym,random_num64,0.31,2026-01-29 14:47:24,
chinese,rembert,gemini25pro,amd_opt_sym,random_num64,0.25,2026-01-29 14:47:24,
chinese,rembert,gemini25pro,prt,pca_num64,-0.004,2026-01-29 14:47:24,
chinese,rembert,gemini25pro,apd,pca_num64,0.215,2026-01-29 14:47:24,
chinese,rembert,gemini25pro,amd,pca_num64,0.335,2026-01-29 14:47:24,
chinese,rembert,gemini25pro,amd_sym,pca_num64,0.264,2026-01-29 14:47:24,
chinese,rembert,gemini25pro,amd_opt_sym,pca_num64,0.266,2026-01-29 14:47:24,
chinese,multilingual-e5,gemini25pro,prt,random_num64,0.064,2026-01-29 14:47:25,
chinese,multilingual-e5,gemini25pro,apd,random_num64,-0.046,2026-01-29 14:47:25,
chinese,multilingual-e5,gemini25pro,amd,random_num64,0.191,2026-01-29 14:47:25,
chinese,multilingual-e5,gemini25pro,amd_sym,random_num64,0.184,2026-01-29 14:47:25,
chinese,multilingual-e5,gemini25pro,amd_opt_sym,random_num64,0.21,2026-01-29 14:47:25,
chinese,multilingual-e5,gemini25pro,prt,pca_num64,-0.025,2026-01-29 14:47:25,
chinese,multilingual-e5,gemini25pro,apd,pca_num64,0.192,2026-01-29 14:47:25,
chinese,multilingual-e5,gemini25pro,amd,pca_num64,0.212,2026-01-29 14:47:25,
chinese,multilingual-e5,gemini25pro,amd_sym,pca_num64,0.292,2026-01-29 14:47:25,
chinese,multilingual-e5,gemini25pro,amd_opt_sym,pca_num64,0.29,2026-01-29 14:47:25,
chinese,mmbert,gemini25pro,prt,random_num64,-0.009,2026-01-29 14:47:26,
chinese,mmbert,gemini25pro,apd,random_num64,-0.175,2026-01-29 14:47:26,
chinese,mmbert,gemini25pro,amd,random_num64,0.541,2026-01-29 14:47:26,
chinese,mmbert,gemini25pro,amd_sym,random_num64,0.542,2026-01-29 14:47:26,
chinese,mmbert,gemini25pro,amd_opt_sym,random_num64,0.548,2026-01-29 14:47:26,
chinese,mmbert,gemini25pro,prt,pca_num64,-0.169,2026-01-29 14:47:26,
chinese,mmbert,gemini25pro,apd,pca_num64,0.288,2026-01-29 14:47:26,
chinese,mmbert,gemini25pro,amd,pca_num64,0.455,2026-01-29 14:47:26,
chinese,mmbert,gemini25pro,amd_sym,pca_num64,0.294,2026-01-29 14:47:26,
chinese,mmbert,gemini25pro,amd_opt_sym,pca_num64,0.342,2026-01-29 14:47:26,
chinese,en,gemini25pro,prt,random_num64,0.706,2026-01-29 14:47:26,
chinese,en,gemini25pro,apd,random_num64,0.754,2026-01-29 14:47:26,
chinese,en,gemini25pro,amd,random_num64,0.606,2026-01-29 14:47:26,
chinese,en,gemini25pro,amd_sym,random_num64,0.685,2026-01-29 14:47:26,
chinese,en,gemini25pro,amd_opt_sym,random_num64,0.67,2026-01-29 14:47:26,
chinese,en,gemini25pro,prt,pca_num64,0.159,2026-01-29 14:47:26,
chinese,en,gemini25pro,apd,pca_num64,0.316,2026-01-29 14:47:26,
chinese,en,gemini25pro,amd,pca_num64,0.644,2026-01-29 14:47:26,
chinese,en,gemini25pro,amd_sym,pca_num64,0.703,2026-01-29 14:47:26,
chinese,en,gemini25pro,amd_opt_sym,pca_num64,0.713,2026-01-29 14:47:26,
chinese,chinese_RoBERTa_WWM,gemini25pro,prt,random_num64,0.163,2026-01-29 14:47:27,
chinese,chinese_RoBERTa_WWM,gemini25pro,apd,random_num64,0.203,2026-01-29 14:47:27,
chinese,chinese_RoBERTa_WWM,gemini25pro,amd,random_num64,0.549,2026-01-29 14:47:27,
chinese,chinese_RoBERTa_WWM,gemini25pro,amd_sym,random_num64,0.539,2026-01-29 14:47:27,
chinese,chinese_RoBERTa_WWM,gemini25pro,amd_opt_sym,random_num64,0.538,2026-01-29 14:47:27,
chinese,chinese_RoBERTa_WWM,gemini25pro,prt,pca_num64,0.079,2026-01-29 14:47:27,
chinese,chinese_RoBERTa_WWM,gemini25pro,apd,pca_num64,0.266,2026-01-29 14:47:27,
chinese,chinese_RoBERTa_WWM,gemini25pro,amd,pca_num64,0.606,2026-01-29 14:47:27,
chinese,chinese_RoBERTa_WWM,gemini25pro,amd_sym,pca_num64,0.539,2026-01-29 14:47:27,
chinese,chinese_RoBERTa_WWM,gemini25pro,amd_opt_sym,pca_num64,0.545,2026-01-29 14:47:27,
norwegian_1,xll,gemini25pro,prt,random_num64,0.775,2026-01-29 14:47:28,
norwegian_1,xll,gemini25pro,apd,random_num64,0.681,2026-01-29 14:47:28,
norwegian_1,xll,gemini25pro,amd,random_num64,0.721,2026-01-29 14:47:28,
norwegian_1,xll,gemini25pro,amd_sym,random_num64,0.697,2026-01-29 14:47:28,
norwegian_1,xll,gemini25pro,amd_opt_sym,random_num64,0.724,2026-01-29 14:47:28,
norwegian_1,xll,gemini25pro,prt,pca_num64,-0.076,2026-01-29 14:47:28,
norwegian_1,xll,gemini25pro,apd,pca_num64,0.556,2026-01-29 14:47:28,
norwegian_1,xll,gemini25pro,amd,pca_num64,0.698,2026-01-29 14:47:28,
norwegian_1,xll,gemini25pro,amd_sym,pca_num64,0.704,2026-01-29 14:47:28,
norwegian_1,xll,gemini25pro,amd_opt_sym,pca_num64,0.721,2026-01-29 14:47:28,
norwegian_1,xlmr,gemini25pro,prt,random_num64,0.323,2026-01-29 14:47:28,
norwegian_1,xlmr,gemini25pro,apd,random_num64,0.229,2026-01-29 14:47:28,
norwegian_1,xlmr,gemini25pro,amd,random_num64,0.452,2026-01-29 14:47:28,
norwegian_1,xlmr,gemini25pro,amd_sym,random_num64,0.27,2026-01-29 14:47:28,
norwegian_1,xlmr,gemini25pro,amd_opt_sym,random_num64,0.249,2026-01-29 14:47:28,
norwegian_1,xlmr,gemini25pro,prt,pca_num64,0.305,2026-01-29 14:47:28,
norwegian_1,xlmr,gemini25pro,apd,pca_num64,0.479,2026-01-29 14:47:28,
norwegian_1,xlmr,gemini25pro,amd,pca_num64,0.662,2026-01-29 14:47:28,
norwegian_1,xlmr,gemini25pro,amd_sym,pca_num64,0.576,2026-01-29 14:47:28,
norwegian_1,xlmr,gemini25pro,amd_opt_sym,pca_num64,0.598,2026-01-29 14:47:28,
norwegian_1,rembert,gemini25pro,prt,random_num64,0.25,2026-01-29 14:47:29,
norwegian_1,rembert,gemini25pro,apd,random_num64,0.026,2026-01-29 14:47:29,
norwegian_1,rembert,gemini25pro,amd,random_num64,0.438,2026-01-29 14:47:29,
norwegian_1,rembert,gemini25pro,amd_sym,random_num64,0.511,2026-01-29 14:47:29,
norwegian_1,rembert,gemini25pro,amd_opt_sym,random_num64,0.538,2026-01-29 14:47:29,
norwegian_1,rembert,gemini25pro,prt,pca_num64,-0.178,2026-01-29 14:47:29,
norwegian_1,rembert,gemini25pro,apd,pca_num64,0.472,2026-01-29 14:47:29,
norwegian_1,rembert,gemini25pro,amd,pca_num64,0.526,2026-01-29 14:47:29,
norwegian_1,rembert,gemini25pro,amd_sym,pca_num64,0.632,2026-01-29 14:47:29,
norwegian_1,rembert,gemini25pro,amd_opt_sym,pca_num64,0.612,2026-01-29 14:47:29,
norwegian_1,multilingual-e5,gemini25pro,prt,random_num64,0.35,2026-01-29 14:47:29,
norwegian_1,multilingual-e5,gemini25pro,apd,random_num64,0.235,2026-01-29 14:47:29,
norwegian_1,multilingual-e5,gemini25pro,amd,random_num64,0.396,2026-01-29 14:47:29,
norwegian_1,multilingual-e5,gemini25pro,amd_sym,random_num64,0.358,2026-01-29 14:47:29,
norwegian_1,multilingual-e5,gemini25pro,amd_opt_sym,random_num64,0.455,2026-01-29 14:47:29,
norwegian_1,multilingual-e5,gemini25pro,prt,pca_num64,-0.125,2026-01-29 14:47:29,
norwegian_1,multilingual-e5,gemini25pro,apd,pca_num64,0.416,2026-01-29 14:47:29,
norwegian_1,multilingual-e5,gemini25pro,amd,pca_num64,0.456,2026-01-29 14:47:29,
norwegian_1,multilingual-e5,gemini25pro,amd_sym,pca_num64,0.548,2026-01-29 14:47:29,
norwegian_1,multilingual-e5,gemini25pro,amd_opt_sym,pca_num64,0.557,2026-01-29 14:47:29,
norwegian_1,mmbert,gemini25pro,prt,random_num64,0.203,2026-01-29 14:47:30,
norwegian_1,mmbert,gemini25pro,apd,random_num64,0.045,2026-01-29 14:47:30,
norwegian_1,mmbert,gemini25pro,amd,random_num64,0.564,2026-01-29 14:47:30,
norwegian_1,mmbert,gemini25pro,amd_sym,random_num64,0.592,2026-01-29 14:47:30,
norwegian_1,mmbert,gemini25pro,amd_opt_sym,random_num64,0.613,2026-01-29 14:47:30,
norwegian_1,mmbert,gemini25pro,prt,pca_num64,0.152,2026-01-29 14:47:30,
norwegian_1,mmbert,gemini25pro,apd,pca_num64,0.437,2026-01-29 14:47:30,
norwegian_1,mmbert,gemini25pro,amd,pca_num64,0.606,2026-01-29 14:47:30,
norwegian_1,mmbert,gemini25pro,amd_sym,pca_num64,0.648,2026-01-29 14:47:30,
norwegian_1,mmbert,gemini25pro,amd_opt_sym,pca_num64,0.662,2026-01-29 14:47:30,
norwegian_1,en,gemini25pro,prt,random_num64,0.678,2026-01-29 14:47:30,
norwegian_1,en,gemini25pro,apd,random_num64,0.584,2026-01-29 14:47:30,
norwegian_1,en,gemini25pro,amd,random_num64,0.775,2026-01-29 14:47:30,
norwegian_1,en,gemini25pro,amd_sym,random_num64,0.81,2026-01-29 14:47:30,
norwegian_1,en,gemini25pro,amd_opt_sym,random_num64,0.815,2026-01-29 14:47:30,
norwegian_1,en,gemini25pro,prt,pca_num64,-0.24,2026-01-29 14:47:30,
norwegian_1,en,gemini25pro,apd,pca_num64,0.553,2026-01-29 14:47:30,
norwegian_1,en,gemini25pro,amd,pca_num64,0.805,2026-01-29 14:47:30,
norwegian_1,en,gemini25pro,amd_sym,pca_num64,0.833,2026-01-29 14:47:30,
norwegian_1,en,gemini25pro,amd_opt_sym,pca_num64,0.824,2026-01-29 14:47:30,
norwegian_1,norwegian_NB-BERT,gemini25pro,prt,random_num64,0.321,2026-01-29 14:47:31,
norwegian_1,norwegian_NB-BERT,gemini25pro,apd,random_num64,0.284,2026-01-29 14:47:31,
norwegian_1,norwegian_NB-BERT,gemini25pro,amd,random_num64,0.385,2026-01-29 14:47:31,
norwegian_1,norwegian_NB-BERT,gemini25pro,amd_sym,random_num64,0.343,2026-01-29 14:47:31,
norwegian_1,norwegian_NB-BERT,gemini25pro,amd_opt_sym,random_num64,0.356,2026-01-29 14:47:31,
norwegian_1,norwegian_NB-BERT,gemini25pro,prt,pca_num64,0.113,2026-01-29 14:47:31,
norwegian_1,norwegian_NB-BERT,gemini25pro,apd,pca_num64,0.341,2026-01-29 14:47:31,
norwegian_1,norwegian_NB-BERT,gemini25pro,amd,pca_num64,0.545,2026-01-29 14:47:31,
norwegian_1,norwegian_NB-BERT,gemini25pro,amd_sym,pca_num64,0.628,2026-01-29 14:47:31,
norwegian_1,norwegian_NB-BERT,gemini25pro,amd_opt_sym,pca_num64,0.633,2026-01-29 14:47:31,
norwegian_2,xll,gemini25pro,prt,random_num64,0.5,2026-01-29 14:47:31,
norwegian_2,xll,gemini25pro,apd,random_num64,0.592,2026-01-29 14:47:31,
norwegian_2,xll,gemini25pro,amd,random_num64,0.602,2026-01-29 14:47:31,
norwegian_2,xll,gemini25pro,amd_sym,random_num64,0.608,2026-01-29 14:47:31,
norwegian_2,xll,gemini25pro,amd_opt_sym,random_num64,0.595,2026-01-29 14:47:31,
norwegian_2,xll,gemini25pro,prt,pca_num64,0.119,2026-01-29 14:47:31,
norwegian_2,xll,gemini25pro,apd,pca_num64,0.292,2026-01-29 14:47:31,
norwegian_2,xll,gemini25pro,amd,pca_num64,0.575,2026-01-29 14:47:31,
norwegian_2,xll,gemini25pro,amd_sym,pca_num64,0.579,2026-01-29 14:47:31,
norwegian_2,xll,gemini25pro,amd_opt_sym,pca_num64,0.596,2026-01-29 14:47:31,
norwegian_2,xlmr,gemini25pro,prt,random_num64,0.241,2026-01-29 14:47:32,
norwegian_2,xlmr,gemini25pro,apd,random_num64,0.305,2026-01-29 14:47:32,
norwegian_2,xlmr,gemini25pro,amd,random_num64,0.271,2026-01-29 14:47:32,
norwegian_2,xlmr,gemini25pro,amd_sym,random_num64,0.207,2026-01-29 14:47:32,
norwegian_2,xlmr,gemini25pro,amd_opt_sym,random_num64,0.222,2026-01-29 14:47:32,
norwegian_2,xlmr,gemini25pro,prt,pca_num64,0.017,2026-01-29 14:47:32,
norwegian_2,xlmr,gemini25pro,apd,pca_num64,0.093,2026-01-29 14:47:32,
norwegian_2,xlmr,gemini25pro,amd,pca_num64,0.355,2026-01-29 14:47:32,
norwegian_2,xlmr,gemini25pro,amd_sym,pca_num64,0.312,2026-01-29 14:47:32,
norwegian_2,xlmr,gemini25pro,amd_opt_sym,pca_num64,0.306,2026-01-29 14:47:32,
norwegian_2,rembert,gemini25pro,prt,random_num64,0.305,2026-01-29 14:47:33,
norwegian_2,rembert,gemini25pro,apd,random_num64,0.282,2026-01-29 14:47:33,
norwegian_2,rembert,gemini25pro,amd,random_num64,0.353,2026-01-29 14:47:33,
norwegian_2,rembert,gemini25pro,amd_sym,random_num64,0.331,2026-01-29 14:47:33,
norwegian_2,rembert,gemini25pro,amd_opt_sym,random_num64,0.317,2026-01-29 14:47:33,
norwegian_2,rembert,gemini25pro,prt,pca_num64,-0.059,2026-01-29 14:47:33,
norwegian_2,rembert,gemini25pro,apd,pca_num64,0.286,2026-01-29 14:47:33,
norwegian_2,rembert,gemini25pro,amd,pca_num64,0.385,2026-01-29 14:47:33,
norwegian_2,rembert,gemini25pro,amd_sym,pca_num64,0.376,2026-01-29 14:47:33,
norwegian_2,rembert,gemini25pro,amd_opt_sym,pca_num64,0.412,2026-01-29 14:47:33,
norwegian_2,multilingual-e5,gemini25pro,prt,random_num64,0.131,2026-01-29 14:47:33,
norwegian_2,multilingual-e5,gemini25pro,apd,random_num64,0.226,2026-01-29 14:47:33,
norwegian_2,multilingual-e5,gemini25pro,amd,random_num64,0.135,2026-01-29 14:47:33,
norwegian_2,multilingual-e5,gemini25pro,amd_sym,random_num64,0.097,2026-01-29 14:47:33,
norwegian_2,multilingual-e5,gemini25pro,amd_opt_sym,random_num64,0.096,2026-01-29 14:47:33,
norwegian_2,multilingual-e5,gemini25pro,prt,pca_num64,-0.106,2026-01-29 14:47:33,
norwegian_2,multilingual-e5,gemini25pro,apd,pca_num64,0.174,2026-01-29 14:47:33,
norwegian_2,multilingual-e5,gemini25pro,amd,pca_num64,0.105,2026-01-29 14:47:33,
norwegian_2,multilingual-e5,gemini25pro,amd_sym,pca_num64,0.202,2026-01-29 14:47:33,
norwegian_2,multilingual-e5,gemini25pro,amd_opt_sym,pca_num64,0.199,2026-01-29 14:47:33,
norwegian_2,mmbert,gemini25pro,prt,random_num64,0.124,2026-01-29 14:47:34,
norwegian_2,mmbert,gemini25pro,apd,random_num64,0.231,2026-01-29 14:47:34,
norwegian_2,mmbert,gemini25pro,amd,random_num64,0.292,2026-01-29 14:47:34,
norwegian_2,mmbert,gemini25pro,amd_sym,random_num64,0.186,2026-01-29 14:47:34,
norwegian_2,mmbert,gemini25pro,amd_opt_sym,random_num64,0.244,2026-01-29 14:47:34,
norwegian_2,mmbert,gemini25pro,prt,pca_num64,0.198,2026-01-29 14:47:34,
norwegian_2,mmbert,gemini25pro,apd,pca_num64,0.151,2026-01-29 14:47:34,
norwegian_2,mmbert,gemini25pro,amd,pca_num64,0.368,2026-01-29 14:47:34,
norwegian_2,mmbert,gemini25pro,amd_sym,pca_num64,0.351,2026-01-29 14:47:34,
norwegian_2,mmbert,gemini25pro,amd_opt_sym,pca_num64,0.404,2026-01-29 14:47:34,
norwegian_2,en,gemini25pro,prt,random_num64,0.657,2026-01-29 14:47:35,
norwegian_2,en,gemini25pro,apd,random_num64,0.638,2026-01-29 14:47:35,
norwegian_2,en,gemini25pro,amd,random_num64,0.61,2026-01-29 14:47:35,
norwegian_2,en,gemini25pro,amd_sym,random_num64,0.654,2026-01-29 14:47:35,
norwegian_2,en,gemini25pro,amd_opt_sym,random_num64,0.655,2026-01-29 14:47:35,
norwegian_2,en,gemini25pro,prt,pca_num64,0.079,2026-01-29 14:47:35,
norwegian_2,en,gemini25pro,apd,pca_num64,0.323,2026-01-29 14:47:35,
norwegian_2,en,gemini25pro,amd,pca_num64,0.627,2026-01-29 14:47:35,
norwegian_2,en,gemini25pro,amd_sym,pca_num64,0.661,2026-01-29 14:47:35,
norwegian_2,en,gemini25pro,amd_opt_sym,pca_num64,0.663,2026-01-29 14:47:35,
norwegian_2,norwegian_NB-BERT,gemini25pro,prt,random_num64,0.122,2026-01-29 14:47:35,
norwegian_2,norwegian_NB-BERT,gemini25pro,apd,random_num64,0.157,2026-01-29 14:47:35,
norwegian_2,norwegian_NB-BERT,gemini25pro,amd,random_num64,0.179,2026-01-29 14:47:35,
norwegian_2,norwegian_NB-BERT,gemini25pro,amd_sym,random_num64,0.168,2026-01-29 14:47:35,
norwegian_2,norwegian_NB-BERT,gemini25pro,amd_opt_sym,random_num64,0.185,2026-01-29 14:47:35,
norwegian_2,norwegian_NB-BERT,gemini25pro,prt,pca_num64,-0.049,2026-01-29 14:47:35,
norwegian_2,norwegian_NB-BERT,gemini25pro,apd,pca_num64,0.138,2026-01-29 14:47:35,
norwegian_2,norwegian_NB-BERT,gemini25pro,amd,pca_num64,0.215,2026-01-29 14:47:35,
norwegian_2,norwegian_NB-BERT,gemini25pro,amd_sym,pca_num64,0.366,2026-01-29 14:47:35,
norwegian_2,norwegian_NB-BERT,gemini25pro,amd_opt_sym,pca_num64,0.333,2026-01-29 14:47:35,
english,xll,gemini25pro,prt,random_num32,0.501,2026-01-29 14:47:41,
english,xll,gemini25pro,apd,random_num32,0.721,2026-01-29 14:47:41,
english,xll,gemini25pro,amd,random_num32,0.639,2026-01-29 14:47:41,
english,xll,gemini25pro,amd_sym,random_num32,0.673,2026-01-29 14:47:41,
english,xll,gemini25pro,amd_opt_sym,random_num32,0.692,2026-01-29 14:47:41,
english,xll,gemini25pro,prt,pca_num32,0.109,2026-01-29 14:47:41,
english,xll,gemini25pro,apd,pca_num32,0.219,2026-01-29 14:47:41,
english,xll,gemini25pro,amd,pca_num32,0.626,2026-01-29 14:47:41,
english,xll,gemini25pro,amd_sym,pca_num32,0.679,2026-01-29 14:47:41,
english,xll,gemini25pro,amd_opt_sym,pca_num32,0.686,2026-01-29 14:47:41,
english,xlmr,gemini25pro,prt,random_num32,0.267,2026-01-29 14:47:46,
english,xlmr,gemini25pro,apd,random_num32,0.248,2026-01-29 14:47:46,
english,xlmr,gemini25pro,amd,random_num32,0.209,2026-01-29 14:47:46,
english,xlmr,gemini25pro,amd_sym,random_num32,0.177,2026-01-29 14:47:46,
english,xlmr,gemini25pro,amd_opt_sym,random_num32,0.203,2026-01-29 14:47:46,
english,xlmr,gemini25pro,prt,pca_num32,-0.035,2026-01-29 14:47:46,
english,xlmr,gemini25pro,apd,pca_num32,0.233,2026-01-29 14:47:46,
english,xlmr,gemini25pro,amd,pca_num32,0.321,2026-01-29 14:47:46,
english,xlmr,gemini25pro,amd_sym,pca_num32,0.384,2026-01-29 14:47:46,
english,xlmr,gemini25pro,amd_opt_sym,pca_num32,0.39,2026-01-29 14:47:46,
english,rembert,gemini25pro,prt,random_num32,0.247,2026-01-29 14:47:52,
english,rembert,gemini25pro,apd,random_num32,0.212,2026-01-29 14:47:52,
english,rembert,gemini25pro,amd,random_num32,0.341,2026-01-29 14:47:52,
english,rembert,gemini25pro,amd_sym,random_num32,0.239,2026-01-29 14:47:52,
english,rembert,gemini25pro,amd_opt_sym,random_num32,0.259,2026-01-29 14:47:52,
english,rembert,gemini25pro,prt,pca_num32,-0.151,2026-01-29 14:47:52,
english,rembert,gemini25pro,apd,pca_num32,0.181,2026-01-29 14:47:52,
english,rembert,gemini25pro,amd,pca_num32,0.236,2026-01-29 14:47:52,
english,rembert,gemini25pro,amd_sym,pca_num32,0.293,2026-01-29 14:47:52,
english,rembert,gemini25pro,amd_opt_sym,pca_num32,0.276,2026-01-29 14:47:52,
english,multilingual-e5,gemini25pro,prt,random_num32,0.203,2026-01-29 14:47:57,
english,multilingual-e5,gemini25pro,apd,random_num32,-0.204,2026-01-29 14:47:57,
english,multilingual-e5,gemini25pro,amd,random_num32,0.338,2026-01-29 14:47:57,
english,multilingual-e5,gemini25pro,amd_sym,random_num32,0.346,2026-01-29 14:47:57,
english,multilingual-e5,gemini25pro,amd_opt_sym,random_num32,0.371,2026-01-29 14:47:57,
english,multilingual-e5,gemini25pro,prt,pca_num32,0.298,2026-01-29 14:47:57,
english,multilingual-e5,gemini25pro,apd,pca_num32,0.215,2026-01-29 14:47:57,
english,multilingual-e5,gemini25pro,amd,pca_num32,0.242,2026-01-29 14:47:57,
english,multilingual-e5,gemini25pro,amd_sym,pca_num32,0.308,2026-01-29 14:47:57,
english,multilingual-e5,gemini25pro,amd_opt_sym,pca_num32,0.31,2026-01-29 14:47:57,
english,mmbert,gemini25pro,prt,random_num32,0.039,2026-01-29 14:48:03,
english,mmbert,gemini25pro,apd,random_num32,-0.083,2026-01-29 14:48:03,
english,mmbert,gemini25pro,amd,random_num32,0.246,2026-01-29 14:48:03,
english,mmbert,gemini25pro,amd_sym,random_num32,0.176,2026-01-29 14:48:03,
english,mmbert,gemini25pro,amd_opt_sym,random_num32,0.211,2026-01-29 14:48:03,
english,mmbert,gemini25pro,prt,pca_num32,-0.009,2026-01-29 14:48:03,
english,mmbert,gemini25pro,apd,pca_num32,0.067,2026-01-29 14:48:03,
english,mmbert,gemini25pro,amd,pca_num32,0.281,2026-01-29 14:48:03,
english,mmbert,gemini25pro,amd_sym,pca_num32,0.294,2026-01-29 14:48:03,
english,mmbert,gemini25pro,amd_opt_sym,pca_num32,0.31,2026-01-29 14:48:03,
english,en,gemini25pro,prt,random_num32,0.468,2026-01-29 14:48:09,
english,en,gemini25pro,apd,random_num32,0.664,2026-01-29 14:48:09,
english,en,gemini25pro,amd,random_num32,0.731,2026-01-29 14:48:09,
english,en,gemini25pro,amd_sym,random_num32,0.72,2026-01-29 14:48:09,
english,en,gemini25pro,amd_opt_sym,random_num32,0.724,2026-01-29 14:48:09,
english,en,gemini25pro,prt,pca_num32,0.026,2026-01-29 14:48:09,
english,en,gemini25pro,apd,pca_num32,0.232,2026-01-29 14:48:09,
english,en,gemini25pro,amd,pca_num32,0.662,2026-01-29 14:48:09,
english,en,gemini25pro,amd_sym,pca_num32,0.699,2026-01-29 14:48:09,
english,en,gemini25pro,amd_opt_sym,pca_num32,0.708,2026-01-29 14:48:09,
english,roberta,gemini25pro,prt,random_num32,-0.127,2026-01-29 14:48:15,
english,roberta,gemini25pro,apd,random_num32,-0.191,2026-01-29 14:48:15,
english,roberta,gemini25pro,amd,random_num32,0.317,2026-01-29 14:48:15,
english,roberta,gemini25pro,amd_sym,random_num32,0.331,2026-01-29 14:48:15,
english,roberta,gemini25pro,amd_opt_sym,random_num32,0.325,2026-01-29 14:48:15,
english,roberta,gemini25pro,prt,pca_num32,-0.061,2026-01-29 14:48:15,
english,roberta,gemini25pro,apd,pca_num32,0.095,2026-01-29 14:48:15,
english,roberta,gemini25pro,amd,pca_num32,0.222,2026-01-29 14:48:15,
english,roberta,gemini25pro,amd_sym,pca_num32,0.255,2026-01-29 14:48:15,
english,roberta,gemini25pro,amd_opt_sym,pca_num32,0.286,2026-01-29 14:48:15,
german,xll,gemini25pro,prt,random_num32,0.819,2026-01-29 14:48:20,
german,xll,gemini25pro,apd,random_num32,0.764,2026-01-29 14:48:20,
german,xll,gemini25pro,amd,random_num32,0.821,2026-01-29 14:48:20,
german,xll,gemini25pro,amd_sym,random_num32,0.887,2026-01-29 14:48:20,
german,xll,gemini25pro,amd_opt_sym,random_num32,0.895,2026-01-29 14:48:20,
german,xll,gemini25pro,prt,pca_num32,0.068,2026-01-29 14:48:20,
german,xll,gemini25pro,apd,pca_num32,0.699,2026-01-29 14:48:20,
german,xll,gemini25pro,amd,pca_num32,0.817,2026-01-29 14:48:20,
german,xll,gemini25pro,amd_sym,pca_num32,0.899,2026-01-29 14:48:20,
german,xll,gemini25pro,amd_opt_sym,pca_num32,0.901,2026-01-29 14:48:20,
german,xlmr,gemini25pro,prt,random_num32,0.109,2026-01-29 14:48:25,
german,xlmr,gemini25pro,apd,random_num32,-0.144,2026-01-29 14:48:25,
german,xlmr,gemini25pro,amd,random_num32,0.275,2026-01-29 14:48:25,
german,xlmr,gemini25pro,amd_sym,random_num32,0.268,2026-01-29 14:48:25,
german,xlmr,gemini25pro,amd_opt_sym,random_num32,0.292,2026-01-29 14:48:25,
german,xlmr,gemini25pro,prt,pca_num32,0.059,2026-01-29 14:48:25,
german,xlmr,gemini25pro,apd,pca_num32,0.477,2026-01-29 14:48:25,
german,xlmr,gemini25pro,amd,pca_num32,0.254,2026-01-29 14:48:25,
german,xlmr,gemini25pro,amd_sym,pca_num32,0.293,2026-01-29 14:48:25,
german,xlmr,gemini25pro,amd_opt_sym,pca_num32,0.312,2026-01-29 14:48:25,
german,rembert,gemini25pro,prt,random_num32,0.503,2026-01-29 14:48:30,
german,rembert,gemini25pro,apd,random_num32,0.32,2026-01-29 14:48:30,
german,rembert,gemini25pro,amd,random_num32,0.351,2026-01-29 14:48:30,
german,rembert,gemini25pro,amd_sym,random_num32,0.403,2026-01-29 14:48:30,
german,rembert,gemini25pro,amd_opt_sym,random_num32,0.436,2026-01-29 14:48:30,
german,rembert,gemini25pro,prt,pca_num32,-0.271,2026-01-29 14:48:30,
german,rembert,gemini25pro,apd,pca_num32,0.464,2026-01-29 14:48:30,
german,rembert,gemini25pro,amd,pca_num32,0.253,2026-01-29 14:48:30,
german,rembert,gemini25pro,amd_sym,pca_num32,0.389,2026-01-29 14:48:30,
german,rembert,gemini25pro,amd_opt_sym,pca_num32,0.392,2026-01-29 14:48:30,
german,multilingual-e5,gemini25pro,prt,random_num32,0.305,2026-01-29 14:48:34,
german,multilingual-e5,gemini25pro,apd,random_num32,0.051,2026-01-29 14:48:34,
german,multilingual-e5,gemini25pro,amd,random_num32,0.275,2026-01-29 14:48:34,
german,multilingual-e5,gemini25pro,amd_sym,random_num32,0.298,2026-01-29 14:48:34,
german,multilingual-e5,gemini25pro,amd_opt_sym,random_num32,0.283,2026-01-29 14:48:34,
german,multilingual-e5,gemini25pro,prt,pca_num32,0.352,2026-01-29 14:48:34,
german,multilingual-e5,gemini25pro,apd,pca_num32,0.563,2026-01-29 14:48:34,
german,multilingual-e5,gemini25pro,amd,pca_num32,0.175,2026-01-29 14:48:34,
german,multilingual-e5,gemini25pro,amd_sym,pca_num32,0.274,2026-01-29 14:48:34,
german,multilingual-e5,gemini25pro,amd_opt_sym,pca_num32,0.263,2026-01-29 14:48:34,
german,mmbert,gemini25pro,prt,random_num32,0.031,2026-01-29 14:48:39,
german,mmbert,gemini25pro,apd,random_num32,-0.102,2026-01-29 14:48:39,
german,mmbert,gemini25pro,amd,random_num32,0.241,2026-01-29 14:48:39,
german,mmbert,gemini25pro,amd_sym,random_num32,0.1,2026-01-29 14:48:39,
german,mmbert,gemini25pro,amd_opt_sym,random_num32,0.166,2026-01-29 14:48:39,
german,mmbert,gemini25pro,prt,pca_num32,-0.079,2026-01-29 14:48:39,
german,mmbert,gemini25pro,apd,pca_num32,0.479,2026-01-29 14:48:39,
german,mmbert,gemini25pro,amd,pca_num32,0.313,2026-01-29 14:48:39,
german,mmbert,gemini25pro,amd_sym,pca_num32,0.364,2026-01-29 14:48:39,
german,mmbert,gemini25pro,amd_opt_sym,pca_num32,0.361,2026-01-29 14:48:39,
german,en,gemini25pro,prt,random_num32,0.832,2026-01-29 14:48:45,
german,en,gemini25pro,apd,random_num32,0.728,2026-01-29 14:48:45,
german,en,gemini25pro,amd,random_num32,0.7,2026-01-29 14:48:45,
german,en,gemini25pro,amd_sym,random_num32,0.853,2026-01-29 14:48:45,
german,en,gemini25pro,amd_opt_sym,random_num32,0.866,2026-01-29 14:48:45,
german,en,gemini25pro,prt,pca_num32,0.022,2026-01-29 14:48:45,
german,en,gemini25pro,apd,pca_num32,0.706,2026-01-29 14:48:45,
german,en,gemini25pro,amd,pca_num32,0.702,2026-01-29 14:48:45,
german,en,gemini25pro,amd_sym,pca_num32,0.876,2026-01-29 14:48:45,
german,en,gemini25pro,amd_opt_sym,pca_num32,0.869,2026-01-29 14:48:45,
german,german_GBERT,gemini25pro,prt,random_num32,0.415,2026-01-29 14:48:49,
german,german_GBERT,gemini25pro,apd,random_num32,0.176,2026-01-29 14:48:49,
german,german_GBERT,gemini25pro,amd,random_num32,0.38,2026-01-29 14:48:49,
german,german_GBERT,gemini25pro,amd_sym,random_num32,0.371,2026-01-29 14:48:49,
german,german_GBERT,gemini25pro,amd_opt_sym,random_num32,0.385,2026-01-29 14:48:49,
german,german_GBERT,gemini25pro,prt,pca_num32,0.022,2026-01-29 14:48:49,
german,german_GBERT,gemini25pro,apd,pca_num32,0.613,2026-01-29 14:48:49,
german,german_GBERT,gemini25pro,amd,pca_num32,0.299,2026-01-29 14:48:49,
german,german_GBERT,gemini25pro,amd_sym,pca_num32,0.416,2026-01-29 14:48:49,
german,german_GBERT,gemini25pro,amd_opt_sym,pca_num32,0.411,2026-01-29 14:48:49,
swedish,xll,gemini25pro,prt,random_num32,0.595,2026-01-29 14:48:57,
swedish,xll,gemini25pro,apd,random_num32,0.569,2026-01-29 14:48:57,
swedish,xll,gemini25pro,amd,random_num32,0.736,2026-01-29 14:48:57,
swedish,xll,gemini25pro,amd_sym,random_num32,0.768,2026-01-29 14:48:57,
swedish,xll,gemini25pro,amd_opt_sym,random_num32,0.774,2026-01-29 14:48:57,
swedish,xll,gemini25pro,prt,pca_num32,-0.302,2026-01-29 14:48:57,
swedish,xll,gemini25pro,apd,pca_num32,0.099,2026-01-29 14:48:57,
swedish,xll,gemini25pro,amd,pca_num32,0.728,2026-01-29 14:48:57,
swedish,xll,gemini25pro,amd_sym,pca_num32,0.761,2026-01-29 14:48:57,
swedish,xll,gemini25pro,amd_opt_sym,pca_num32,0.766,2026-01-29 14:48:57,
swedish,xlmr,gemini25pro,prt,random_num32,0.043,2026-01-29 14:49:03,
swedish,xlmr,gemini25pro,apd,random_num32,0.026,2026-01-29 14:49:03,
swedish,xlmr,gemini25pro,amd,random_num32,0.527,2026-01-29 14:49:03,
swedish,xlmr,gemini25pro,amd_sym,random_num32,0.306,2026-01-29 14:49:03,
swedish,xlmr,gemini25pro,amd_opt_sym,random_num32,0.346,2026-01-29 14:49:03,
swedish,xlmr,gemini25pro,prt,pca_num32,0.351,2026-01-29 14:49:03,
swedish,xlmr,gemini25pro,apd,pca_num32,-0.121,2026-01-29 14:49:03,
swedish,xlmr,gemini25pro,amd,pca_num32,0.218,2026-01-29 14:49:03,
swedish,xlmr,gemini25pro,amd_sym,pca_num32,0.197,2026-01-29 14:49:03,
swedish,xlmr,gemini25pro,amd_opt_sym,pca_num32,0.225,2026-01-29 14:49:03,
swedish,rembert,gemini25pro,prt,random_num32,-0.087,2026-01-29 14:49:11,
swedish,rembert,gemini25pro,apd,random_num32,-0.012,2026-01-29 14:49:11,
swedish,rembert,gemini25pro,amd,random_num32,0.525,2026-01-29 14:49:11,
swedish,rembert,gemini25pro,amd_sym,random_num32,0.337,2026-01-29 14:49:11,
swedish,rembert,gemini25pro,amd_opt_sym,random_num32,0.349,2026-01-29 14:49:11,
swedish,rembert,gemini25pro,prt,pca_num32,-0.15,2026-01-29 14:49:11,
swedish,rembert,gemini25pro,apd,pca_num32,0.034,2026-01-29 14:49:11,
swedish,rembert,gemini25pro,amd,pca_num32,0.253,2026-01-29 14:49:11,
swedish,rembert,gemini25pro,amd_sym,pca_num32,0.249,2026-01-29 14:49:11,
swedish,rembert,gemini25pro,amd_opt_sym,pca_num32,0.238,2026-01-29 14:49:11,
swedish,multilingual-e5,gemini25pro,prt,random_num32,0.157,2026-01-29 14:49:18,
swedish,multilingual-e5,gemini25pro,apd,random_num32,0.01,2026-01-29 14:49:18,
swedish,multilingual-e5,gemini25pro,amd,random_num32,0.307,2026-01-29 14:49:18,
swedish,multilingual-e5,gemini25pro,amd_sym,random_num32,0.386,2026-01-29 14:49:18,
swedish,multilingual-e5,gemini25pro,amd_opt_sym,random_num32,0.382,2026-01-29 14:49:18,
swedish,multilingual-e5,gemini25pro,prt,pca_num32,0.293,2026-01-29 14:49:18,
swedish,multilingual-e5,gemini25pro,apd,pca_num32,0.003,2026-01-29 14:49:18,
swedish,multilingual-e5,gemini25pro,amd,pca_num32,0.19,2026-01-29 14:49:18,
swedish,multilingual-e5,gemini25pro,amd_sym,pca_num32,0.218,2026-01-29 14:49:18,
swedish,multilingual-e5,gemini25pro,amd_opt_sym,pca_num32,0.195,2026-01-29 14:49:18,
swedish,mmbert,gemini25pro,prt,random_num32,-0.074,2026-01-29 14:49:26,
swedish,mmbert,gemini25pro,apd,random_num32,0.004,2026-01-29 14:49:26,
swedish,mmbert,gemini25pro,amd,random_num32,0.062,2026-01-29 14:49:26,
swedish,mmbert,gemini25pro,amd_sym,random_num32,-0.175,2026-01-29 14:49:26,
swedish,mmbert,gemini25pro,amd_opt_sym,random_num32,-0.07,2026-01-29 14:49:26,
swedish,mmbert,gemini25pro,prt,pca_num32,0.019,2026-01-29 14:49:26,
swedish,mmbert,gemini25pro,apd,pca_num32,-0.093,2026-01-29 14:49:26,
swedish,mmbert,gemini25pro,amd,pca_num32,0.356,2026-01-29 14:49:26,
swedish,mmbert,gemini25pro,amd_sym,pca_num32,0.361,2026-01-29 14:49:26,
swedish,mmbert,gemini25pro,amd_opt_sym,pca_num32,0.318,2026-01-29 14:49:26,
swedish,en,gemini25pro,prt,random_num32,0.455,2026-01-29 14:49:33,
swedish,en,gemini25pro,apd,random_num32,0.77,2026-01-29 14:49:33,
swedish,en,gemini25pro,amd,random_num32,0.647,2026-01-29 14:49:33,
swedish,en,gemini25pro,amd_sym,random_num32,0.689,2026-01-29 14:49:33,
swedish,en,gemini25pro,amd_opt_sym,random_num32,0.708,2026-01-29 14:49:33,
swedish,en,gemini25pro,prt,pca_num32,-0.299,2026-01-29 14:49:33,
swedish,en,gemini25pro,apd,pca_num32,-0.03,2026-01-29 14:49:33,
swedish,en,gemini25pro,amd,pca_num32,0.59,2026-01-29 14:49:33,
swedish,en,gemini25pro,amd_sym,pca_num32,0.734,2026-01-29 14:49:33,
swedish,en,gemini25pro,amd_opt_sym,pca_num32,0.752,2026-01-29 14:49:33,
swedish,swedish_MegatronBERT,gemini25pro,prt,random_num32,-0.176,2026-01-29 14:49:41,
swedish,swedish_MegatronBERT,gemini25pro,apd,random_num32,0.149,2026-01-29 14:49:41,
swedish,swedish_MegatronBERT,gemini25pro,amd,random_num32,0.099,2026-01-29 14:49:41,
swedish,swedish_MegatronBERT,gemini25pro,amd_sym,random_num32,-0.148,2026-01-29 14:49:41,
swedish,swedish_MegatronBERT,gemini25pro,amd_opt_sym,random_num32,-0.105,2026-01-29 14:49:41,
swedish,swedish_MegatronBERT,gemini25pro,prt,pca_num32,0.322,2026-01-29 14:49:41,
swedish,swedish_MegatronBERT,gemini25pro,apd,pca_num32,0.148,2026-01-29 14:49:41,
swedish,swedish_MegatronBERT,gemini25pro,amd,pca_num32,0.172,2026-01-29 14:49:41,
swedish,swedish_MegatronBERT,gemini25pro,amd_sym,pca_num32,0.109,2026-01-29 14:49:41,
swedish,swedish_MegatronBERT,gemini25pro,amd_opt_sym,pca_num32,0.099,2026-01-29 14:49:41,
latin,xll,gemini25pro,prt,random_num32,0.395,2026-01-29 14:49:51,
latin,xll,gemini25pro,apd,random_num32,-0.042,2026-01-29 14:49:51,
latin,xll,gemini25pro,amd,random_num32,0.045,2026-01-29 14:49:51,
latin,xll,gemini25pro,amd_sym,random_num32,0.237,2026-01-29 14:49:51,
latin,xll,gemini25pro,amd_opt_sym,random_num32,0.242,2026-01-29 14:49:51,
latin,xll,gemini25pro,prt,pca_num32,0.079,2026-01-29 14:49:51,
latin,xll,gemini25pro,apd,pca_num32,0.479,2026-01-29 14:49:51,
latin,xll,gemini25pro,amd,pca_num32,0.071,2026-01-29 14:49:51,
latin,xll,gemini25pro,amd_sym,pca_num32,0.261,2026-01-29 14:49:51,
latin,xll,gemini25pro,amd_opt_sym,pca_num32,0.252,2026-01-29 14:49:51,
latin,xlmr,gemini25pro,prt,random_num32,0.403,2026-01-29 14:50:00,
latin,xlmr,gemini25pro,apd,random_num32,0.215,2026-01-29 14:50:00,
latin,xlmr,gemini25pro,amd,random_num32,0.15,2026-01-29 14:50:00,
latin,xlmr,gemini25pro,amd_sym,random_num32,0.24,2026-01-29 14:50:00,
latin,xlmr,gemini25pro,amd_opt_sym,random_num32,0.22,2026-01-29 14:50:00,
latin,xlmr,gemini25pro,prt,pca_num32,0.098,2026-01-29 14:50:00,
latin,xlmr,gemini25pro,apd,pca_num32,0.505,2026-01-29 14:50:00,
latin,xlmr,gemini25pro,amd,pca_num32,0.22,2026-01-29 14:50:00,
latin,xlmr,gemini25pro,amd_sym,pca_num32,0.224,2026-01-29 14:50:00,
latin,xlmr,gemini25pro,amd_opt_sym,pca_num32,0.281,2026-01-29 14:50:00,
latin,rembert,gemini25pro,prt,random_num32,0.437,2026-01-29 14:50:10,
latin,rembert,gemini25pro,apd,random_num32,-0.174,2026-01-29 14:50:10,
latin,rembert,gemini25pro,amd,random_num32,0.112,2026-01-29 14:50:10,
latin,rembert,gemini25pro,amd_sym,random_num32,0.246,2026-01-29 14:50:10,
latin,rembert,gemini25pro,amd_opt_sym,random_num32,0.252,2026-01-29 14:50:10,
latin,rembert,gemini25pro,prt,pca_num32,0.239,2026-01-29 14:50:10,
latin,rembert,gemini25pro,apd,pca_num32,0.519,2026-01-29 14:50:10,
latin,rembert,gemini25pro,amd,pca_num32,0.191,2026-01-29 14:50:10,
latin,rembert,gemini25pro,amd_sym,pca_num32,0.286,2026-01-29 14:50:10,
latin,rembert,gemini25pro,amd_opt_sym,pca_num32,0.285,2026-01-29 14:50:10,
latin,multilingual-e5,gemini25pro,prt,random_num32,0.246,2026-01-29 14:50:21,
latin,multilingual-e5,gemini25pro,apd,random_num32,-0.179,2026-01-29 14:50:21,
latin,multilingual-e5,gemini25pro,amd,random_num32,0.14,2026-01-29 14:50:21,
latin,multilingual-e5,gemini25pro,amd_sym,random_num32,0.169,2026-01-29 14:50:21,
latin,multilingual-e5,gemini25pro,amd_opt_sym,random_num32,0.18,2026-01-29 14:50:21,
latin,multilingual-e5,gemini25pro,prt,pca_num32,0.289,2026-01-29 14:50:21,
latin,multilingual-e5,gemini25pro,apd,pca_num32,0.495,2026-01-29 14:50:21,
latin,multilingual-e5,gemini25pro,amd,pca_num32,0.211,2026-01-29 14:50:21,
latin,multilingual-e5,gemini25pro,amd_sym,pca_num32,0.273,2026-01-29 14:50:21,
latin,multilingual-e5,gemini25pro,amd_opt_sym,pca_num32,0.261,2026-01-29 14:50:21,
latin,mmbert,gemini25pro,prt,random_num32,0.192,2026-01-29 14:50:29,
latin,mmbert,gemini25pro,apd,random_num32,-0.085,2026-01-29 14:50:29,
latin,mmbert,gemini25pro,amd,random_num32,0.143,2026-01-29 14:50:29,
latin,mmbert,gemini25pro,amd_sym,random_num32,0.173,2026-01-29 14:50:29,
latin,mmbert,gemini25pro,amd_opt_sym,random_num32,0.176,2026-01-29 14:50:29,
latin,mmbert,gemini25pro,prt,pca_num32,-0.159,2026-01-29 14:50:29,
latin,mmbert,gemini25pro,apd,pca_num32,0.517,2026-01-29 14:50:29,
latin,mmbert,gemini25pro,amd,pca_num32,0.257,2026-01-29 14:50:29,
latin,mmbert,gemini25pro,amd_sym,pca_num32,0.243,2026-01-29 14:50:29,
latin,mmbert,gemini25pro,amd_opt_sym,pca_num32,0.252,2026-01-29 14:50:29,
latin,en,gemini25pro,prt,random_num32,0.434,2026-01-29 14:50:38,
latin,en,gemini25pro,apd,random_num32,0.114,2026-01-29 14:50:38,
latin,en,gemini25pro,amd,random_num32,0.178,2026-01-29 14:50:38,
latin,en,gemini25pro,amd_sym,random_num32,0.267,2026-01-29 14:50:38,
latin,en,gemini25pro,amd_opt_sym,random_num32,0.249,2026-01-29 14:50:38,
latin,en,gemini25pro,prt,pca_num32,0.093,2026-01-29 14:50:38,
latin,en,gemini25pro,apd,pca_num32,0.522,2026-01-29 14:50:38,
latin,en,gemini25pro,amd,pca_num32,0.143,2026-01-29 14:50:38,
latin,en,gemini25pro,amd_sym,pca_num32,0.285,2026-01-29 14:50:38,
latin,en,gemini25pro,amd_opt_sym,pca_num32,0.267,2026-01-29 14:50:38,
latin,latin_BammanBurns,gemini25pro,prt,random_num32,0.088,2026-01-29 14:50:46,
latin,latin_BammanBurns,gemini25pro,apd,random_num32,-0.127,2026-01-29 14:50:46,
latin,latin_BammanBurns,gemini25pro,amd,random_num32,0.066,2026-01-29 14:50:46,
latin,latin_BammanBurns,gemini25pro,amd_sym,random_num32,0.208,2026-01-29 14:50:46,
latin,latin_BammanBurns,gemini25pro,amd_opt_sym,random_num32,0.166,2026-01-29 14:50:46,
latin,latin_BammanBurns,gemini25pro,prt,pca_num32,0.317,2026-01-29 14:50:46,
latin,latin_BammanBurns,gemini25pro,apd,pca_num32,0.287,2026-01-29 14:50:46,
latin,latin_BammanBurns,gemini25pro,amd,pca_num32,0.193,2026-01-29 14:50:46,
latin,latin_BammanBurns,gemini25pro,amd_sym,pca_num32,0.223,2026-01-29 14:50:46,
latin,latin_BammanBurns,gemini25pro,amd_opt_sym,pca_num32,0.205,2026-01-29 14:50:46,
spanish,xll,gemini25pro,prt,random_num32,0.593,2026-01-29 14:50:48,
spanish,xll,gemini25pro,apd,random_num32,0.598,2026-01-29 14:50:48,
spanish,xll,gemini25pro,amd,random_num32,0.687,2026-01-29 14:50:48,
spanish,xll,gemini25pro,amd_sym,random_num32,0.684,2026-01-29 14:50:48,
spanish,xll,gemini25pro,amd_opt_sym,random_num32,0.69,2026-01-29 14:50:48,
spanish,xll,gemini25pro,prt,pca_num32,0.071,2026-01-29 14:50:48,
spanish,xll,gemini25pro,apd,pca_num32,0.375,2026-01-29 14:50:48,
spanish,xll,gemini25pro,amd,pca_num32,0.673,2026-01-29 14:50:48,
spanish,xll,gemini25pro,amd_sym,pca_num32,0.658,2026-01-29 14:50:48,
spanish,xll,gemini25pro,amd_opt_sym,pca_num32,0.664,2026-01-29 14:50:48,
spanish,xlmr,gemini25pro,prt,random_num32,0.122,2026-01-29 14:50:49,
spanish,xlmr,gemini25pro,apd,random_num32,0.06,2026-01-29 14:50:49,
spanish,xlmr,gemini25pro,amd,random_num32,0.248,2026-01-29 14:50:49,
spanish,xlmr,gemini25pro,amd_sym,random_num32,0.233,2026-01-29 14:50:49,
spanish,xlmr,gemini25pro,amd_opt_sym,random_num32,0.245,2026-01-29 14:50:49,
spanish,xlmr,gemini25pro,prt,pca_num32,0.017,2026-01-29 14:50:49,
spanish,xlmr,gemini25pro,apd,pca_num32,0.204,2026-01-29 14:50:49,
spanish,xlmr,gemini25pro,amd,pca_num32,0.291,2026-01-29 14:50:49,
spanish,xlmr,gemini25pro,amd_sym,pca_num32,0.248,2026-01-29 14:50:49,
spanish,xlmr,gemini25pro,amd_opt_sym,pca_num32,0.275,2026-01-29 14:50:49,
spanish,rembert,gemini25pro,prt,random_num32,-0.069,2026-01-29 14:50:51,
spanish,rembert,gemini25pro,apd,random_num32,-0.213,2026-01-29 14:50:51,
spanish,rembert,gemini25pro,amd,random_num32,0.371,2026-01-29 14:50:51,
spanish,rembert,gemini25pro,amd_sym,random_num32,0.351,2026-01-29 14:50:51,
spanish,rembert,gemini25pro,amd_opt_sym,random_num32,0.345,2026-01-29 14:50:51,
spanish,rembert,gemini25pro,prt,pca_num32,0.032,2026-01-29 14:50:51,
spanish,rembert,gemini25pro,apd,pca_num32,0.219,2026-01-29 14:50:51,
spanish,rembert,gemini25pro,amd,pca_num32,0.313,2026-01-29 14:50:51,
spanish,rembert,gemini25pro,amd_sym,pca_num32,0.315,2026-01-29 14:50:51,
spanish,rembert,gemini25pro,amd_opt_sym,pca_num32,0.335,2026-01-29 14:50:51,
spanish,multilingual-e5,gemini25pro,prt,random_num32,0.18,2026-01-29 14:50:52,
spanish,multilingual-e5,gemini25pro,apd,random_num32,-0.058,2026-01-29 14:50:52,
spanish,multilingual-e5,gemini25pro,amd,random_num32,0.045,2026-01-29 14:50:52,
spanish,multilingual-e5,gemini25pro,amd_sym,random_num32,0.128,2026-01-29 14:50:52,
spanish,multilingual-e5,gemini25pro,amd_opt_sym,random_num32,0.118,2026-01-29 14:50:52,
spanish,multilingual-e5,gemini25pro,prt,pca_num32,0.034,2026-01-29 14:50:52,
spanish,multilingual-e5,gemini25pro,apd,pca_num32,0.353,2026-01-29 14:50:52,
spanish,multilingual-e5,gemini25pro,amd,pca_num32,0.309,2026-01-29 14:50:52,
spanish,multilingual-e5,gemini25pro,amd_sym,pca_num32,0.318,2026-01-29 14:50:52,
spanish,multilingual-e5,gemini25pro,amd_opt_sym,pca_num32,0.313,2026-01-29 14:50:52,
spanish,mmbert,gemini25pro,prt,random_num32,0.23,2026-01-29 14:50:54,
spanish,mmbert,gemini25pro,apd,random_num32,0.215,2026-01-29 14:50:54,
spanish,mmbert,gemini25pro,amd,random_num32,0.233,2026-01-29 14:50:54,
spanish,mmbert,gemini25pro,amd_sym,random_num32,0.183,2026-01-29 14:50:54,
spanish,mmbert,gemini25pro,amd_opt_sym,random_num32,0.202,2026-01-29 14:50:54,
spanish,mmbert,gemini25pro,prt,pca_num32,-0.002,2026-01-29 14:50:54,
spanish,mmbert,gemini25pro,apd,pca_num32,0.212,2026-01-29 14:50:54,
spanish,mmbert,gemini25pro,amd,pca_num32,0.432,2026-01-29 14:50:54,
spanish,mmbert,gemini25pro,amd_sym,pca_num32,0.299,2026-01-29 14:50:54,
spanish,mmbert,gemini25pro,amd_opt_sym,pca_num32,0.35,2026-01-29 14:50:54,
spanish,en,gemini25pro,prt,random_num32,0.545,2026-01-29 14:50:56,
spanish,en,gemini25pro,apd,random_num32,0.552,2026-01-29 14:50:56,
spanish,en,gemini25pro,amd,random_num32,0.584,2026-01-29 14:50:56,
spanish,en,gemini25pro,amd_sym,random_num32,0.586,2026-01-29 14:50:56,
spanish,en,gemini25pro,amd_opt_sym,random_num32,0.597,2026-01-29 14:50:56,
spanish,en,gemini25pro,prt,pca_num32,-0.137,2026-01-29 14:50:56,
spanish,en,gemini25pro,apd,pca_num32,0.316,2026-01-29 14:50:56,
spanish,en,gemini25pro,amd,pca_num32,0.665,2026-01-29 14:50:56,
spanish,en,gemini25pro,amd_sym,pca_num32,0.671,2026-01-29 14:50:56,
spanish,en,gemini25pro,amd_opt_sym,pca_num32,0.678,2026-01-29 14:50:56,
spanish,spanish_BERT_WWM,gemini25pro,prt,random_num32,0.235,2026-01-29 14:50:57,
spanish,spanish_BERT_WWM,gemini25pro,apd,random_num32,0.145,2026-01-29 14:50:57,
spanish,spanish_BERT_WWM,gemini25pro,amd,random_num32,0.368,2026-01-29 14:50:57,
spanish,spanish_BERT_WWM,gemini25pro,amd_sym,random_num32,0.388,2026-01-29 14:50:57,
spanish,spanish_BERT_WWM,gemini25pro,amd_opt_sym,random_num32,0.381,2026-01-29 14:50:57,
spanish,spanish_BERT_WWM,gemini25pro,prt,pca_num32,0.075,2026-01-29 14:50:57,
spanish,spanish_BERT_WWM,gemini25pro,apd,pca_num32,0.289,2026-01-29 14:50:57,
spanish,spanish_BERT_WWM,gemini25pro,amd,pca_num32,0.409,2026-01-29 14:50:57,
spanish,spanish_BERT_WWM,gemini25pro,amd_sym,pca_num32,0.371,2026-01-29 14:50:57,
spanish,spanish_BERT_WWM,gemini25pro,amd_opt_sym,pca_num32,0.379,2026-01-29 14:50:57,
chinese,xll,gemini25pro,prt,random_num32,0.549,2026-01-29 14:50:58,
chinese,xll,gemini25pro,apd,random_num32,0.73,2026-01-29 14:50:58,
chinese,xll,gemini25pro,amd,random_num32,0.732,2026-01-29 14:50:58,
chinese,xll,gemini25pro,amd_sym,random_num32,0.712,2026-01-29 14:50:58,
chinese,xll,gemini25pro,amd_opt_sym,random_num32,0.724,2026-01-29 14:50:58,
chinese,xll,gemini25pro,prt,pca_num32,0.045,2026-01-29 14:50:58,
chinese,xll,gemini25pro,apd,pca_num32,0.415,2026-01-29 14:50:58,
chinese,xll,gemini25pro,amd,pca_num32,0.716,2026-01-29 14:50:58,
chinese,xll,gemini25pro,amd_sym,pca_num32,0.754,2026-01-29 14:50:58,
chinese,xll,gemini25pro,amd_opt_sym,pca_num32,0.758,2026-01-29 14:50:58,
chinese,xlmr,gemini25pro,prt,random_num32,0.159,2026-01-29 14:50:59,
chinese,xlmr,gemini25pro,apd,random_num32,0.15,2026-01-29 14:50:59,
chinese,xlmr,gemini25pro,amd,random_num32,0.413,2026-01-29 14:50:59,
chinese,xlmr,gemini25pro,amd_sym,random_num32,0.352,2026-01-29 14:50:59,
chinese,xlmr,gemini25pro,amd_opt_sym,random_num32,0.371,2026-01-29 14:50:59,
chinese,xlmr,gemini25pro,prt,pca_num32,0.276,2026-01-29 14:50:59,
chinese,xlmr,gemini25pro,apd,pca_num32,0.224,2026-01-29 14:50:59,
chinese,xlmr,gemini25pro,amd,pca_num32,0.428,2026-01-29 14:50:59,
chinese,xlmr,gemini25pro,amd_sym,pca_num32,0.375,2026-01-29 14:50:59,
chinese,xlmr,gemini25pro,amd_opt_sym,pca_num32,0.34,2026-01-29 14:50:59,
chinese,rembert,gemini25pro,prt,random_num32,0.186,2026-01-29 14:51:00,
chinese,rembert,gemini25pro,apd,random_num32,0.072,2026-01-29 14:51:00,
chinese,rembert,gemini25pro,amd,random_num32,0.138,2026-01-29 14:51:00,
chinese,rembert,gemini25pro,amd_sym,random_num32,0.064,2026-01-29 14:51:00,
chinese,rembert,gemini25pro,amd_opt_sym,random_num32,0.096,2026-01-29 14:51:00,
chinese,rembert,gemini25pro,prt,pca_num32,0.055,2026-01-29 14:51:00,
chinese,rembert,gemini25pro,apd,pca_num32,0.215,2026-01-29 14:51:00,
chinese,rembert,gemini25pro,amd,pca_num32,0.34,2026-01-29 14:51:00,
chinese,rembert,gemini25pro,amd_sym,pca_num32,0.26,2026-01-29 14:51:00,
chinese,rembert,gemini25pro,amd_opt_sym,pca_num32,0.269,2026-01-29 14:51:00,
chinese,multilingual-e5,gemini25pro,prt,random_num32,0.146,2026-01-29 14:51:01,
chinese,multilingual-e5,gemini25pro,apd,random_num32,0.07,2026-01-29 14:51:01,
chinese,multilingual-e5,gemini25pro,amd,random_num32,0.248,2026-01-29 14:51:01,
chinese,multilingual-e5,gemini25pro,amd_sym,random_num32,0.214,2026-01-29 14:51:01,
chinese,multilingual-e5,gemini25pro,amd_opt_sym,random_num32,0.2,2026-01-29 14:51:01,
chinese,multilingual-e5,gemini25pro,prt,pca_num32,-0.05,2026-01-29 14:51:01,
chinese,multilingual-e5,gemini25pro,apd,pca_num32,0.186,2026-01-29 14:51:01,
chinese,multilingual-e5,gemini25pro,amd,pca_num32,0.21,2026-01-29 14:51:01,
chinese,multilingual-e5,gemini25pro,amd_sym,pca_num32,0.238,2026-01-29 14:51:01,
chinese,multilingual-e5,gemini25pro,amd_opt_sym,pca_num32,0.258,2026-01-29 14:51:01,
chinese,mmbert,gemini25pro,prt,random_num32,0.214,2026-01-29 14:51:01,
chinese,mmbert,gemini25pro,apd,random_num32,0.209,2026-01-29 14:51:01,
chinese,mmbert,gemini25pro,amd,random_num32,0.269,2026-01-29 14:51:01,
chinese,mmbert,gemini25pro,amd_sym,random_num32,0.277,2026-01-29 14:51:01,
chinese,mmbert,gemini25pro,amd_opt_sym,random_num32,0.285,2026-01-29 14:51:01,
chinese,mmbert,gemini25pro,prt,pca_num32,-0.257,2026-01-29 14:51:01,
chinese,mmbert,gemini25pro,apd,pca_num32,0.291,2026-01-29 14:51:01,
chinese,mmbert,gemini25pro,amd,pca_num32,0.459,2026-01-29 14:51:01,
chinese,mmbert,gemini25pro,amd_sym,pca_num32,0.295,2026-01-29 14:51:01,
chinese,mmbert,gemini25pro,amd_opt_sym,pca_num32,0.333,2026-01-29 14:51:01,
chinese,en,gemini25pro,prt,random_num32,0.591,2026-01-29 14:51:02,
chinese,en,gemini25pro,apd,random_num32,0.585,2026-01-29 14:51:02,
chinese,en,gemini25pro,amd,random_num32,0.568,2026-01-29 14:51:02,
chinese,en,gemini25pro,amd_sym,random_num32,0.604,2026-01-29 14:51:02,
chinese,en,gemini25pro,amd_opt_sym,random_num32,0.637,2026-01-29 14:51:02,
chinese,en,gemini25pro,prt,pca_num32,-0.097,2026-01-29 14:51:02,
chinese,en,gemini25pro,apd,pca_num32,0.316,2026-01-29 14:51:02,
chinese,en,gemini25pro,amd,pca_num32,0.644,2026-01-29 14:51:02,
chinese,en,gemini25pro,amd_sym,pca_num32,0.703,2026-01-29 14:51:02,
chinese,en,gemini25pro,amd_opt_sym,pca_num32,0.713,2026-01-29 14:51:02,
chinese,chinese_RoBERTa_WWM,gemini25pro,prt,random_num32,0.181,2026-01-29 14:51:03,
chinese,chinese_RoBERTa_WWM,gemini25pro,apd,random_num32,0.167,2026-01-29 14:51:03,
chinese,chinese_RoBERTa_WWM,gemini25pro,amd,random_num32,0.6,2026-01-29 14:51:03,
chinese,chinese_RoBERTa_WWM,gemini25pro,amd_sym,random_num32,0.64,2026-01-29 14:51:03,
chinese,chinese_RoBERTa_WWM,gemini25pro,amd_opt_sym,random_num32,0.593,2026-01-29 14:51:03,
chinese,chinese_RoBERTa_WWM,gemini25pro,prt,pca_num32,-0.027,2026-01-29 14:51:03,
chinese,chinese_RoBERTa_WWM,gemini25pro,apd,pca_num32,0.266,2026-01-29 14:51:03,
chinese,chinese_RoBERTa_WWM,gemini25pro,amd,pca_num32,0.604,2026-01-29 14:51:03,
chinese,chinese_RoBERTa_WWM,gemini25pro,amd_sym,pca_num32,0.572,2026-01-29 14:51:03,
chinese,chinese_RoBERTa_WWM,gemini25pro,amd_opt_sym,pca_num32,0.549,2026-01-29 14:51:03,
norwegian_1,xll,gemini25pro,prt,random_num32,0.639,2026-01-29 14:51:04,
norwegian_1,xll,gemini25pro,apd,random_num32,0.553,2026-01-29 14:51:04,
norwegian_1,xll,gemini25pro,amd,random_num32,0.762,2026-01-29 14:51:04,
norwegian_1,xll,gemini25pro,amd_sym,random_num32,0.699,2026-01-29 14:51:04,
norwegian_1,xll,gemini25pro,amd_opt_sym,random_num32,0.698,2026-01-29 14:51:04,
norwegian_1,xll,gemini25pro,prt,pca_num32,-0.076,2026-01-29 14:51:04,
norwegian_1,xll,gemini25pro,apd,pca_num32,0.556,2026-01-29 14:51:04,
norwegian_1,xll,gemini25pro,amd,pca_num32,0.698,2026-01-29 14:51:04,
norwegian_1,xll,gemini25pro,amd_sym,pca_num32,0.704,2026-01-29 14:51:04,
norwegian_1,xll,gemini25pro,amd_opt_sym,pca_num32,0.721,2026-01-29 14:51:04,
norwegian_1,xlmr,gemini25pro,prt,random_num32,0.277,2026-01-29 14:51:04,
norwegian_1,xlmr,gemini25pro,apd,random_num32,0.151,2026-01-29 14:51:04,
norwegian_1,xlmr,gemini25pro,amd,random_num32,0.37,2026-01-29 14:51:04,
norwegian_1,xlmr,gemini25pro,amd_sym,random_num32,0.42,2026-01-29 14:51:04,
norwegian_1,xlmr,gemini25pro,amd_opt_sym,random_num32,0.442,2026-01-29 14:51:04,
norwegian_1,xlmr,gemini25pro,prt,pca_num32,0.402,2026-01-29 14:51:04,
norwegian_1,xlmr,gemini25pro,apd,pca_num32,0.479,2026-01-29 14:51:04,
norwegian_1,xlmr,gemini25pro,amd,pca_num32,0.662,2026-01-29 14:51:04,
norwegian_1,xlmr,gemini25pro,amd_sym,pca_num32,0.576,2026-01-29 14:51:04,
norwegian_1,xlmr,gemini25pro,amd_opt_sym,pca_num32,0.598,2026-01-29 14:51:04,
norwegian_1,rembert,gemini25pro,prt,random_num32,0.203,2026-01-29 14:51:05,
norwegian_1,rembert,gemini25pro,apd,random_num32,0.093,2026-01-29 14:51:05,
norwegian_1,rembert,gemini25pro,amd,random_num32,0.505,2026-01-29 14:51:05,
norwegian_1,rembert,gemini25pro,amd_sym,random_num32,0.593,2026-01-29 14:51:05,
norwegian_1,rembert,gemini25pro,amd_opt_sym,random_num32,0.584,2026-01-29 14:51:05,
norwegian_1,rembert,gemini25pro,prt,pca_num32,-0.106,2026-01-29 14:51:05,
norwegian_1,rembert,gemini25pro,apd,pca_num32,0.472,2026-01-29 14:51:05,
norwegian_1,rembert,gemini25pro,amd,pca_num32,0.526,2026-01-29 14:51:05,
norwegian_1,rembert,gemini25pro,amd_sym,pca_num32,0.632,2026-01-29 14:51:05,
norwegian_1,rembert,gemini25pro,amd_opt_sym,pca_num32,0.612,2026-01-29 14:51:05,
norwegian_1,multilingual-e5,gemini25pro,prt,random_num32,0.302,2026-01-29 14:51:06,
norwegian_1,multilingual-e5,gemini25pro,apd,random_num32,0.002,2026-01-29 14:51:06,
norwegian_1,multilingual-e5,gemini25pro,amd,random_num32,0.313,2026-01-29 14:51:06,
norwegian_1,multilingual-e5,gemini25pro,amd_sym,random_num32,0.286,2026-01-29 14:51:06,
norwegian_1,multilingual-e5,gemini25pro,amd_opt_sym,random_num32,0.323,2026-01-29 14:51:06,
norwegian_1,multilingual-e5,gemini25pro,prt,pca_num32,-0.174,2026-01-29 14:51:06,
norwegian_1,multilingual-e5,gemini25pro,apd,pca_num32,0.416,2026-01-29 14:51:06,
norwegian_1,multilingual-e5,gemini25pro,amd,pca_num32,0.456,2026-01-29 14:51:06,
norwegian_1,multilingual-e5,gemini25pro,amd_sym,pca_num32,0.548,2026-01-29 14:51:06,
norwegian_1,multilingual-e5,gemini25pro,amd_opt_sym,pca_num32,0.557,2026-01-29 14:51:06,
norwegian_1,mmbert,gemini25pro,prt,random_num32,0.436,2026-01-29 14:51:07,
norwegian_1,mmbert,gemini25pro,apd,random_num32,0.169,2026-01-29 14:51:07,
norwegian_1,mmbert,gemini25pro,amd,random_num32,0.608,2026-01-29 14:51:07,
norwegian_1,mmbert,gemini25pro,amd_sym,random_num32,0.629,2026-01-29 14:51:07,
norwegian_1,mmbert,gemini25pro,amd_opt_sym,random_num32,0.612,2026-01-29 14:51:07,
norwegian_1,mmbert,gemini25pro,prt,pca_num32,0.016,2026-01-29 14:51:07,
norwegian_1,mmbert,gemini25pro,apd,pca_num32,0.437,2026-01-29 14:51:07,
norwegian_1,mmbert,gemini25pro,amd,pca_num32,0.606,2026-01-29 14:51:07,
norwegian_1,mmbert,gemini25pro,amd_sym,pca_num32,0.648,2026-01-29 14:51:07,
norwegian_1,mmbert,gemini25pro,amd_opt_sym,pca_num32,0.662,2026-01-29 14:51:07,
norwegian_1,en,gemini25pro,prt,random_num32,0.876,2026-01-29 14:51:07,
norwegian_1,en,gemini25pro,apd,random_num32,0.809,2026-01-29 14:51:07,
norwegian_1,en,gemini25pro,amd,random_num32,0.765,2026-01-29 14:51:07,
norwegian_1,en,gemini25pro,amd_sym,random_num32,0.813,2026-01-29 14:51:07,
norwegian_1,en,gemini25pro,amd_opt_sym,random_num32,0.822,2026-01-29 14:51:07,
norwegian_1,en,gemini25pro,prt,pca_num32,0.058,2026-01-29 14:51:07,
norwegian_1,en,gemini25pro,apd,pca_num32,0.553,2026-01-29 14:51:07,
norwegian_1,en,gemini25pro,amd,pca_num32,0.805,2026-01-29 14:51:07,
norwegian_1,en,gemini25pro,amd_sym,pca_num32,0.833,2026-01-29 14:51:07,
norwegian_1,en,gemini25pro,amd_opt_sym,pca_num32,0.824,2026-01-29 14:51:07,
norwegian_1,norwegian_NB-BERT,gemini25pro,prt,random_num32,0.292,2026-01-29 14:51:08,
norwegian_1,norwegian_NB-BERT,gemini25pro,apd,random_num32,0.243,2026-01-29 14:51:08,
norwegian_1,norwegian_NB-BERT,gemini25pro,amd,random_num32,0.535,2026-01-29 14:51:08,
norwegian_1,norwegian_NB-BERT,gemini25pro,amd_sym,random_num32,0.544,2026-01-29 14:51:08,
norwegian_1,norwegian_NB-BERT,gemini25pro,amd_opt_sym,random_num32,0.592,2026-01-29 14:51:08,
norwegian_1,norwegian_NB-BERT,gemini25pro,prt,pca_num32,-0.249,2026-01-29 14:51:08,
norwegian_1,norwegian_NB-BERT,gemini25pro,apd,pca_num32,0.341,2026-01-29 14:51:08,
norwegian_1,norwegian_NB-BERT,gemini25pro,amd,pca_num32,0.545,2026-01-29 14:51:08,
norwegian_1,norwegian_NB-BERT,gemini25pro,amd_sym,pca_num32,0.628,2026-01-29 14:51:08,
norwegian_1,norwegian_NB-BERT,gemini25pro,amd_opt_sym,pca_num32,0.633,2026-01-29 14:51:08,
norwegian_2,xll,gemini25pro,prt,random_num32,0.584,2026-01-29 14:51:08,
norwegian_2,xll,gemini25pro,apd,random_num32,0.614,2026-01-29 14:51:08,
norwegian_2,xll,gemini25pro,amd,random_num32,0.614,2026-01-29 14:51:08,
norwegian_2,xll,gemini25pro,amd_sym,random_num32,0.607,2026-01-29 14:51:08,
norwegian_2,xll,gemini25pro,amd_opt_sym,random_num32,0.619,2026-01-29 14:51:08,
norwegian_2,xll,gemini25pro,prt,pca_num32,-0.036,2026-01-29 14:51:08,
norwegian_2,xll,gemini25pro,apd,pca_num32,0.292,2026-01-29 14:51:08,
norwegian_2,xll,gemini25pro,amd,pca_num32,0.575,2026-01-29 14:51:08,
norwegian_2,xll,gemini25pro,amd_sym,pca_num32,0.579,2026-01-29 14:51:08,
norwegian_2,xll,gemini25pro,amd_opt_sym,pca_num32,0.596,2026-01-29 14:51:08,
norwegian_2,xlmr,gemini25pro,prt,random_num32,0.203,2026-01-29 14:51:09,
norwegian_2,xlmr,gemini25pro,apd,random_num32,0.23,2026-01-29 14:51:09,
norwegian_2,xlmr,gemini25pro,amd,random_num32,0.288,2026-01-29 14:51:09,
norwegian_2,xlmr,gemini25pro,amd_sym,random_num32,0.184,2026-01-29 14:51:09,
norwegian_2,xlmr,gemini25pro,amd_opt_sym,random_num32,0.233,2026-01-29 14:51:09,
norwegian_2,xlmr,gemini25pro,prt,pca_num32,-0.101,2026-01-29 14:51:09,
norwegian_2,xlmr,gemini25pro,apd,pca_num32,0.093,2026-01-29 14:51:09,
norwegian_2,xlmr,gemini25pro,amd,pca_num32,0.355,2026-01-29 14:51:09,
norwegian_2,xlmr,gemini25pro,amd_sym,pca_num32,0.312,2026-01-29 14:51:09,
norwegian_2,xlmr,gemini25pro,amd_opt_sym,pca_num32,0.306,2026-01-29 14:51:09,
norwegian_2,rembert,gemini25pro,prt,random_num32,0.349,2026-01-29 14:51:09,
norwegian_2,rembert,gemini25pro,apd,random_num32,0.287,2026-01-29 14:51:09,
norwegian_2,rembert,gemini25pro,amd,random_num32,0.072,2026-01-29 14:51:09,
norwegian_2,rembert,gemini25pro,amd_sym,random_num32,0.178,2026-01-29 14:51:09,
norwegian_2,rembert,gemini25pro,amd_opt_sym,random_num32,0.155,2026-01-29 14:51:09,
norwegian_2,rembert,gemini25pro,prt,pca_num32,-0.102,2026-01-29 14:51:09,
norwegian_2,rembert,gemini25pro,apd,pca_num32,0.286,2026-01-29 14:51:09,
norwegian_2,rembert,gemini25pro,amd,pca_num32,0.385,2026-01-29 14:51:09,
norwegian_2,rembert,gemini25pro,amd_sym,pca_num32,0.376,2026-01-29 14:51:09,
norwegian_2,rembert,gemini25pro,amd_opt_sym,pca_num32,0.412,2026-01-29 14:51:09,
norwegian_2,multilingual-e5,gemini25pro,prt,random_num32,0.086,2026-01-29 14:51:10,
norwegian_2,multilingual-e5,gemini25pro,apd,random_num32,0.083,2026-01-29 14:51:10,
norwegian_2,multilingual-e5,gemini25pro,amd,random_num32,0.223,2026-01-29 14:51:10,
norwegian_2,multilingual-e5,gemini25pro,amd_sym,random_num32,0.214,2026-01-29 14:51:10,
norwegian_2,multilingual-e5,gemini25pro,amd_opt_sym,random_num32,0.245,2026-01-29 14:51:10,
norwegian_2,multilingual-e5,gemini25pro,prt,pca_num32,-0.169,2026-01-29 14:51:10,
norwegian_2,multilingual-e5,gemini25pro,apd,pca_num32,0.174,2026-01-29 14:51:10,
norwegian_2,multilingual-e5,gemini25pro,amd,pca_num32,0.105,2026-01-29 14:51:10,
norwegian_2,multilingual-e5,gemini25pro,amd_sym,pca_num32,0.202,2026-01-29 14:51:10,
norwegian_2,multilingual-e5,gemini25pro,amd_opt_sym,pca_num32,0.199,2026-01-29 14:51:10,
norwegian_2,mmbert,gemini25pro,prt,random_num32,0.258,2026-01-29 14:51:10,
norwegian_2,mmbert,gemini25pro,apd,random_num32,0.197,2026-01-29 14:51:10,
norwegian_2,mmbert,gemini25pro,amd,random_num32,0.204,2026-01-29 14:51:10,
norwegian_2,mmbert,gemini25pro,amd_sym,random_num32,0.164,2026-01-29 14:51:10,
norwegian_2,mmbert,gemini25pro,amd_opt_sym,random_num32,0.212,2026-01-29 14:51:10,
norwegian_2,mmbert,gemini25pro,prt,pca_num32,0.292,2026-01-29 14:51:10,
norwegian_2,mmbert,gemini25pro,apd,pca_num32,0.151,2026-01-29 14:51:10,
norwegian_2,mmbert,gemini25pro,amd,pca_num32,0.368,2026-01-29 14:51:10,
norwegian_2,mmbert,gemini25pro,amd_sym,pca_num32,0.351,2026-01-29 14:51:10,
norwegian_2,mmbert,gemini25pro,amd_opt_sym,pca_num32,0.404,2026-01-29 14:51:10,
norwegian_2,en,gemini25pro,prt,random_num32,0.592,2026-01-29 14:51:11,
norwegian_2,en,gemini25pro,apd,random_num32,0.57,2026-01-29 14:51:11,
norwegian_2,en,gemini25pro,amd,random_num32,0.574,2026-01-29 14:51:11,
norwegian_2,en,gemini25pro,amd_sym,random_num32,0.557,2026-01-29 14:51:11,
norwegian_2,en,gemini25pro,amd_opt_sym,random_num32,0.578,2026-01-29 14:51:11,
norwegian_2,en,gemini25pro,prt,pca_num32,-0.175,2026-01-29 14:51:11,
norwegian_2,en,gemini25pro,apd,pca_num32,0.323,2026-01-29 14:51:11,
norwegian_2,en,gemini25pro,amd,pca_num32,0.627,2026-01-29 14:51:11,
norwegian_2,en,gemini25pro,amd_sym,pca_num32,0.661,2026-01-29 14:51:11,
norwegian_2,en,gemini25pro,amd_opt_sym,pca_num32,0.663,2026-01-29 14:51:11,
norwegian_2,norwegian_NB-BERT,gemini25pro,prt,random_num32,0.176,2026-01-29 14:51:11,
norwegian_2,norwegian_NB-BERT,gemini25pro,apd,random_num32,0.211,2026-01-29 14:51:11,
norwegian_2,norwegian_NB-BERT,gemini25pro,amd,random_num32,0.314,2026-01-29 14:51:11,
norwegian_2,norwegian_NB-BERT,gemini25pro,amd_sym,random_num32,0.284,2026-01-29 14:51:11,
norwegian_2,norwegian_NB-BERT,gemini25pro,amd_opt_sym,random_num32,0.297,2026-01-29 14:51:11,
norwegian_2,norwegian_NB-BERT,gemini25pro,prt,pca_num32,-0.181,2026-01-29 14:51:11,
norwegian_2,norwegian_NB-BERT,gemini25pro,apd,pca_num32,0.138,2026-01-29 14:51:11,
norwegian_2,norwegian_NB-BERT,gemini25pro,amd,pca_num32,0.215,2026-01-29 14:51:11,
norwegian_2,norwegian_NB-BERT,gemini25pro,amd_sym,pca_num32,0.366,2026-01-29 14:51:11,
norwegian_2,norwegian_NB-BERT,gemini25pro,amd_opt_sym,pca_num32,0.333,2026-01-29 14:51:11,
english,xll,gemini25pro,prt,random_num16,0.506,2026-01-29 14:51:17,
english,xll,gemini25pro,apd,random_num16,0.638,2026-01-29 14:51:17,
english,xll,gemini25pro,amd,random_num16,0.648,2026-01-29 14:51:17,
english,xll,gemini25pro,amd_sym,random_num16,0.668,2026-01-29 14:51:17,
english,xll,gemini25pro,amd_opt_sym,random_num16,0.684,2026-01-29 14:51:17,
english,xll,gemini25pro,prt,pca_num16,0.069,2026-01-29 14:51:17,
english,xll,gemini25pro,apd,pca_num16,0.219,2026-01-29 14:51:17,
english,xll,gemini25pro,amd,pca_num16,0.594,2026-01-29 14:51:17,
english,xll,gemini25pro,amd_sym,pca_num16,0.634,2026-01-29 14:51:17,
english,xll,gemini25pro,amd_opt_sym,pca_num16,0.637,2026-01-29 14:51:17,
english,xlmr,gemini25pro,prt,random_num16,0.147,2026-01-29 14:51:23,
english,xlmr,gemini25pro,apd,random_num16,-0.083,2026-01-29 14:51:23,
english,xlmr,gemini25pro,amd,random_num16,0.311,2026-01-29 14:51:23,
english,xlmr,gemini25pro,amd_sym,random_num16,0.314,2026-01-29 14:51:23,
english,xlmr,gemini25pro,amd_opt_sym,random_num16,0.363,2026-01-29 14:51:23,
english,xlmr,gemini25pro,prt,pca_num16,0.207,2026-01-29 14:51:23,
english,xlmr,gemini25pro,apd,pca_num16,0.215,2026-01-29 14:51:23,
english,xlmr,gemini25pro,amd,pca_num16,0.321,2026-01-29 14:51:23,
english,xlmr,gemini25pro,amd_sym,pca_num16,0.439,2026-01-29 14:51:23,
english,xlmr,gemini25pro,amd_opt_sym,pca_num16,0.447,2026-01-29 14:51:23,
english,rembert,gemini25pro,prt,random_num16,0.238,2026-01-29 14:51:29,
english,rembert,gemini25pro,apd,random_num16,0.331,2026-01-29 14:51:29,
english,rembert,gemini25pro,amd,random_num16,0.217,2026-01-29 14:51:29,
english,rembert,gemini25pro,amd_sym,random_num16,0.077,2026-01-29 14:51:29,
english,rembert,gemini25pro,amd_opt_sym,random_num16,0.15,2026-01-29 14:51:29,
english,rembert,gemini25pro,prt,pca_num16,0.073,2026-01-29 14:51:29,
english,rembert,gemini25pro,apd,pca_num16,0.162,2026-01-29 14:51:29,
english,rembert,gemini25pro,amd,pca_num16,0.203,2026-01-29 14:51:29,
english,rembert,gemini25pro,amd_sym,pca_num16,0.293,2026-01-29 14:51:29,
english,rembert,gemini25pro,amd_opt_sym,pca_num16,0.276,2026-01-29 14:51:29,
english,multilingual-e5,gemini25pro,prt,random_num16,0.112,2026-01-29 14:51:35,
english,multilingual-e5,gemini25pro,apd,random_num16,-0.186,2026-01-29 14:51:35,
english,multilingual-e5,gemini25pro,amd,random_num16,0.318,2026-01-29 14:51:35,
english,multilingual-e5,gemini25pro,amd_sym,random_num16,0.296,2026-01-29 14:51:35,
english,multilingual-e5,gemini25pro,amd_opt_sym,random_num16,0.343,2026-01-29 14:51:35,
english,multilingual-e5,gemini25pro,prt,pca_num16,0.365,2026-01-29 14:51:35,
english,multilingual-e5,gemini25pro,apd,pca_num16,0.182,2026-01-29 14:51:35,
english,multilingual-e5,gemini25pro,amd,pca_num16,0.28,2026-01-29 14:51:35,
english,multilingual-e5,gemini25pro,amd_sym,pca_num16,0.299,2026-01-29 14:51:35,
english,multilingual-e5,gemini25pro,amd_opt_sym,pca_num16,0.308,2026-01-29 14:51:35,
english,mmbert,gemini25pro,prt,random_num16,0.262,2026-01-29 14:51:41,
english,mmbert,gemini25pro,apd,random_num16,0.356,2026-01-29 14:51:41,
english,mmbert,gemini25pro,amd,random_num16,0.238,2026-01-29 14:51:41,
english,mmbert,gemini25pro,amd_sym,random_num16,0.144,2026-01-29 14:51:41,
english,mmbert,gemini25pro,amd_opt_sym,random_num16,0.188,2026-01-29 14:51:41,
english,mmbert,gemini25pro,prt,pca_num16,0.328,2026-01-29 14:51:41,
english,mmbert,gemini25pro,apd,pca_num16,0.061,2026-01-29 14:51:41,
english,mmbert,gemini25pro,amd,pca_num16,0.28,2026-01-29 14:51:41,
english,mmbert,gemini25pro,amd_sym,pca_num16,0.286,2026-01-29 14:51:41,
english,mmbert,gemini25pro,amd_opt_sym,pca_num16,0.283,2026-01-29 14:51:41,
english,en,gemini25pro,prt,random_num16,0.492,2026-01-29 14:51:48,
english,en,gemini25pro,apd,random_num16,0.675,2026-01-29 14:51:48,
english,en,gemini25pro,amd,random_num16,0.708,2026-01-29 14:51:48,
english,en,gemini25pro,amd_sym,random_num16,0.615,2026-01-29 14:51:48,
english,en,gemini25pro,amd_opt_sym,random_num16,0.653,2026-01-29 14:51:48,
english,en,gemini25pro,prt,pca_num16,0.37,2026-01-29 14:51:48,
english,en,gemini25pro,apd,pca_num16,0.228,2026-01-29 14:51:48,
english,en,gemini25pro,amd,pca_num16,0.61,2026-01-29 14:51:48,
english,en,gemini25pro,amd_sym,pca_num16,0.672,2026-01-29 14:51:48,
english,en,gemini25pro,amd_opt_sym,pca_num16,0.687,2026-01-29 14:51:48,
english,roberta,gemini25pro,prt,random_num16,0.049,2026-01-29 14:51:55,
english,roberta,gemini25pro,apd,random_num16,-0.082,2026-01-29 14:51:55,
english,roberta,gemini25pro,amd,random_num16,0.36,2026-01-29 14:51:55,
english,roberta,gemini25pro,amd_sym,random_num16,0.444,2026-01-29 14:51:55,
english,roberta,gemini25pro,amd_opt_sym,random_num16,0.423,2026-01-29 14:51:55,
english,roberta,gemini25pro,prt,pca_num16,0.065,2026-01-29 14:51:55,
english,roberta,gemini25pro,apd,pca_num16,0.084,2026-01-29 14:51:55,
english,roberta,gemini25pro,amd,pca_num16,0.228,2026-01-29 14:51:55,
english,roberta,gemini25pro,amd_sym,pca_num16,0.267,2026-01-29 14:51:55,
english,roberta,gemini25pro,amd_opt_sym,pca_num16,0.27,2026-01-29 14:51:55,
german,xll,gemini25pro,prt,random_num16,0.844,2026-01-29 14:51:59,
german,xll,gemini25pro,apd,random_num16,0.781,2026-01-29 14:51:59,
german,xll,gemini25pro,amd,random_num16,0.81,2026-01-29 14:51:59,
german,xll,gemini25pro,amd_sym,random_num16,0.897,2026-01-29 14:51:59,
german,xll,gemini25pro,amd_opt_sym,random_num16,0.893,2026-01-29 14:51:59,
german,xll,gemini25pro,prt,pca_num16,0.094,2026-01-29 14:51:59,
german,xll,gemini25pro,apd,pca_num16,0.705,2026-01-29 14:51:59,
german,xll,gemini25pro,amd,pca_num16,0.807,2026-01-29 14:51:59,
german,xll,gemini25pro,amd_sym,pca_num16,0.895,2026-01-29 14:51:59,
german,xll,gemini25pro,amd_opt_sym,pca_num16,0.895,2026-01-29 14:51:59,
german,xlmr,gemini25pro,prt,random_num16,0.298,2026-01-29 14:52:04,
german,xlmr,gemini25pro,apd,random_num16,-0.017,2026-01-29 14:52:04,
german,xlmr,gemini25pro,amd,random_num16,0.245,2026-01-29 14:52:04,
german,xlmr,gemini25pro,amd_sym,random_num16,0.335,2026-01-29 14:52:04,
german,xlmr,gemini25pro,amd_opt_sym,random_num16,0.347,2026-01-29 14:52:04,
german,xlmr,gemini25pro,prt,pca_num16,0.358,2026-01-29 14:52:04,
german,xlmr,gemini25pro,apd,pca_num16,0.477,2026-01-29 14:52:04,
german,xlmr,gemini25pro,amd,pca_num16,0.248,2026-01-29 14:52:04,
german,xlmr,gemini25pro,amd_sym,pca_num16,0.31,2026-01-29 14:52:04,
german,xlmr,gemini25pro,amd_opt_sym,pca_num16,0.319,2026-01-29 14:52:04,
german,rembert,gemini25pro,prt,random_num16,0.139,2026-01-29 14:52:08,
german,rembert,gemini25pro,apd,random_num16,0.02,2026-01-29 14:52:08,
german,rembert,gemini25pro,amd,random_num16,0.195,2026-01-29 14:52:08,
german,rembert,gemini25pro,amd_sym,random_num16,0.13,2026-01-29 14:52:08,
german,rembert,gemini25pro,amd_opt_sym,random_num16,0.15,2026-01-29 14:52:08,
german,rembert,gemini25pro,prt,pca_num16,-0.18,2026-01-29 14:52:08,
german,rembert,gemini25pro,apd,pca_num16,0.481,2026-01-29 14:52:08,
german,rembert,gemini25pro,amd,pca_num16,0.233,2026-01-29 14:52:08,
german,rembert,gemini25pro,amd_sym,pca_num16,0.382,2026-01-29 14:52:08,
german,rembert,gemini25pro,amd_opt_sym,pca_num16,0.411,2026-01-29 14:52:08,
german,multilingual-e5,gemini25pro,prt,random_num16,0.439,2026-01-29 14:52:12,
german,multilingual-e5,gemini25pro,apd,random_num16,0.202,2026-01-29 14:52:12,
german,multilingual-e5,gemini25pro,amd,random_num16,0.224,2026-01-29 14:52:12,
german,multilingual-e5,gemini25pro,amd_sym,random_num16,0.29,2026-01-29 14:52:12,
german,multilingual-e5,gemini25pro,amd_opt_sym,random_num16,0.284,2026-01-29 14:52:12,
german,multilingual-e5,gemini25pro,prt,pca_num16,0.34,2026-01-29 14:52:12,
german,multilingual-e5,gemini25pro,apd,pca_num16,0.564,2026-01-29 14:52:12,
german,multilingual-e5,gemini25pro,amd,pca_num16,0.193,2026-01-29 14:52:12,
german,multilingual-e5,gemini25pro,amd_sym,pca_num16,0.325,2026-01-29 14:52:12,
german,multilingual-e5,gemini25pro,amd_opt_sym,pca_num16,0.322,2026-01-29 14:52:12,
german,mmbert,gemini25pro,prt,random_num16,0.385,2026-01-29 14:52:17,
german,mmbert,gemini25pro,apd,random_num16,0.278,2026-01-29 14:52:17,
german,mmbert,gemini25pro,amd,random_num16,0.293,2026-01-29 14:52:17,
german,mmbert,gemini25pro,amd_sym,random_num16,0.372,2026-01-29 14:52:17,
german,mmbert,gemini25pro,amd_opt_sym,random_num16,0.345,2026-01-29 14:52:17,
german,mmbert,gemini25pro,prt,pca_num16,-0.246,2026-01-29 14:52:17,
german,mmbert,gemini25pro,apd,pca_num16,0.479,2026-01-29 14:52:17,
german,mmbert,gemini25pro,amd,pca_num16,0.301,2026-01-29 14:52:17,
german,mmbert,gemini25pro,amd_sym,pca_num16,0.353,2026-01-29 14:52:17,
german,mmbert,gemini25pro,amd_opt_sym,pca_num16,0.368,2026-01-29 14:52:17,
german,en,gemini25pro,prt,random_num16,0.861,2026-01-29 14:52:21,
german,en,gemini25pro,apd,random_num16,0.697,2026-01-29 14:52:21,
german,en,gemini25pro,amd,random_num16,0.666,2026-01-29 14:52:21,
german,en,gemini25pro,amd_sym,random_num16,0.822,2026-01-29 14:52:21,
german,en,gemini25pro,amd_opt_sym,random_num16,0.833,2026-01-29 14:52:21,
german,en,gemini25pro,prt,pca_num16,0.063,2026-01-29 14:52:21,
german,en,gemini25pro,apd,pca_num16,0.706,2026-01-29 14:52:21,
german,en,gemini25pro,amd,pca_num16,0.69,2026-01-29 14:52:21,
german,en,gemini25pro,amd_sym,pca_num16,0.873,2026-01-29 14:52:21,
german,en,gemini25pro,amd_opt_sym,pca_num16,0.869,2026-01-29 14:52:21,
german,german_GBERT,gemini25pro,prt,random_num16,0.441,2026-01-29 14:52:26,
german,german_GBERT,gemini25pro,apd,random_num16,0.12,2026-01-29 14:52:26,
german,german_GBERT,gemini25pro,amd,random_num16,0.358,2026-01-29 14:52:26,
german,german_GBERT,gemini25pro,amd_sym,random_num16,0.5,2026-01-29 14:52:26,
german,german_GBERT,gemini25pro,amd_opt_sym,random_num16,0.493,2026-01-29 14:52:26,
german,german_GBERT,gemini25pro,prt,pca_num16,0.089,2026-01-29 14:52:26,
german,german_GBERT,gemini25pro,apd,pca_num16,0.617,2026-01-29 14:52:26,
german,german_GBERT,gemini25pro,amd,pca_num16,0.335,2026-01-29 14:52:26,
german,german_GBERT,gemini25pro,amd_sym,pca_num16,0.481,2026-01-29 14:52:26,
german,german_GBERT,gemini25pro,amd_opt_sym,pca_num16,0.467,2026-01-29 14:52:26,
swedish,xll,gemini25pro,prt,random_num16,0.583,2026-01-29 14:52:33,
swedish,xll,gemini25pro,apd,random_num16,0.469,2026-01-29 14:52:33,
swedish,xll,gemini25pro,amd,random_num16,0.739,2026-01-29 14:52:33,
swedish,xll,gemini25pro,amd_sym,random_num16,0.765,2026-01-29 14:52:33,
swedish,xll,gemini25pro,amd_opt_sym,random_num16,0.774,2026-01-29 14:52:33,
swedish,xll,gemini25pro,prt,pca_num16,0.193,2026-01-29 14:52:33,
swedish,xll,gemini25pro,apd,pca_num16,0.099,2026-01-29 14:52:33,
swedish,xll,gemini25pro,amd,pca_num16,0.685,2026-01-29 14:52:33,
swedish,xll,gemini25pro,amd_sym,pca_num16,0.74,2026-01-29 14:52:33,
swedish,xll,gemini25pro,amd_opt_sym,pca_num16,0.74,2026-01-29 14:52:33,
swedish,xlmr,gemini25pro,prt,random_num16,0.323,2026-01-29 14:52:39,
swedish,xlmr,gemini25pro,apd,random_num16,0.401,2026-01-29 14:52:39,
swedish,xlmr,gemini25pro,amd,random_num16,-0.027,2026-01-29 14:52:39,
swedish,xlmr,gemini25pro,amd_sym,random_num16,-0.259,2026-01-29 14:52:39,
swedish,xlmr,gemini25pro,amd_opt_sym,random_num16,-0.224,2026-01-29 14:52:39,
swedish,xlmr,gemini25pro,prt,pca_num16,0.139,2026-01-29 14:52:39,
swedish,xlmr,gemini25pro,apd,pca_num16,-0.124,2026-01-29 14:52:39,
swedish,xlmr,gemini25pro,amd,pca_num16,0.285,2026-01-29 14:52:39,
swedish,xlmr,gemini25pro,amd_sym,pca_num16,0.144,2026-01-29 14:52:39,
swedish,xlmr,gemini25pro,amd_opt_sym,pca_num16,0.208,2026-01-29 14:52:39,
swedish,rembert,gemini25pro,prt,random_num16,0.259,2026-01-29 14:52:47,
swedish,rembert,gemini25pro,apd,random_num16,0.323,2026-01-29 14:52:47,
swedish,rembert,gemini25pro,amd,random_num16,0.243,2026-01-29 14:52:47,
swedish,rembert,gemini25pro,amd_sym,random_num16,0.093,2026-01-29 14:52:47,
swedish,rembert,gemini25pro,amd_opt_sym,random_num16,0.071,2026-01-29 14:52:47,
swedish,rembert,gemini25pro,prt,pca_num16,-0.101,2026-01-29 14:52:47,
swedish,rembert,gemini25pro,apd,pca_num16,0.058,2026-01-29 14:52:47,
swedish,rembert,gemini25pro,amd,pca_num16,0.261,2026-01-29 14:52:47,
swedish,rembert,gemini25pro,amd_sym,pca_num16,0.208,2026-01-29 14:52:47,
swedish,rembert,gemini25pro,amd_opt_sym,pca_num16,0.223,2026-01-29 14:52:47,
swedish,multilingual-e5,gemini25pro,prt,random_num16,0.335,2026-01-29 14:52:54,
swedish,multilingual-e5,gemini25pro,apd,random_num16,0.127,2026-01-29 14:52:54,
swedish,multilingual-e5,gemini25pro,amd,random_num16,0.162,2026-01-29 14:52:54,
swedish,multilingual-e5,gemini25pro,amd_sym,random_num16,0.295,2026-01-29 14:52:54,
swedish,multilingual-e5,gemini25pro,amd_opt_sym,random_num16,0.249,2026-01-29 14:52:54,
swedish,multilingual-e5,gemini25pro,prt,pca_num16,0.131,2026-01-29 14:52:54,
swedish,multilingual-e5,gemini25pro,apd,pca_num16,0.0,2026-01-29 14:52:54,
swedish,multilingual-e5,gemini25pro,amd,pca_num16,0.115,2026-01-29 14:52:54,
swedish,multilingual-e5,gemini25pro,amd_sym,pca_num16,0.234,2026-01-29 14:52:54,
swedish,multilingual-e5,gemini25pro,amd_opt_sym,pca_num16,0.217,2026-01-29 14:52:54,
swedish,mmbert,gemini25pro,prt,random_num16,-0.062,2026-01-29 14:53:00,
swedish,mmbert,gemini25pro,apd,random_num16,0.216,2026-01-29 14:53:00,
swedish,mmbert,gemini25pro,amd,random_num16,-0.015,2026-01-29 14:53:00,
swedish,mmbert,gemini25pro,amd_sym,random_num16,-0.036,2026-01-29 14:53:00,
swedish,mmbert,gemini25pro,amd_opt_sym,random_num16,-0.031,2026-01-29 14:53:00,
swedish,mmbert,gemini25pro,prt,pca_num16,-0.642,2026-01-29 14:53:00,
swedish,mmbert,gemini25pro,apd,pca_num16,-0.08,2026-01-29 14:53:00,
swedish,mmbert,gemini25pro,amd,pca_num16,0.381,2026-01-29 14:53:00,
swedish,mmbert,gemini25pro,amd_sym,pca_num16,0.303,2026-01-29 14:53:00,
swedish,mmbert,gemini25pro,amd_opt_sym,pca_num16,0.234,2026-01-29 14:53:00,
swedish,en,gemini25pro,prt,random_num16,0.388,2026-01-29 14:53:06,
swedish,en,gemini25pro,apd,random_num16,0.561,2026-01-29 14:53:06,
swedish,en,gemini25pro,amd,random_num16,0.644,2026-01-29 14:53:06,
swedish,en,gemini25pro,amd_sym,random_num16,0.682,2026-01-29 14:53:06,
swedish,en,gemini25pro,amd_opt_sym,random_num16,0.715,2026-01-29 14:53:06,
swedish,en,gemini25pro,prt,pca_num16,0.034,2026-01-29 14:53:06,
swedish,en,gemini25pro,apd,pca_num16,-0.026,2026-01-29 14:53:06,
swedish,en,gemini25pro,amd,pca_num16,0.539,2026-01-29 14:53:06,
swedish,en,gemini25pro,amd_sym,pca_num16,0.717,2026-01-29 14:53:06,
swedish,en,gemini25pro,amd_opt_sym,pca_num16,0.743,2026-01-29 14:53:06,
swedish,swedish_MegatronBERT,gemini25pro,prt,random_num16,0.181,2026-01-29 14:53:12,
swedish,swedish_MegatronBERT,gemini25pro,apd,random_num16,0.101,2026-01-29 14:53:12,
swedish,swedish_MegatronBERT,gemini25pro,amd,random_num16,0.295,2026-01-29 14:53:12,
swedish,swedish_MegatronBERT,gemini25pro,amd_sym,random_num16,0.116,2026-01-29 14:53:12,
swedish,swedish_MegatronBERT,gemini25pro,amd_opt_sym,random_num16,0.151,2026-01-29 14:53:12,
swedish,swedish_MegatronBERT,gemini25pro,prt,pca_num16,-0.322,2026-01-29 14:53:12,
swedish,swedish_MegatronBERT,gemini25pro,apd,pca_num16,0.139,2026-01-29 14:53:12,
swedish,swedish_MegatronBERT,gemini25pro,amd,pca_num16,0.203,2026-01-29 14:53:12,
swedish,swedish_MegatronBERT,gemini25pro,amd_sym,pca_num16,0.074,2026-01-29 14:53:12,
swedish,swedish_MegatronBERT,gemini25pro,amd_opt_sym,pca_num16,0.07,2026-01-29 14:53:12,
latin,xll,gemini25pro,prt,random_num16,0.536,2026-01-29 14:53:21,
latin,xll,gemini25pro,apd,random_num16,-0.034,2026-01-29 14:53:21,
latin,xll,gemini25pro,amd,random_num16,-0.012,2026-01-29 14:53:21,
latin,xll,gemini25pro,amd_sym,random_num16,0.26,2026-01-29 14:53:21,
latin,xll,gemini25pro,amd_opt_sym,random_num16,0.253,2026-01-29 14:53:21,
latin,xll,gemini25pro,prt,pca_num16,-0.08,2026-01-29 14:53:21,
latin,xll,gemini25pro,apd,pca_num16,0.472,2026-01-29 14:53:21,
latin,xll,gemini25pro,amd,pca_num16,0.127,2026-01-29 14:53:21,
latin,xll,gemini25pro,amd_sym,pca_num16,0.332,2026-01-29 14:53:21,
latin,xll,gemini25pro,amd_opt_sym,pca_num16,0.329,2026-01-29 14:53:21,
latin,xlmr,gemini25pro,prt,random_num16,0.483,2026-01-29 14:53:31,
latin,xlmr,gemini25pro,apd,random_num16,0.06,2026-01-29 14:53:31,
latin,xlmr,gemini25pro,amd,random_num16,0.152,2026-01-29 14:53:31,
latin,xlmr,gemini25pro,amd_sym,random_num16,0.264,2026-01-29 14:53:31,
latin,xlmr,gemini25pro,amd_opt_sym,random_num16,0.209,2026-01-29 14:53:31,
latin,xlmr,gemini25pro,prt,pca_num16,0.181,2026-01-29 14:53:31,
latin,xlmr,gemini25pro,apd,pca_num16,0.507,2026-01-29 14:53:31,
latin,xlmr,gemini25pro,amd,pca_num16,0.264,2026-01-29 14:53:31,
latin,xlmr,gemini25pro,amd_sym,pca_num16,0.259,2026-01-29 14:53:31,
latin,xlmr,gemini25pro,amd_opt_sym,pca_num16,0.309,2026-01-29 14:53:31,
latin,rembert,gemini25pro,prt,random_num16,0.116,2026-01-29 14:53:42,
latin,rembert,gemini25pro,apd,random_num16,-0.211,2026-01-29 14:53:42,
latin,rembert,gemini25pro,amd,random_num16,0.03,2026-01-29 14:53:42,
latin,rembert,gemini25pro,amd_sym,random_num16,0.095,2026-01-29 14:53:42,
latin,rembert,gemini25pro,amd_opt_sym,random_num16,0.129,2026-01-29 14:53:42,
latin,rembert,gemini25pro,prt,pca_num16,-0.023,2026-01-29 14:53:42,
latin,rembert,gemini25pro,apd,pca_num16,0.536,2026-01-29 14:53:42,
latin,rembert,gemini25pro,amd,pca_num16,0.23,2026-01-29 14:53:42,
latin,rembert,gemini25pro,amd_sym,pca_num16,0.32,2026-01-29 14:53:42,
latin,rembert,gemini25pro,amd_opt_sym,pca_num16,0.312,2026-01-29 14:53:42,
latin,multilingual-e5,gemini25pro,prt,random_num16,0.279,2026-01-29 14:53:53,
latin,multilingual-e5,gemini25pro,apd,random_num16,-0.041,2026-01-29 14:53:53,
latin,multilingual-e5,gemini25pro,amd,random_num16,0.246,2026-01-29 14:53:53,
latin,multilingual-e5,gemini25pro,amd_sym,random_num16,0.355,2026-01-29 14:53:53,
latin,multilingual-e5,gemini25pro,amd_opt_sym,random_num16,0.293,2026-01-29 14:53:53,
latin,multilingual-e5,gemini25pro,prt,pca_num16,0.49,2026-01-29 14:53:53,
latin,multilingual-e5,gemini25pro,apd,pca_num16,0.526,2026-01-29 14:53:53,
latin,multilingual-e5,gemini25pro,amd,pca_num16,0.24,2026-01-29 14:53:53,
latin,multilingual-e5,gemini25pro,amd_sym,pca_num16,0.337,2026-01-29 14:53:53,
latin,multilingual-e5,gemini25pro,amd_opt_sym,pca_num16,0.312,2026-01-29 14:53:53,
latin,mmbert,gemini25pro,prt,random_num16,0.452,2026-01-29 14:54:02,
latin,mmbert,gemini25pro,apd,random_num16,0.1,2026-01-29 14:54:02,
latin,mmbert,gemini25pro,amd,random_num16,0.248,2026-01-29 14:54:02,
latin,mmbert,gemini25pro,amd_sym,random_num16,0.279,2026-01-29 14:54:02,
latin,mmbert,gemini25pro,amd_opt_sym,random_num16,0.263,2026-01-29 14:54:02,
latin,mmbert,gemini25pro,prt,pca_num16,-0.133,2026-01-29 14:54:02,
latin,mmbert,gemini25pro,apd,pca_num16,0.539,2026-01-29 14:54:02,
latin,mmbert,gemini25pro,amd,pca_num16,0.278,2026-01-29 14:54:02,
latin,mmbert,gemini25pro,amd_sym,pca_num16,0.262,2026-01-29 14:54:02,
latin,mmbert,gemini25pro,amd_opt_sym,pca_num16,0.272,2026-01-29 14:54:02,
latin,en,gemini25pro,prt,random_num16,0.397,2026-01-29 14:54:12,
latin,en,gemini25pro,apd,random_num16,0.214,2026-01-29 14:54:12,
latin,en,gemini25pro,amd,random_num16,0.154,2026-01-29 14:54:12,
latin,en,gemini25pro,amd_sym,random_num16,0.218,2026-01-29 14:54:12,
latin,en,gemini25pro,amd_opt_sym,random_num16,0.213,2026-01-29 14:54:12,
latin,en,gemini25pro,prt,pca_num16,-0.06,2026-01-29 14:54:12,
latin,en,gemini25pro,apd,pca_num16,0.526,2026-01-29 14:54:12,
latin,en,gemini25pro,amd,pca_num16,0.167,2026-01-29 14:54:12,
latin,en,gemini25pro,amd_sym,pca_num16,0.313,2026-01-29 14:54:12,
latin,en,gemini25pro,amd_opt_sym,pca_num16,0.285,2026-01-29 14:54:12,
latin,latin_BammanBurns,gemini25pro,prt,random_num16,0.135,2026-01-29 14:54:21,
latin,latin_BammanBurns,gemini25pro,apd,random_num16,0.155,2026-01-29 14:54:21,
latin,latin_BammanBurns,gemini25pro,amd,random_num16,-0.011,2026-01-29 14:54:21,
latin,latin_BammanBurns,gemini25pro,amd_sym,random_num16,-0.067,2026-01-29 14:54:21,
latin,latin_BammanBurns,gemini25pro,amd_opt_sym,random_num16,-0.018,2026-01-29 14:54:21,
latin,latin_BammanBurns,gemini25pro,prt,pca_num16,-0.158,2026-01-29 14:54:21,
latin,latin_BammanBurns,gemini25pro,apd,pca_num16,0.277,2026-01-29 14:54:21,
latin,latin_BammanBurns,gemini25pro,amd,pca_num16,0.181,2026-01-29 14:54:21,
latin,latin_BammanBurns,gemini25pro,amd_sym,pca_num16,0.217,2026-01-29 14:54:21,
latin,latin_BammanBurns,gemini25pro,amd_opt_sym,pca_num16,0.23,2026-01-29 14:54:21,
spanish,xll,gemini25pro,prt,random_num16,0.603,2026-01-29 14:54:23,
spanish,xll,gemini25pro,apd,random_num16,0.584,2026-01-29 14:54:23,
spanish,xll,gemini25pro,amd,random_num16,0.663,2026-01-29 14:54:23,
spanish,xll,gemini25pro,amd_sym,random_num16,0.652,2026-01-29 14:54:23,
spanish,xll,gemini25pro,amd_opt_sym,random_num16,0.654,2026-01-29 14:54:23,
spanish,xll,gemini25pro,prt,pca_num16,0.029,2026-01-29 14:54:23,
spanish,xll,gemini25pro,apd,pca_num16,0.375,2026-01-29 14:54:23,
spanish,xll,gemini25pro,amd,pca_num16,0.675,2026-01-29 14:54:23,
spanish,xll,gemini25pro,amd_sym,pca_num16,0.657,2026-01-29 14:54:23,
spanish,xll,gemini25pro,amd_opt_sym,pca_num16,0.667,2026-01-29 14:54:23,
spanish,xlmr,gemini25pro,prt,random_num16,0.24,2026-01-29 14:54:25,
spanish,xlmr,gemini25pro,apd,random_num16,0.219,2026-01-29 14:54:25,
spanish,xlmr,gemini25pro,amd,random_num16,0.136,2026-01-29 14:54:25,
spanish,xlmr,gemini25pro,amd_sym,random_num16,0.047,2026-01-29 14:54:25,
spanish,xlmr,gemini25pro,amd_opt_sym,random_num16,0.078,2026-01-29 14:54:25,
spanish,xlmr,gemini25pro,prt,pca_num16,0.133,2026-01-29 14:54:25,
spanish,xlmr,gemini25pro,apd,pca_num16,0.206,2026-01-29 14:54:25,
spanish,xlmr,gemini25pro,amd,pca_num16,0.276,2026-01-29 14:54:25,
spanish,xlmr,gemini25pro,amd_sym,pca_num16,0.22,2026-01-29 14:54:25,
spanish,xlmr,gemini25pro,amd_opt_sym,pca_num16,0.265,2026-01-29 14:54:25,
spanish,rembert,gemini25pro,prt,random_num16,0.041,2026-01-29 14:54:27,
spanish,rembert,gemini25pro,apd,random_num16,0.073,2026-01-29 14:54:27,
spanish,rembert,gemini25pro,amd,random_num16,0.237,2026-01-29 14:54:27,
spanish,rembert,gemini25pro,amd_sym,random_num16,0.197,2026-01-29 14:54:27,
spanish,rembert,gemini25pro,amd_opt_sym,random_num16,0.187,2026-01-29 14:54:27,
spanish,rembert,gemini25pro,prt,pca_num16,0.053,2026-01-29 14:54:27,
spanish,rembert,gemini25pro,apd,pca_num16,0.221,2026-01-29 14:54:27,
spanish,rembert,gemini25pro,amd,pca_num16,0.296,2026-01-29 14:54:27,
spanish,rembert,gemini25pro,amd_sym,pca_num16,0.322,2026-01-29 14:54:27,
spanish,rembert,gemini25pro,amd_opt_sym,pca_num16,0.323,2026-01-29 14:54:27,
spanish,multilingual-e5,gemini25pro,prt,random_num16,0.249,2026-01-29 14:54:29,
spanish,multilingual-e5,gemini25pro,apd,random_num16,0.331,2026-01-29 14:54:29,
spanish,multilingual-e5,gemini25pro,amd,random_num16,0.03,2026-01-29 14:54:29,
spanish,multilingual-e5,gemini25pro,amd_sym,random_num16,0.029,2026-01-29 14:54:29,
spanish,multilingual-e5,gemini25pro,amd_opt_sym,random_num16,0.039,2026-01-29 14:54:29,
spanish,multilingual-e5,gemini25pro,prt,pca_num16,0.086,2026-01-29 14:54:29,
spanish,multilingual-e5,gemini25pro,apd,pca_num16,0.347,2026-01-29 14:54:29,
spanish,multilingual-e5,gemini25pro,amd,pca_num16,0.32,2026-01-29 14:54:29,
spanish,multilingual-e5,gemini25pro,amd_sym,pca_num16,0.305,2026-01-29 14:54:29,
spanish,multilingual-e5,gemini25pro,amd_opt_sym,pca_num16,0.304,2026-01-29 14:54:29,
spanish,mmbert,gemini25pro,prt,random_num16,0.131,2026-01-29 14:54:30,
spanish,mmbert,gemini25pro,apd,random_num16,0.104,2026-01-29 14:54:30,
spanish,mmbert,gemini25pro,amd,random_num16,0.237,2026-01-29 14:54:30,
spanish,mmbert,gemini25pro,amd_sym,random_num16,0.123,2026-01-29 14:54:30,
spanish,mmbert,gemini25pro,amd_opt_sym,random_num16,0.156,2026-01-29 14:54:30,
spanish,mmbert,gemini25pro,prt,pca_num16,0.094,2026-01-29 14:54:30,
spanish,mmbert,gemini25pro,apd,pca_num16,0.212,2026-01-29 14:54:30,
spanish,mmbert,gemini25pro,amd,pca_num16,0.426,2026-01-29 14:54:30,
spanish,mmbert,gemini25pro,amd_sym,pca_num16,0.284,2026-01-29 14:54:30,
spanish,mmbert,gemini25pro,amd_opt_sym,pca_num16,0.346,2026-01-29 14:54:30,
spanish,en,gemini25pro,prt,random_num16,0.504,2026-01-29 14:54:32,
spanish,en,gemini25pro,apd,random_num16,0.642,2026-01-29 14:54:32,
spanish,en,gemini25pro,amd,random_num16,0.67,2026-01-29 14:54:32,
spanish,en,gemini25pro,amd_sym,random_num16,0.693,2026-01-29 14:54:32,
spanish,en,gemini25pro,amd_opt_sym,random_num16,0.707,2026-01-29 14:54:32,
spanish,en,gemini25pro,prt,pca_num16,0.03,2026-01-29 14:54:32,
spanish,en,gemini25pro,apd,pca_num16,0.314,2026-01-29 14:54:32,
spanish,en,gemini25pro,amd,pca_num16,0.667,2026-01-29 14:54:32,
spanish,en,gemini25pro,amd_sym,pca_num16,0.669,2026-01-29 14:54:32,
spanish,en,gemini25pro,amd_opt_sym,pca_num16,0.68,2026-01-29 14:54:32,
spanish,spanish_BERT_WWM,gemini25pro,prt,random_num16,-0.08,2026-01-29 14:54:34,
spanish,spanish_BERT_WWM,gemini25pro,apd,random_num16,-0.074,2026-01-29 14:54:34,
spanish,spanish_BERT_WWM,gemini25pro,amd,random_num16,0.122,2026-01-29 14:54:34,
spanish,spanish_BERT_WWM,gemini25pro,amd_sym,random_num16,0.09,2026-01-29 14:54:34,
spanish,spanish_BERT_WWM,gemini25pro,amd_opt_sym,random_num16,0.107,2026-01-29 14:54:34,
spanish,spanish_BERT_WWM,gemini25pro,prt,pca_num16,-0.114,2026-01-29 14:54:34,
spanish,spanish_BERT_WWM,gemini25pro,apd,pca_num16,0.276,2026-01-29 14:54:34,
spanish,spanish_BERT_WWM,gemini25pro,amd,pca_num16,0.391,2026-01-29 14:54:34,
spanish,spanish_BERT_WWM,gemini25pro,amd_sym,pca_num16,0.374,2026-01-29 14:54:34,
spanish,spanish_BERT_WWM,gemini25pro,amd_opt_sym,pca_num16,0.379,2026-01-29 14:54:34,
chinese,xll,gemini25pro,prt,random_num16,0.661,2026-01-29 14:54:35,
chinese,xll,gemini25pro,apd,random_num16,0.574,2026-01-29 14:54:35,
chinese,xll,gemini25pro,amd,random_num16,0.719,2026-01-29 14:54:35,
chinese,xll,gemini25pro,amd_sym,random_num16,0.723,2026-01-29 14:54:35,
chinese,xll,gemini25pro,amd_opt_sym,random_num16,0.733,2026-01-29 14:54:35,
chinese,xll,gemini25pro,prt,pca_num16,0.071,2026-01-29 14:54:35,
chinese,xll,gemini25pro,apd,pca_num16,0.415,2026-01-29 14:54:35,
chinese,xll,gemini25pro,amd,pca_num16,0.716,2026-01-29 14:54:35,
chinese,xll,gemini25pro,amd_sym,pca_num16,0.75,2026-01-29 14:54:35,
chinese,xll,gemini25pro,amd_opt_sym,pca_num16,0.753,2026-01-29 14:54:35,
chinese,xlmr,gemini25pro,prt,random_num16,0.095,2026-01-29 14:54:36,
chinese,xlmr,gemini25pro,apd,random_num16,0.001,2026-01-29 14:54:36,
chinese,xlmr,gemini25pro,amd,random_num16,0.106,2026-01-29 14:54:36,
chinese,xlmr,gemini25pro,amd_sym,random_num16,0.109,2026-01-29 14:54:36,
chinese,xlmr,gemini25pro,amd_opt_sym,random_num16,0.135,2026-01-29 14:54:36,
chinese,xlmr,gemini25pro,prt,pca_num16,0.294,2026-01-29 14:54:36,
chinese,xlmr,gemini25pro,apd,pca_num16,0.233,2026-01-29 14:54:36,
chinese,xlmr,gemini25pro,amd,pca_num16,0.373,2026-01-29 14:54:36,
chinese,xlmr,gemini25pro,amd_sym,pca_num16,0.31,2026-01-29 14:54:36,
chinese,xlmr,gemini25pro,amd_opt_sym,pca_num16,0.3,2026-01-29 14:54:36,
chinese,rembert,gemini25pro,prt,random_num16,0.253,2026-01-29 14:54:37,
chinese,rembert,gemini25pro,apd,random_num16,0.222,2026-01-29 14:54:37,
chinese,rembert,gemini25pro,amd,random_num16,0.351,2026-01-29 14:54:37,
chinese,rembert,gemini25pro,amd_sym,random_num16,0.337,2026-01-29 14:54:37,
chinese,rembert,gemini25pro,amd_opt_sym,random_num16,0.332,2026-01-29 14:54:37,
chinese,rembert,gemini25pro,prt,pca_num16,0.121,2026-01-29 14:54:37,
chinese,rembert,gemini25pro,apd,pca_num16,0.231,2026-01-29 14:54:37,
chinese,rembert,gemini25pro,amd,pca_num16,0.32,2026-01-29 14:54:37,
chinese,rembert,gemini25pro,amd_sym,pca_num16,0.276,2026-01-29 14:54:37,
chinese,rembert,gemini25pro,amd_opt_sym,pca_num16,0.27,2026-01-29 14:54:37,
chinese,multilingual-e5,gemini25pro,prt,random_num16,0.153,2026-01-29 14:54:38,
chinese,multilingual-e5,gemini25pro,apd,random_num16,0.036,2026-01-29 14:54:38,
chinese,multilingual-e5,gemini25pro,amd,random_num16,0.193,2026-01-29 14:54:38,
chinese,multilingual-e5,gemini25pro,amd_sym,random_num16,0.108,2026-01-29 14:54:38,
chinese,multilingual-e5,gemini25pro,amd_opt_sym,random_num16,0.136,2026-01-29 14:54:38,
chinese,multilingual-e5,gemini25pro,prt,pca_num16,0.081,2026-01-29 14:54:38,
chinese,multilingual-e5,gemini25pro,apd,pca_num16,0.184,2026-01-29 14:54:38,
chinese,multilingual-e5,gemini25pro,amd,pca_num16,0.327,2026-01-29 14:54:38,
chinese,multilingual-e5,gemini25pro,amd_sym,pca_num16,0.353,2026-01-29 14:54:38,
chinese,multilingual-e5,gemini25pro,amd_opt_sym,pca_num16,0.301,2026-01-29 14:54:38,
chinese,mmbert,gemini25pro,prt,random_num16,0.265,2026-01-29 14:54:39,
chinese,mmbert,gemini25pro,apd,random_num16,0.034,2026-01-29 14:54:39,
chinese,mmbert,gemini25pro,amd,random_num16,0.109,2026-01-29 14:54:39,
chinese,mmbert,gemini25pro,amd_sym,random_num16,0.118,2026-01-29 14:54:39,
chinese,mmbert,gemini25pro,amd_opt_sym,random_num16,0.101,2026-01-29 14:54:39,
chinese,mmbert,gemini25pro,prt,pca_num16,-0.053,2026-01-29 14:54:39,
chinese,mmbert,gemini25pro,apd,pca_num16,0.302,2026-01-29 14:54:39,
chinese,mmbert,gemini25pro,amd,pca_num16,0.451,2026-01-29 14:54:39,
chinese,mmbert,gemini25pro,amd_sym,pca_num16,0.247,2026-01-29 14:54:39,
chinese,mmbert,gemini25pro,amd_opt_sym,pca_num16,0.311,2026-01-29 14:54:39,
chinese,en,gemini25pro,prt,random_num16,0.712,2026-01-29 14:54:40,
chinese,en,gemini25pro,apd,random_num16,0.753,2026-01-29 14:54:40,
chinese,en,gemini25pro,amd,random_num16,0.648,2026-01-29 14:54:40,
chinese,en,gemini25pro,amd_sym,random_num16,0.724,2026-01-29 14:54:40,
chinese,en,gemini25pro,amd_opt_sym,random_num16,0.721,2026-01-29 14:54:40,
chinese,en,gemini25pro,prt,pca_num16,0.326,2026-01-29 14:54:40,
chinese,en,gemini25pro,apd,pca_num16,0.315,2026-01-29 14:54:40,
chinese,en,gemini25pro,amd,pca_num16,0.641,2026-01-29 14:54:40,
chinese,en,gemini25pro,amd_sym,pca_num16,0.713,2026-01-29 14:54:40,
chinese,en,gemini25pro,amd_opt_sym,pca_num16,0.71,2026-01-29 14:54:40,
chinese,chinese_RoBERTa_WWM,gemini25pro,prt,random_num16,0.004,2026-01-29 14:54:41,
chinese,chinese_RoBERTa_WWM,gemini25pro,apd,random_num16,-0.025,2026-01-29 14:54:41,
chinese,chinese_RoBERTa_WWM,gemini25pro,amd,random_num16,0.423,2026-01-29 14:54:41,
chinese,chinese_RoBERTa_WWM,gemini25pro,amd_sym,random_num16,0.344,2026-01-29 14:54:41,
chinese,chinese_RoBERTa_WWM,gemini25pro,amd_opt_sym,random_num16,0.386,2026-01-29 14:54:41,
chinese,chinese_RoBERTa_WWM,gemini25pro,prt,pca_num16,-0.151,2026-01-29 14:54:41,
chinese,chinese_RoBERTa_WWM,gemini25pro,apd,pca_num16,0.269,2026-01-29 14:54:41,
chinese,chinese_RoBERTa_WWM,gemini25pro,amd,pca_num16,0.57,2026-01-29 14:54:41,
chinese,chinese_RoBERTa_WWM,gemini25pro,amd_sym,pca_num16,0.578,2026-01-29 14:54:41,
chinese,chinese_RoBERTa_WWM,gemini25pro,amd_opt_sym,pca_num16,0.497,2026-01-29 14:54:41,
norwegian_1,xll,gemini25pro,prt,random_num16,0.78,2026-01-29 14:54:41,
norwegian_1,xll,gemini25pro,apd,random_num16,0.714,2026-01-29 14:54:41,
norwegian_1,xll,gemini25pro,amd,random_num16,0.677,2026-01-29 14:54:41,
norwegian_1,xll,gemini25pro,amd_sym,random_num16,0.7,2026-01-29 14:54:41,
norwegian_1,xll,gemini25pro,amd_opt_sym,random_num16,0.697,2026-01-29 14:54:41,
norwegian_1,xll,gemini25pro,prt,pca_num16,-0.085,2026-01-29 14:54:41,
norwegian_1,xll,gemini25pro,apd,pca_num16,0.556,2026-01-29 14:54:41,
norwegian_1,xll,gemini25pro,amd,pca_num16,0.698,2026-01-29 14:54:41,
norwegian_1,xll,gemini25pro,amd_sym,pca_num16,0.704,2026-01-29 14:54:41,
norwegian_1,xll,gemini25pro,amd_opt_sym,pca_num16,0.721,2026-01-29 14:54:41,
norwegian_1,xlmr,gemini25pro,prt,random_num16,0.311,2026-01-29 14:54:42,
norwegian_1,xlmr,gemini25pro,apd,random_num16,0.149,2026-01-29 14:54:42,
norwegian_1,xlmr,gemini25pro,amd,random_num16,0.546,2026-01-29 14:54:42,
norwegian_1,xlmr,gemini25pro,amd_sym,random_num16,0.488,2026-01-29 14:54:42,
norwegian_1,xlmr,gemini25pro,amd_opt_sym,random_num16,0.535,2026-01-29 14:54:42,
norwegian_1,xlmr,gemini25pro,prt,pca_num16,0.216,2026-01-29 14:54:42,
norwegian_1,xlmr,gemini25pro,apd,pca_num16,0.479,2026-01-29 14:54:42,
norwegian_1,xlmr,gemini25pro,amd,pca_num16,0.662,2026-01-29 14:54:42,
norwegian_1,xlmr,gemini25pro,amd_sym,pca_num16,0.576,2026-01-29 14:54:42,
norwegian_1,xlmr,gemini25pro,amd_opt_sym,pca_num16,0.598,2026-01-29 14:54:42,
norwegian_1,rembert,gemini25pro,prt,random_num16,0.32,2026-01-29 14:54:43,
norwegian_1,rembert,gemini25pro,apd,random_num16,0.259,2026-01-29 14:54:43,
norwegian_1,rembert,gemini25pro,amd,random_num16,0.507,2026-01-29 14:54:43,
norwegian_1,rembert,gemini25pro,amd_sym,random_num16,0.617,2026-01-29 14:54:43,
norwegian_1,rembert,gemini25pro,amd_opt_sym,random_num16,0.619,2026-01-29 14:54:43,
norwegian_1,rembert,gemini25pro,prt,pca_num16,-0.112,2026-01-29 14:54:43,
norwegian_1,rembert,gemini25pro,apd,pca_num16,0.472,2026-01-29 14:54:43,
norwegian_1,rembert,gemini25pro,amd,pca_num16,0.526,2026-01-29 14:54:43,
norwegian_1,rembert,gemini25pro,amd_sym,pca_num16,0.632,2026-01-29 14:54:43,
norwegian_1,rembert,gemini25pro,amd_opt_sym,pca_num16,0.612,2026-01-29 14:54:43,
norwegian_1,multilingual-e5,gemini25pro,prt,random_num16,0.279,2026-01-29 14:54:44,
norwegian_1,multilingual-e5,gemini25pro,apd,random_num16,-0.045,2026-01-29 14:54:44,
norwegian_1,multilingual-e5,gemini25pro,amd,random_num16,0.142,2026-01-29 14:54:44,
norwegian_1,multilingual-e5,gemini25pro,amd_sym,random_num16,0.185,2026-01-29 14:54:44,
norwegian_1,multilingual-e5,gemini25pro,amd_opt_sym,random_num16,0.202,2026-01-29 14:54:44,
norwegian_1,multilingual-e5,gemini25pro,prt,pca_num16,0.107,2026-01-29 14:54:44,
norwegian_1,multilingual-e5,gemini25pro,apd,pca_num16,0.416,2026-01-29 14:54:44,
norwegian_1,multilingual-e5,gemini25pro,amd,pca_num16,0.456,2026-01-29 14:54:44,
norwegian_1,multilingual-e5,gemini25pro,amd_sym,pca_num16,0.548,2026-01-29 14:54:44,
norwegian_1,multilingual-e5,gemini25pro,amd_opt_sym,pca_num16,0.557,2026-01-29 14:54:44,
norwegian_1,mmbert,gemini25pro,prt,random_num16,0.377,2026-01-29 14:54:44,
norwegian_1,mmbert,gemini25pro,apd,random_num16,0.239,2026-01-29 14:54:44,
norwegian_1,mmbert,gemini25pro,amd,random_num16,0.443,2026-01-29 14:54:44,
norwegian_1,mmbert,gemini25pro,amd_sym,random_num16,0.387,2026-01-29 14:54:44,
norwegian_1,mmbert,gemini25pro,amd_opt_sym,random_num16,0.445,2026-01-29 14:54:44,
norwegian_1,mmbert,gemini25pro,prt,pca_num16,-0.085,2026-01-29 14:54:44,
norwegian_1,mmbert,gemini25pro,apd,pca_num16,0.437,2026-01-29 14:54:44,
norwegian_1,mmbert,gemini25pro,amd,pca_num16,0.606,2026-01-29 14:54:44,
norwegian_1,mmbert,gemini25pro,amd_sym,pca_num16,0.648,2026-01-29 14:54:44,
norwegian_1,mmbert,gemini25pro,amd_opt_sym,pca_num16,0.662,2026-01-29 14:54:44,
norwegian_1,en,gemini25pro,prt,random_num16,0.679,2026-01-29 14:54:45,
norwegian_1,en,gemini25pro,apd,random_num16,0.68,2026-01-29 14:54:45,
norwegian_1,en,gemini25pro,amd,random_num16,0.685,2026-01-29 14:54:45,
norwegian_1,en,gemini25pro,amd_sym,random_num16,0.698,2026-01-29 14:54:45,
norwegian_1,en,gemini25pro,amd_opt_sym,random_num16,0.706,2026-01-29 14:54:45,
norwegian_1,en,gemini25pro,prt,pca_num16,0.095,2026-01-29 14:54:45,
norwegian_1,en,gemini25pro,apd,pca_num16,0.553,2026-01-29 14:54:45,
norwegian_1,en,gemini25pro,amd,pca_num16,0.805,2026-01-29 14:54:45,
norwegian_1,en,gemini25pro,amd_sym,pca_num16,0.833,2026-01-29 14:54:45,
norwegian_1,en,gemini25pro,amd_opt_sym,pca_num16,0.824,2026-01-29 14:54:45,
norwegian_1,norwegian_NB-BERT,gemini25pro,prt,random_num16,0.239,2026-01-29 14:54:46,
norwegian_1,norwegian_NB-BERT,gemini25pro,apd,random_num16,0.158,2026-01-29 14:54:46,
norwegian_1,norwegian_NB-BERT,gemini25pro,amd,random_num16,0.431,2026-01-29 14:54:46,
norwegian_1,norwegian_NB-BERT,gemini25pro,amd_sym,random_num16,0.366,2026-01-29 14:54:46,
norwegian_1,norwegian_NB-BERT,gemini25pro,amd_opt_sym,random_num16,0.394,2026-01-29 14:54:46,
norwegian_1,norwegian_NB-BERT,gemini25pro,prt,pca_num16,-0.097,2026-01-29 14:54:46,
norwegian_1,norwegian_NB-BERT,gemini25pro,apd,pca_num16,0.341,2026-01-29 14:54:46,
norwegian_1,norwegian_NB-BERT,gemini25pro,amd,pca_num16,0.545,2026-01-29 14:54:46,
norwegian_1,norwegian_NB-BERT,gemini25pro,amd_sym,pca_num16,0.628,2026-01-29 14:54:46,
norwegian_1,norwegian_NB-BERT,gemini25pro,amd_opt_sym,pca_num16,0.633,2026-01-29 14:54:46,
norwegian_2,xll,gemini25pro,prt,random_num16,0.452,2026-01-29 14:54:46,
norwegian_2,xll,gemini25pro,apd,random_num16,0.555,2026-01-29 14:54:46,
norwegian_2,xll,gemini25pro,amd,random_num16,0.537,2026-01-29 14:54:46,
norwegian_2,xll,gemini25pro,amd_sym,random_num16,0.502,2026-01-29 14:54:46,
norwegian_2,xll,gemini25pro,amd_opt_sym,random_num16,0.52,2026-01-29 14:54:46,
norwegian_2,xll,gemini25pro,prt,pca_num16,-0.045,2026-01-29 14:54:46,
norwegian_2,xll,gemini25pro,apd,pca_num16,0.292,2026-01-29 14:54:46,
norwegian_2,xll,gemini25pro,amd,pca_num16,0.575,2026-01-29 14:54:46,
norwegian_2,xll,gemini25pro,amd_sym,pca_num16,0.579,2026-01-29 14:54:46,
norwegian_2,xll,gemini25pro,amd_opt_sym,pca_num16,0.596,2026-01-29 14:54:46,
norwegian_2,xlmr,gemini25pro,prt,random_num16,0.35,2026-01-29 14:54:47,
norwegian_2,xlmr,gemini25pro,apd,random_num16,0.384,2026-01-29 14:54:47,
norwegian_2,xlmr,gemini25pro,amd,random_num16,0.197,2026-01-29 14:54:47,
norwegian_2,xlmr,gemini25pro,amd_sym,random_num16,0.164,2026-01-29 14:54:47,
norwegian_2,xlmr,gemini25pro,amd_opt_sym,random_num16,0.201,2026-01-29 14:54:47,
norwegian_2,xlmr,gemini25pro,prt,pca_num16,0.1,2026-01-29 14:54:47,
norwegian_2,xlmr,gemini25pro,apd,pca_num16,0.093,2026-01-29 14:54:47,
norwegian_2,xlmr,gemini25pro,amd,pca_num16,0.355,2026-01-29 14:54:47,
norwegian_2,xlmr,gemini25pro,amd_sym,pca_num16,0.312,2026-01-29 14:54:47,
norwegian_2,xlmr,gemini25pro,amd_opt_sym,pca_num16,0.306,2026-01-29 14:54:47,
norwegian_2,rembert,gemini25pro,prt,random_num16,0.248,2026-01-29 14:54:48,
norwegian_2,rembert,gemini25pro,apd,random_num16,0.126,2026-01-29 14:54:48,
norwegian_2,rembert,gemini25pro,amd,random_num16,0.22,2026-01-29 14:54:48,
norwegian_2,rembert,gemini25pro,amd_sym,random_num16,0.253,2026-01-29 14:54:48,
norwegian_2,rembert,gemini25pro,amd_opt_sym,random_num16,0.27,2026-01-29 14:54:48,
norwegian_2,rembert,gemini25pro,prt,pca_num16,-0.05,2026-01-29 14:54:48,
norwegian_2,rembert,gemini25pro,apd,pca_num16,0.286,2026-01-29 14:54:48,
norwegian_2,rembert,gemini25pro,amd,pca_num16,0.385,2026-01-29 14:54:48,
norwegian_2,rembert,gemini25pro,amd_sym,pca_num16,0.376,2026-01-29 14:54:48,
norwegian_2,rembert,gemini25pro,amd_opt_sym,pca_num16,0.412,2026-01-29 14:54:48,
norwegian_2,multilingual-e5,gemini25pro,prt,random_num16,0.174,2026-01-29 14:54:49,
norwegian_2,multilingual-e5,gemini25pro,apd,random_num16,0.083,2026-01-29 14:54:49,
norwegian_2,multilingual-e5,gemini25pro,amd,random_num16,0.206,2026-01-29 14:54:49,
norwegian_2,multilingual-e5,gemini25pro,amd_sym,random_num16,0.121,2026-01-29 14:54:49,
norwegian_2,multilingual-e5,gemini25pro,amd_opt_sym,random_num16,0.177,2026-01-29 14:54:49,
norwegian_2,multilingual-e5,gemini25pro,prt,pca_num16,0.22,2026-01-29 14:54:49,
norwegian_2,multilingual-e5,gemini25pro,apd,pca_num16,0.174,2026-01-29 14:54:49,
norwegian_2,multilingual-e5,gemini25pro,amd,pca_num16,0.105,2026-01-29 14:54:49,
norwegian_2,multilingual-e5,gemini25pro,amd_sym,pca_num16,0.202,2026-01-29 14:54:49,
norwegian_2,multilingual-e5,gemini25pro,amd_opt_sym,pca_num16,0.199,2026-01-29 14:54:49,
norwegian_2,mmbert,gemini25pro,prt,random_num16,0.327,2026-01-29 14:54:50,
norwegian_2,mmbert,gemini25pro,apd,random_num16,0.363,2026-01-29 14:54:50,
norwegian_2,mmbert,gemini25pro,amd,random_num16,0.299,2026-01-29 14:54:50,
norwegian_2,mmbert,gemini25pro,amd_sym,random_num16,0.301,2026-01-29 14:54:50,
norwegian_2,mmbert,gemini25pro,amd_opt_sym,random_num16,0.306,2026-01-29 14:54:50,
norwegian_2,mmbert,gemini25pro,prt,pca_num16,0.192,2026-01-29 14:54:50,
norwegian_2,mmbert,gemini25pro,apd,pca_num16,0.151,2026-01-29 14:54:50,
norwegian_2,mmbert,gemini25pro,amd,pca_num16,0.368,2026-01-29 14:54:50,
norwegian_2,mmbert,gemini25pro,amd_sym,pca_num16,0.351,2026-01-29 14:54:50,
norwegian_2,mmbert,gemini25pro,amd_opt_sym,pca_num16,0.404,2026-01-29 14:54:50,
norwegian_2,en,gemini25pro,prt,random_num16,0.518,2026-01-29 14:54:51,
norwegian_2,en,gemini25pro,apd,random_num16,0.528,2026-01-29 14:54:51,
norwegian_2,en,gemini25pro,amd,random_num16,0.588,2026-01-29 14:54:51,
norwegian_2,en,gemini25pro,amd_sym,random_num16,0.655,2026-01-29 14:54:51,
norwegian_2,en,gemini25pro,amd_opt_sym,random_num16,0.653,2026-01-29 14:54:51,
norwegian_2,en,gemini25pro,prt,pca_num16,-0.048,2026-01-29 14:54:51,
norwegian_2,en,gemini25pro,apd,pca_num16,0.323,2026-01-29 14:54:51,
norwegian_2,en,gemini25pro,amd,pca_num16,0.627,2026-01-29 14:54:51,
norwegian_2,en,gemini25pro,amd_sym,pca_num16,0.661,2026-01-29 14:54:51,
norwegian_2,en,gemini25pro,amd_opt_sym,pca_num16,0.663,2026-01-29 14:54:51,
norwegian_2,norwegian_NB-BERT,gemini25pro,prt,random_num16,0.331,2026-01-29 14:54:52,
norwegian_2,norwegian_NB-BERT,gemini25pro,apd,random_num16,0.415,2026-01-29 14:54:52,
norwegian_2,norwegian_NB-BERT,gemini25pro,amd,random_num16,0.208,2026-01-29 14:54:52,
norwegian_2,norwegian_NB-BERT,gemini25pro,amd_sym,random_num16,0.179,2026-01-29 14:54:52,
norwegian_2,norwegian_NB-BERT,gemini25pro,amd_opt_sym,random_num16,0.2,2026-01-29 14:54:52,
norwegian_2,norwegian_NB-BERT,gemini25pro,prt,pca_num16,-0.192,2026-01-29 14:54:52,
norwegian_2,norwegian_NB-BERT,gemini25pro,apd,pca_num16,0.138,2026-01-29 14:54:52,
norwegian_2,norwegian_NB-BERT,gemini25pro,amd,pca_num16,0.215,2026-01-29 14:54:52,
norwegian_2,norwegian_NB-BERT,gemini25pro,amd_sym,pca_num16,0.366,2026-01-29 14:54:52,
norwegian_2,norwegian_NB-BERT,gemini25pro,amd_opt_sym,pca_num16,0.333,2026-01-29 14:54:52,
english,xll,gemini25pro,prt,random_num8,0.488,2026-01-29 14:54:57,
english,xll,gemini25pro,apd,random_num8,0.619,2026-01-29 14:54:57,
english,xll,gemini25pro,amd,random_num8,0.639,2026-01-29 14:54:57,
english,xll,gemini25pro,amd_sym,random_num8,0.658,2026-01-29 14:54:57,
english,xll,gemini25pro,amd_opt_sym,random_num8,0.652,2026-01-29 14:54:57,
english,xll,gemini25pro,prt,pca_num8,0.077,2026-01-29 14:54:57,
english,xll,gemini25pro,apd,pca_num8,0.231,2026-01-29 14:54:57,
english,xll,gemini25pro,amd,pca_num8,0.481,2026-01-29 14:54:57,
english,xll,gemini25pro,amd_sym,pca_num8,0.581,2026-01-29 14:54:57,
english,xll,gemini25pro,amd_opt_sym,pca_num8,0.587,2026-01-29 14:54:57,
english,xlmr,gemini25pro,prt,random_num8,0.197,2026-01-29 14:55:03,
english,xlmr,gemini25pro,apd,random_num8,0.213,2026-01-29 14:55:03,
english,xlmr,gemini25pro,amd,random_num8,0.352,2026-01-29 14:55:03,
english,xlmr,gemini25pro,amd_sym,random_num8,0.146,2026-01-29 14:55:03,
english,xlmr,gemini25pro,amd_opt_sym,random_num8,0.235,2026-01-29 14:55:03,
english,xlmr,gemini25pro,prt,pca_num8,0.323,2026-01-29 14:55:03,
english,xlmr,gemini25pro,apd,pca_num8,0.19,2026-01-29 14:55:03,
english,xlmr,gemini25pro,amd,pca_num8,0.286,2026-01-29 14:55:03,
english,xlmr,gemini25pro,amd_sym,pca_num8,0.376,2026-01-29 14:55:03,
english,xlmr,gemini25pro,amd_opt_sym,pca_num8,0.402,2026-01-29 14:55:03,
english,rembert,gemini25pro,prt,random_num8,0.093,2026-01-29 14:55:08,
english,rembert,gemini25pro,apd,random_num8,0.233,2026-01-29 14:55:08,
english,rembert,gemini25pro,amd,random_num8,0.168,2026-01-29 14:55:08,
english,rembert,gemini25pro,amd_sym,random_num8,0.025,2026-01-29 14:55:08,
english,rembert,gemini25pro,amd_opt_sym,random_num8,0.078,2026-01-29 14:55:08,
english,rembert,gemini25pro,prt,pca_num8,-0.218,2026-01-29 14:55:08,
english,rembert,gemini25pro,apd,pca_num8,0.164,2026-01-29 14:55:08,
english,rembert,gemini25pro,amd,pca_num8,0.178,2026-01-29 14:55:08,
english,rembert,gemini25pro,amd_sym,pca_num8,0.286,2026-01-29 14:55:08,
english,rembert,gemini25pro,amd_opt_sym,pca_num8,0.281,2026-01-29 14:55:08,
english,multilingual-e5,gemini25pro,prt,random_num8,0.097,2026-01-29 14:55:13,
english,multilingual-e5,gemini25pro,apd,random_num8,0.114,2026-01-29 14:55:13,
english,multilingual-e5,gemini25pro,amd,random_num8,0.084,2026-01-29 14:55:13,
english,multilingual-e5,gemini25pro,amd_sym,random_num8,0.088,2026-01-29 14:55:13,
english,multilingual-e5,gemini25pro,amd_opt_sym,random_num8,0.116,2026-01-29 14:55:13,
english,multilingual-e5,gemini25pro,prt,pca_num8,0.23,2026-01-29 14:55:13,
english,multilingual-e5,gemini25pro,apd,pca_num8,0.205,2026-01-29 14:55:13,
english,multilingual-e5,gemini25pro,amd,pca_num8,0.252,2026-01-29 14:55:13,
english,multilingual-e5,gemini25pro,amd_sym,pca_num8,0.323,2026-01-29 14:55:13,
english,multilingual-e5,gemini25pro,amd_opt_sym,pca_num8,0.314,2026-01-29 14:55:13,
english,mmbert,gemini25pro,prt,random_num8,0.339,2026-01-29 14:55:19,
english,mmbert,gemini25pro,apd,random_num8,0.362,2026-01-29 14:55:19,
english,mmbert,gemini25pro,amd,random_num8,0.281,2026-01-29 14:55:19,
english,mmbert,gemini25pro,amd_sym,random_num8,0.228,2026-01-29 14:55:19,
english,mmbert,gemini25pro,amd_opt_sym,random_num8,0.261,2026-01-29 14:55:19,
english,mmbert,gemini25pro,prt,pca_num8,0.089,2026-01-29 14:55:19,
english,mmbert,gemini25pro,apd,pca_num8,0.047,2026-01-29 14:55:19,
english,mmbert,gemini25pro,amd,pca_num8,0.237,2026-01-29 14:55:19,
english,mmbert,gemini25pro,amd_sym,pca_num8,0.242,2026-01-29 14:55:19,
english,mmbert,gemini25pro,amd_opt_sym,pca_num8,0.236,2026-01-29 14:55:19,
english,en,gemini25pro,prt,random_num8,0.58,2026-01-29 14:55:24,
english,en,gemini25pro,apd,random_num8,0.635,2026-01-29 14:55:24,
english,en,gemini25pro,amd,random_num8,0.679,2026-01-29 14:55:24,
english,en,gemini25pro,amd_sym,random_num8,0.633,2026-01-29 14:55:24,
english,en,gemini25pro,amd_opt_sym,random_num8,0.672,2026-01-29 14:55:24,
english,en,gemini25pro,prt,pca_num8,0.074,2026-01-29 14:55:24,
english,en,gemini25pro,apd,pca_num8,0.239,2026-01-29 14:55:24,
english,en,gemini25pro,amd,pca_num8,0.557,2026-01-29 14:55:24,
english,en,gemini25pro,amd_sym,pca_num8,0.636,2026-01-29 14:55:24,
english,en,gemini25pro,amd_opt_sym,pca_num8,0.637,2026-01-29 14:55:24,
english,roberta,gemini25pro,prt,random_num8,-0.044,2026-01-29 14:55:30,
english,roberta,gemini25pro,apd,random_num8,0.013,2026-01-29 14:55:30,
english,roberta,gemini25pro,amd,random_num8,0.112,2026-01-29 14:55:30,
english,roberta,gemini25pro,amd_sym,random_num8,-0.005,2026-01-29 14:55:30,
english,roberta,gemini25pro,amd_opt_sym,random_num8,0.026,2026-01-29 14:55:30,
english,roberta,gemini25pro,prt,pca_num8,-0.031,2026-01-29 14:55:30,
english,roberta,gemini25pro,apd,pca_num8,0.086,2026-01-29 14:55:30,
english,roberta,gemini25pro,amd,pca_num8,0.207,2026-01-29 14:55:30,
english,roberta,gemini25pro,amd_sym,pca_num8,0.248,2026-01-29 14:55:30,
english,roberta,gemini25pro,amd_opt_sym,pca_num8,0.237,2026-01-29 14:55:30,
german,xll,gemini25pro,prt,random_num8,0.768,2026-01-29 14:55:34,
german,xll,gemini25pro,apd,random_num8,0.788,2026-01-29 14:55:34,
german,xll,gemini25pro,amd,random_num8,0.843,2026-01-29 14:55:34,
german,xll,gemini25pro,amd_sym,random_num8,0.822,2026-01-29 14:55:34,
german,xll,gemini25pro,amd_opt_sym,random_num8,0.833,2026-01-29 14:55:34,
german,xll,gemini25pro,prt,pca_num8,-0.277,2026-01-29 14:55:34,
german,xll,gemini25pro,apd,pca_num8,0.696,2026-01-29 14:55:34,
german,xll,gemini25pro,amd,pca_num8,0.735,2026-01-29 14:55:34,
german,xll,gemini25pro,amd_sym,pca_num8,0.876,2026-01-29 14:55:34,
german,xll,gemini25pro,amd_opt_sym,pca_num8,0.884,2026-01-29 14:55:34,
german,xlmr,gemini25pro,prt,random_num8,0.357,2026-01-29 14:55:38,
german,xlmr,gemini25pro,apd,random_num8,0.185,2026-01-29 14:55:38,
german,xlmr,gemini25pro,amd,random_num8,0.489,2026-01-29 14:55:38,
german,xlmr,gemini25pro,amd_sym,random_num8,0.536,2026-01-29 14:55:38,
german,xlmr,gemini25pro,amd_opt_sym,random_num8,0.535,2026-01-29 14:55:38,
german,xlmr,gemini25pro,prt,pca_num8,0.326,2026-01-29 14:55:38,
german,xlmr,gemini25pro,apd,pca_num8,0.456,2026-01-29 14:55:38,
german,xlmr,gemini25pro,amd,pca_num8,0.246,2026-01-29 14:55:38,
german,xlmr,gemini25pro,amd_sym,pca_num8,0.337,2026-01-29 14:55:38,
german,xlmr,gemini25pro,amd_opt_sym,pca_num8,0.346,2026-01-29 14:55:38,
german,rembert,gemini25pro,prt,random_num8,0.337,2026-01-29 14:55:43,
german,rembert,gemini25pro,apd,random_num8,0.359,2026-01-29 14:55:43,
german,rembert,gemini25pro,amd,random_num8,0.236,2026-01-29 14:55:43,
german,rembert,gemini25pro,amd_sym,random_num8,0.21,2026-01-29 14:55:43,
german,rembert,gemini25pro,amd_opt_sym,random_num8,0.235,2026-01-29 14:55:43,
german,rembert,gemini25pro,prt,pca_num8,-0.062,2026-01-29 14:55:43,
german,rembert,gemini25pro,apd,pca_num8,0.456,2026-01-29 14:55:43,
german,rembert,gemini25pro,amd,pca_num8,0.246,2026-01-29 14:55:43,
german,rembert,gemini25pro,amd_sym,pca_num8,0.4,2026-01-29 14:55:43,
german,rembert,gemini25pro,amd_opt_sym,pca_num8,0.417,2026-01-29 14:55:43,
german,multilingual-e5,gemini25pro,prt,random_num8,0.269,2026-01-29 14:55:47,
german,multilingual-e5,gemini25pro,apd,random_num8,0.009,2026-01-29 14:55:47,
german,multilingual-e5,gemini25pro,amd,random_num8,0.142,2026-01-29 14:55:47,
german,multilingual-e5,gemini25pro,amd_sym,random_num8,0.292,2026-01-29 14:55:47,
german,multilingual-e5,gemini25pro,amd_opt_sym,random_num8,0.256,2026-01-29 14:55:47,
german,multilingual-e5,gemini25pro,prt,pca_num8,0.335,2026-01-29 14:55:47,
german,multilingual-e5,gemini25pro,apd,pca_num8,0.53,2026-01-29 14:55:47,
german,multilingual-e5,gemini25pro,amd,pca_num8,0.247,2026-01-29 14:55:47,
german,multilingual-e5,gemini25pro,amd_sym,pca_num8,0.422,2026-01-29 14:55:47,
german,multilingual-e5,gemini25pro,amd_opt_sym,pca_num8,0.399,2026-01-29 14:55:47,
german,mmbert,gemini25pro,prt,random_num8,0.043,2026-01-29 14:55:51,
german,mmbert,gemini25pro,apd,random_num8,0.004,2026-01-29 14:55:51,
german,mmbert,gemini25pro,amd,random_num8,0.339,2026-01-29 14:55:51,
german,mmbert,gemini25pro,amd_sym,random_num8,0.331,2026-01-29 14:55:51,
german,mmbert,gemini25pro,amd_opt_sym,random_num8,0.344,2026-01-29 14:55:51,
german,mmbert,gemini25pro,prt,pca_num8,0.171,2026-01-29 14:55:51,
german,mmbert,gemini25pro,apd,pca_num8,0.479,2026-01-29 14:55:51,
german,mmbert,gemini25pro,amd,pca_num8,0.26,2026-01-29 14:55:51,
german,mmbert,gemini25pro,amd_sym,pca_num8,0.352,2026-01-29 14:55:51,
german,mmbert,gemini25pro,amd_opt_sym,pca_num8,0.394,2026-01-29 14:55:51,
german,en,gemini25pro,prt,random_num8,0.669,2026-01-29 14:55:55,
german,en,gemini25pro,apd,random_num8,0.584,2026-01-29 14:55:55,
german,en,gemini25pro,amd,random_num8,0.738,2026-01-29 14:55:55,
german,en,gemini25pro,amd_sym,random_num8,0.807,2026-01-29 14:55:55,
german,en,gemini25pro,amd_opt_sym,random_num8,0.819,2026-01-29 14:55:55,
german,en,gemini25pro,prt,pca_num8,-0.072,2026-01-29 14:55:55,
german,en,gemini25pro,apd,pca_num8,0.708,2026-01-29 14:55:55,
german,en,gemini25pro,amd,pca_num8,0.652,2026-01-29 14:55:55,
german,en,gemini25pro,amd_sym,pca_num8,0.866,2026-01-29 14:55:55,
german,en,gemini25pro,amd_opt_sym,pca_num8,0.865,2026-01-29 14:55:55,
german,german_GBERT,gemini25pro,prt,random_num8,0.65,2026-01-29 14:56:00,
german,german_GBERT,gemini25pro,apd,random_num8,0.437,2026-01-29 14:56:00,
german,german_GBERT,gemini25pro,amd,random_num8,0.314,2026-01-29 14:56:00,
german,german_GBERT,gemini25pro,amd_sym,random_num8,0.416,2026-01-29 14:56:00,
german,german_GBERT,gemini25pro,amd_opt_sym,random_num8,0.435,2026-01-29 14:56:00,
german,german_GBERT,gemini25pro,prt,pca_num8,-0.017,2026-01-29 14:56:00,
german,german_GBERT,gemini25pro,apd,pca_num8,0.6,2026-01-29 14:56:00,
german,german_GBERT,gemini25pro,amd,pca_num8,0.327,2026-01-29 14:56:00,
german,german_GBERT,gemini25pro,amd_sym,pca_num8,0.521,2026-01-29 14:56:00,
german,german_GBERT,gemini25pro,amd_opt_sym,pca_num8,0.507,2026-01-29 14:56:00,
swedish,xll,gemini25pro,prt,random_num8,0.478,2026-01-29 14:56:07,
swedish,xll,gemini25pro,apd,random_num8,0.65,2026-01-29 14:56:07,
swedish,xll,gemini25pro,amd,random_num8,0.713,2026-01-29 14:56:07,
swedish,xll,gemini25pro,amd_sym,random_num8,0.689,2026-01-29 14:56:07,
swedish,xll,gemini25pro,amd_opt_sym,random_num8,0.694,2026-01-29 14:56:07,
swedish,xll,gemini25pro,prt,pca_num8,-0.281,2026-01-29 14:56:07,
swedish,xll,gemini25pro,apd,pca_num8,0.111,2026-01-29 14:56:07,
swedish,xll,gemini25pro,amd,pca_num8,0.603,2026-01-29 14:56:07,
swedish,xll,gemini25pro,amd_sym,pca_num8,0.719,2026-01-29 14:56:07,
swedish,xll,gemini25pro,amd_opt_sym,pca_num8,0.732,2026-01-29 14:56:07,
swedish,xlmr,gemini25pro,prt,random_num8,-0.006,2026-01-29 14:56:13,
swedish,xlmr,gemini25pro,apd,random_num8,0.115,2026-01-29 14:56:13,
swedish,xlmr,gemini25pro,amd,random_num8,0.065,2026-01-29 14:56:13,
swedish,xlmr,gemini25pro,amd_sym,random_num8,-0.07,2026-01-29 14:56:13,
swedish,xlmr,gemini25pro,amd_opt_sym,random_num8,-0.075,2026-01-29 14:56:13,
swedish,xlmr,gemini25pro,prt,pca_num8,-0.236,2026-01-29 14:56:13,
swedish,xlmr,gemini25pro,apd,pca_num8,-0.115,2026-01-29 14:56:13,
swedish,xlmr,gemini25pro,amd,pca_num8,0.23,2026-01-29 14:56:13,
swedish,xlmr,gemini25pro,amd_sym,pca_num8,0.098,2026-01-29 14:56:13,
swedish,xlmr,gemini25pro,amd_opt_sym,pca_num8,0.105,2026-01-29 14:56:13,
swedish,rembert,gemini25pro,prt,random_num8,0.041,2026-01-29 14:56:20,
swedish,rembert,gemini25pro,apd,random_num8,-0.011,2026-01-29 14:56:20,
swedish,rembert,gemini25pro,amd,random_num8,0.26,2026-01-29 14:56:20,
swedish,rembert,gemini25pro,amd_sym,random_num8,0.156,2026-01-29 14:56:20,
swedish,rembert,gemini25pro,amd_opt_sym,random_num8,0.182,2026-01-29 14:56:20,
swedish,rembert,gemini25pro,prt,pca_num8,0.012,2026-01-29 14:56:20,
swedish,rembert,gemini25pro,apd,pca_num8,0.043,2026-01-29 14:56:20,
swedish,rembert,gemini25pro,amd,pca_num8,0.204,2026-01-29 14:56:20,
swedish,rembert,gemini25pro,amd_sym,pca_num8,0.214,2026-01-29 14:56:20,
swedish,rembert,gemini25pro,amd_opt_sym,pca_num8,0.204,2026-01-29 14:56:20,
swedish,multilingual-e5,gemini25pro,prt,random_num8,0.053,2026-01-29 14:56:26,
swedish,multilingual-e5,gemini25pro,apd,random_num8,0.053,2026-01-29 14:56:26,
swedish,multilingual-e5,gemini25pro,amd,random_num8,0.087,2026-01-29 14:56:26,
swedish,multilingual-e5,gemini25pro,amd_sym,random_num8,0.132,2026-01-29 14:56:26,
swedish,multilingual-e5,gemini25pro,amd_opt_sym,random_num8,0.104,2026-01-29 14:56:26,
swedish,multilingual-e5,gemini25pro,prt,pca_num8,0.203,2026-01-29 14:56:26,
swedish,multilingual-e5,gemini25pro,apd,pca_num8,-0.042,2026-01-29 14:56:26,
swedish,multilingual-e5,gemini25pro,amd,pca_num8,0.145,2026-01-29 14:56:26,
swedish,multilingual-e5,gemini25pro,amd_sym,pca_num8,0.199,2026-01-29 14:56:26,
swedish,multilingual-e5,gemini25pro,amd_opt_sym,pca_num8,0.232,2026-01-29 14:56:26,
swedish,mmbert,gemini25pro,prt,random_num8,-0.061,2026-01-29 14:56:33,
swedish,mmbert,gemini25pro,apd,random_num8,-0.05,2026-01-29 14:56:33,
swedish,mmbert,gemini25pro,amd,random_num8,0.328,2026-01-29 14:56:33,
swedish,mmbert,gemini25pro,amd_sym,random_num8,0.18,2026-01-29 14:56:33,
swedish,mmbert,gemini25pro,amd_opt_sym,random_num8,0.177,2026-01-29 14:56:33,
swedish,mmbert,gemini25pro,prt,pca_num8,0.138,2026-01-29 14:56:33,
swedish,mmbert,gemini25pro,apd,pca_num8,-0.065,2026-01-29 14:56:33,
swedish,mmbert,gemini25pro,amd,pca_num8,0.363,2026-01-29 14:56:33,
swedish,mmbert,gemini25pro,amd_sym,pca_num8,0.231,2026-01-29 14:56:33,
swedish,mmbert,gemini25pro,amd_opt_sym,pca_num8,0.213,2026-01-29 14:56:33,
swedish,en,gemini25pro,prt,random_num8,-0.01,2026-01-29 14:56:40,
swedish,en,gemini25pro,apd,random_num8,0.274,2026-01-29 14:56:40,
swedish,en,gemini25pro,amd,random_num8,0.61,2026-01-29 14:56:40,
swedish,en,gemini25pro,amd_sym,random_num8,0.64,2026-01-29 14:56:40,
swedish,en,gemini25pro,amd_opt_sym,random_num8,0.641,2026-01-29 14:56:40,
swedish,en,gemini25pro,prt,pca_num8,-0.086,2026-01-29 14:56:40,
swedish,en,gemini25pro,apd,pca_num8,-0.053,2026-01-29 14:56:40,
swedish,en,gemini25pro,amd,pca_num8,0.482,2026-01-29 14:56:40,
swedish,en,gemini25pro,amd_sym,pca_num8,0.692,2026-01-29 14:56:40,
swedish,en,gemini25pro,amd_opt_sym,pca_num8,0.715,2026-01-29 14:56:40,
swedish,swedish_MegatronBERT,gemini25pro,prt,random_num8,0.113,2026-01-29 14:56:47,
swedish,swedish_MegatronBERT,gemini25pro,apd,random_num8,-0.045,2026-01-29 14:56:47,
swedish,swedish_MegatronBERT,gemini25pro,amd,random_num8,0.216,2026-01-29 14:56:47,
swedish,swedish_MegatronBERT,gemini25pro,amd_sym,random_num8,0.179,2026-01-29 14:56:47,
swedish,swedish_MegatronBERT,gemini25pro,amd_opt_sym,random_num8,0.22,2026-01-29 14:56:47,
swedish,swedish_MegatronBERT,gemini25pro,prt,pca_num8,0.308,2026-01-29 14:56:47,
swedish,swedish_MegatronBERT,gemini25pro,apd,pca_num8,0.169,2026-01-29 14:56:47,
swedish,swedish_MegatronBERT,gemini25pro,amd,pca_num8,0.2,2026-01-29 14:56:47,
swedish,swedish_MegatronBERT,gemini25pro,amd_sym,pca_num8,0.037,2026-01-29 14:56:47,
swedish,swedish_MegatronBERT,gemini25pro,amd_opt_sym,pca_num8,0.087,2026-01-29 14:56:47,
latin,xll,gemini25pro,prt,random_num8,0.3,2026-01-29 14:56:56,
latin,xll,gemini25pro,apd,random_num8,-0.176,2026-01-29 14:56:56,
latin,xll,gemini25pro,amd,random_num8,-0.011,2026-01-29 14:56:56,
latin,xll,gemini25pro,amd_sym,random_num8,0.199,2026-01-29 14:56:56,
latin,xll,gemini25pro,amd_opt_sym,random_num8,0.208,2026-01-29 14:56:56,
latin,xll,gemini25pro,prt,pca_num8,-0.223,2026-01-29 14:56:56,
latin,xll,gemini25pro,apd,pca_num8,0.454,2026-01-29 14:56:56,
latin,xll,gemini25pro,amd,pca_num8,0.194,2026-01-29 14:56:56,
latin,xll,gemini25pro,amd_sym,pca_num8,0.382,2026-01-29 14:56:56,
latin,xll,gemini25pro,amd_opt_sym,pca_num8,0.383,2026-01-29 14:56:56,
latin,xlmr,gemini25pro,prt,random_num8,0.302,2026-01-29 14:57:04,
latin,xlmr,gemini25pro,apd,random_num8,0.155,2026-01-29 14:57:04,
latin,xlmr,gemini25pro,amd,random_num8,0.072,2026-01-29 14:57:04,
latin,xlmr,gemini25pro,amd_sym,random_num8,0.182,2026-01-29 14:57:04,
latin,xlmr,gemini25pro,amd_opt_sym,random_num8,0.165,2026-01-29 14:57:04,
latin,xlmr,gemini25pro,prt,pca_num8,-0.166,2026-01-29 14:57:04,
latin,xlmr,gemini25pro,apd,pca_num8,0.519,2026-01-29 14:57:04,
latin,xlmr,gemini25pro,amd,pca_num8,0.284,2026-01-29 14:57:04,
latin,xlmr,gemini25pro,amd_sym,pca_num8,0.379,2026-01-29 14:57:04,
latin,xlmr,gemini25pro,amd_opt_sym,pca_num8,0.365,2026-01-29 14:57:04,
latin,rembert,gemini25pro,prt,random_num8,0.478,2026-01-29 14:57:14,
latin,rembert,gemini25pro,apd,random_num8,0.025,2026-01-29 14:57:14,
latin,rembert,gemini25pro,amd,random_num8,0.017,2026-01-29 14:57:14,
latin,rembert,gemini25pro,amd_sym,random_num8,0.206,2026-01-29 14:57:14,
latin,rembert,gemini25pro,amd_opt_sym,random_num8,0.217,2026-01-29 14:57:14,
latin,rembert,gemini25pro,prt,pca_num8,-0.086,2026-01-29 14:57:14,
latin,rembert,gemini25pro,apd,pca_num8,0.541,2026-01-29 14:57:14,
latin,rembert,gemini25pro,amd,pca_num8,0.312,2026-01-29 14:57:14,
latin,rembert,gemini25pro,amd_sym,pca_num8,0.393,2026-01-29 14:57:14,
latin,rembert,gemini25pro,amd_opt_sym,pca_num8,0.439,2026-01-29 14:57:14,
latin,multilingual-e5,gemini25pro,prt,random_num8,0.255,2026-01-29 14:57:24,
latin,multilingual-e5,gemini25pro,apd,random_num8,-0.136,2026-01-29 14:57:24,
latin,multilingual-e5,gemini25pro,amd,random_num8,-0.047,2026-01-29 14:57:24,
latin,multilingual-e5,gemini25pro,amd_sym,random_num8,0.143,2026-01-29 14:57:24,
latin,multilingual-e5,gemini25pro,amd_opt_sym,random_num8,0.1,2026-01-29 14:57:24,
latin,multilingual-e5,gemini25pro,prt,pca_num8,0.515,2026-01-29 14:57:24,
latin,multilingual-e5,gemini25pro,apd,pca_num8,0.549,2026-01-29 14:57:24,
latin,multilingual-e5,gemini25pro,amd,pca_num8,0.293,2026-01-29 14:57:24,
latin,multilingual-e5,gemini25pro,amd_sym,pca_num8,0.391,2026-01-29 14:57:24,
latin,multilingual-e5,gemini25pro,amd_opt_sym,pca_num8,0.386,2026-01-29 14:57:24,
latin,mmbert,gemini25pro,prt,random_num8,0.217,2026-01-29 14:57:34,
latin,mmbert,gemini25pro,apd,random_num8,0.13,2026-01-29 14:57:34,
latin,mmbert,gemini25pro,amd,random_num8,0.112,2026-01-29 14:57:34,
latin,mmbert,gemini25pro,amd_sym,random_num8,0.2,2026-01-29 14:57:34,
latin,mmbert,gemini25pro,amd_opt_sym,random_num8,0.188,2026-01-29 14:57:34,
latin,mmbert,gemini25pro,prt,pca_num8,0.029,2026-01-29 14:57:34,
latin,mmbert,gemini25pro,apd,pca_num8,0.475,2026-01-29 14:57:34,
latin,mmbert,gemini25pro,amd,pca_num8,0.305,2026-01-29 14:57:34,
latin,mmbert,gemini25pro,amd_sym,pca_num8,0.28,2026-01-29 14:57:34,
latin,mmbert,gemini25pro,amd_opt_sym,pca_num8,0.317,2026-01-29 14:57:34,
latin,en,gemini25pro,prt,random_num8,0.391,2026-01-29 14:57:44,
latin,en,gemini25pro,apd,random_num8,0.146,2026-01-29 14:57:44,
latin,en,gemini25pro,amd,random_num8,0.049,2026-01-29 14:57:44,
latin,en,gemini25pro,amd_sym,random_num8,0.234,2026-01-29 14:57:44,
latin,en,gemini25pro,amd_opt_sym,random_num8,0.202,2026-01-29 14:57:44,
latin,en,gemini25pro,prt,pca_num8,-0.062,2026-01-29 14:57:44,
latin,en,gemini25pro,apd,pca_num8,0.501,2026-01-29 14:57:44,
latin,en,gemini25pro,amd,pca_num8,0.157,2026-01-29 14:57:44,
latin,en,gemini25pro,amd_sym,pca_num8,0.333,2026-01-29 14:57:44,
latin,en,gemini25pro,amd_opt_sym,pca_num8,0.305,2026-01-29 14:57:44,
latin,latin_BammanBurns,gemini25pro,prt,random_num8,0.194,2026-01-29 14:57:54,
latin,latin_BammanBurns,gemini25pro,apd,random_num8,-0.116,2026-01-29 14:57:54,
latin,latin_BammanBurns,gemini25pro,amd,random_num8,0.17,2026-01-29 14:57:54,
latin,latin_BammanBurns,gemini25pro,amd_sym,random_num8,0.222,2026-01-29 14:57:54,
latin,latin_BammanBurns,gemini25pro,amd_opt_sym,random_num8,0.228,2026-01-29 14:57:54,
latin,latin_BammanBurns,gemini25pro,prt,pca_num8,0.231,2026-01-29 14:57:54,
latin,latin_BammanBurns,gemini25pro,apd,pca_num8,0.281,2026-01-29 14:57:54,
latin,latin_BammanBurns,gemini25pro,amd,pca_num8,0.229,2026-01-29 14:57:54,
latin,latin_BammanBurns,gemini25pro,amd_sym,pca_num8,0.248,2026-01-29 14:57:54,
latin,latin_BammanBurns,gemini25pro,amd_opt_sym,pca_num8,0.237,2026-01-29 14:57:54,
spanish,xll,gemini25pro,prt,random_num8,0.449,2026-01-29 14:57:55,
spanish,xll,gemini25pro,apd,random_num8,0.533,2026-01-29 14:57:55,
spanish,xll,gemini25pro,amd,random_num8,0.642,2026-01-29 14:57:55,
spanish,xll,gemini25pro,amd_sym,random_num8,0.649,2026-01-29 14:57:55,
spanish,xll,gemini25pro,amd_opt_sym,random_num8,0.642,2026-01-29 14:57:55,
spanish,xll,gemini25pro,prt,pca_num8,0.1,2026-01-29 14:57:55,
spanish,xll,gemini25pro,apd,pca_num8,0.37,2026-01-29 14:57:55,
spanish,xll,gemini25pro,amd,pca_num8,0.672,2026-01-29 14:57:55,
spanish,xll,gemini25pro,amd_sym,pca_num8,0.667,2026-01-29 14:57:55,
spanish,xll,gemini25pro,amd_opt_sym,pca_num8,0.666,2026-01-29 14:57:55,
spanish,xlmr,gemini25pro,prt,random_num8,0.148,2026-01-29 14:57:57,
spanish,xlmr,gemini25pro,apd,random_num8,0.131,2026-01-29 14:57:57,
spanish,xlmr,gemini25pro,amd,random_num8,-0.119,2026-01-29 14:57:57,
spanish,xlmr,gemini25pro,amd_sym,random_num8,-0.093,2026-01-29 14:57:57,
spanish,xlmr,gemini25pro,amd_opt_sym,random_num8,-0.07,2026-01-29 14:57:57,
spanish,xlmr,gemini25pro,prt,pca_num8,-0.179,2026-01-29 14:57:57,
spanish,xlmr,gemini25pro,apd,pca_num8,0.205,2026-01-29 14:57:57,
spanish,xlmr,gemini25pro,amd,pca_num8,0.273,2026-01-29 14:57:57,
spanish,xlmr,gemini25pro,amd_sym,pca_num8,0.226,2026-01-29 14:57:57,
spanish,xlmr,gemini25pro,amd_opt_sym,pca_num8,0.24,2026-01-29 14:57:57,
spanish,rembert,gemini25pro,prt,random_num8,0.014,2026-01-29 14:57:58,
spanish,rembert,gemini25pro,apd,random_num8,-0.007,2026-01-29 14:57:58,
spanish,rembert,gemini25pro,amd,random_num8,0.062,2026-01-29 14:57:58,
spanish,rembert,gemini25pro,amd_sym,random_num8,0.054,2026-01-29 14:57:58,
spanish,rembert,gemini25pro,amd_opt_sym,random_num8,0.055,2026-01-29 14:57:58,
spanish,rembert,gemini25pro,prt,pca_num8,0.05,2026-01-29 14:57:58,
spanish,rembert,gemini25pro,apd,pca_num8,0.234,2026-01-29 14:57:58,
spanish,rembert,gemini25pro,amd,pca_num8,0.315,2026-01-29 14:57:58,
spanish,rembert,gemini25pro,amd_sym,pca_num8,0.308,2026-01-29 14:57:58,
spanish,rembert,gemini25pro,amd_opt_sym,pca_num8,0.322,2026-01-29 14:57:58,
spanish,multilingual-e5,gemini25pro,prt,random_num8,0.17,2026-01-29 14:58:00,
spanish,multilingual-e5,gemini25pro,apd,random_num8,0.099,2026-01-29 14:58:00,
spanish,multilingual-e5,gemini25pro,amd,random_num8,-0.044,2026-01-29 14:58:00,
spanish,multilingual-e5,gemini25pro,amd_sym,random_num8,0.033,2026-01-29 14:58:00,
spanish,multilingual-e5,gemini25pro,amd_opt_sym,random_num8,-0.019,2026-01-29 14:58:00,
spanish,multilingual-e5,gemini25pro,prt,pca_num8,-0.064,2026-01-29 14:58:00,
spanish,multilingual-e5,gemini25pro,apd,pca_num8,0.345,2026-01-29 14:58:00,
spanish,multilingual-e5,gemini25pro,amd,pca_num8,0.389,2026-01-29 14:58:00,
spanish,multilingual-e5,gemini25pro,amd_sym,pca_num8,0.358,2026-01-29 14:58:00,
spanish,multilingual-e5,gemini25pro,amd_opt_sym,pca_num8,0.375,2026-01-29 14:58:00,
spanish,mmbert,gemini25pro,prt,random_num8,0.181,2026-01-29 14:58:01,
spanish,mmbert,gemini25pro,apd,random_num8,0.178,2026-01-29 14:58:01,
spanish,mmbert,gemini25pro,amd,random_num8,-0.036,2026-01-29 14:58:01,
spanish,mmbert,gemini25pro,amd_sym,random_num8,-0.058,2026-01-29 14:58:01,
spanish,mmbert,gemini25pro,amd_opt_sym,random_num8,-0.047,2026-01-29 14:58:01,
spanish,mmbert,gemini25pro,prt,pca_num8,-0.117,2026-01-29 14:58:01,
spanish,mmbert,gemini25pro,apd,pca_num8,0.2,2026-01-29 14:58:01,
spanish,mmbert,gemini25pro,amd,pca_num8,0.39,2026-01-29 14:58:01,
spanish,mmbert,gemini25pro,amd_sym,pca_num8,0.264,2026-01-29 14:58:01,
spanish,mmbert,gemini25pro,amd_opt_sym,pca_num8,0.307,2026-01-29 14:58:01,
spanish,en,gemini25pro,prt,random_num8,0.433,2026-01-29 14:58:02,
spanish,en,gemini25pro,apd,random_num8,0.521,2026-01-29 14:58:02,
spanish,en,gemini25pro,amd,random_num8,0.592,2026-01-29 14:58:02,
spanish,en,gemini25pro,amd_sym,random_num8,0.616,2026-01-29 14:58:02,
spanish,en,gemini25pro,amd_opt_sym,random_num8,0.619,2026-01-29 14:58:02,
spanish,en,gemini25pro,prt,pca_num8,0.037,2026-01-29 14:58:02,
spanish,en,gemini25pro,apd,pca_num8,0.321,2026-01-29 14:58:02,
spanish,en,gemini25pro,amd,pca_num8,0.651,2026-01-29 14:58:02,
spanish,en,gemini25pro,amd_sym,pca_num8,0.679,2026-01-29 14:58:02,
spanish,en,gemini25pro,amd_opt_sym,pca_num8,0.685,2026-01-29 14:58:02,
spanish,spanish_BERT_WWM,gemini25pro,prt,random_num8,-0.001,2026-01-29 14:58:04,
spanish,spanish_BERT_WWM,gemini25pro,apd,random_num8,-0.025,2026-01-29 14:58:04,
spanish,spanish_BERT_WWM,gemini25pro,amd,random_num8,0.166,2026-01-29 14:58:04,
spanish,spanish_BERT_WWM,gemini25pro,amd_sym,random_num8,0.165,2026-01-29 14:58:04,
spanish,spanish_BERT_WWM,gemini25pro,amd_opt_sym,random_num8,0.18,2026-01-29 14:58:04,
spanish,spanish_BERT_WWM,gemini25pro,prt,pca_num8,-0.063,2026-01-29 14:58:04,
spanish,spanish_BERT_WWM,gemini25pro,apd,pca_num8,0.247,2026-01-29 14:58:04,
spanish,spanish_BERT_WWM,gemini25pro,amd,pca_num8,0.372,2026-01-29 14:58:04,
spanish,spanish_BERT_WWM,gemini25pro,amd_sym,pca_num8,0.327,2026-01-29 14:58:04,
spanish,spanish_BERT_WWM,gemini25pro,amd_opt_sym,pca_num8,0.341,2026-01-29 14:58:04,
chinese,xll,gemini25pro,prt,random_num8,0.7,2026-01-29 14:58:04,
chinese,xll,gemini25pro,apd,random_num8,0.687,2026-01-29 14:58:04,
chinese,xll,gemini25pro,amd,random_num8,0.637,2026-01-29 14:58:04,
chinese,xll,gemini25pro,amd_sym,random_num8,0.593,2026-01-29 14:58:04,
chinese,xll,gemini25pro,amd_opt_sym,random_num8,0.614,2026-01-29 14:58:04,
chinese,xll,gemini25pro,prt,pca_num8,-0.06,2026-01-29 14:58:04,
chinese,xll,gemini25pro,apd,pca_num8,0.383,2026-01-29 14:58:04,
chinese,xll,gemini25pro,amd,pca_num8,0.694,2026-01-29 14:58:04,
chinese,xll,gemini25pro,amd_sym,pca_num8,0.725,2026-01-29 14:58:04,
chinese,xll,gemini25pro,amd_opt_sym,pca_num8,0.73,2026-01-29 14:58:04,
chinese,xlmr,gemini25pro,prt,random_num8,0.151,2026-01-29 14:58:05,
chinese,xlmr,gemini25pro,apd,random_num8,0.208,2026-01-29 14:58:05,
chinese,xlmr,gemini25pro,amd,random_num8,0.145,2026-01-29 14:58:05,
chinese,xlmr,gemini25pro,amd_sym,random_num8,0.071,2026-01-29 14:58:05,
chinese,xlmr,gemini25pro,amd_opt_sym,random_num8,0.064,2026-01-29 14:58:05,
chinese,xlmr,gemini25pro,prt,pca_num8,0.198,2026-01-29 14:58:05,
chinese,xlmr,gemini25pro,apd,pca_num8,0.254,2026-01-29 14:58:05,
chinese,xlmr,gemini25pro,amd,pca_num8,0.408,2026-01-29 14:58:05,
chinese,xlmr,gemini25pro,amd_sym,pca_num8,0.332,2026-01-29 14:58:05,
chinese,xlmr,gemini25pro,amd_opt_sym,pca_num8,0.333,2026-01-29 14:58:05,
chinese,rembert,gemini25pro,prt,random_num8,0.358,2026-01-29 14:58:06,
chinese,rembert,gemini25pro,apd,random_num8,0.243,2026-01-29 14:58:06,
chinese,rembert,gemini25pro,amd,random_num8,0.081,2026-01-29 14:58:06,
chinese,rembert,gemini25pro,amd_sym,random_num8,0.139,2026-01-29 14:58:06,
chinese,rembert,gemini25pro,amd_opt_sym,random_num8,0.154,2026-01-29 14:58:06,
chinese,rembert,gemini25pro,prt,pca_num8,-0.256,2026-01-29 14:58:06,
chinese,rembert,gemini25pro,apd,pca_num8,0.26,2026-01-29 14:58:06,
chinese,rembert,gemini25pro,amd,pca_num8,0.342,2026-01-29 14:58:06,
chinese,rembert,gemini25pro,amd_sym,pca_num8,0.33,2026-01-29 14:58:06,
chinese,rembert,gemini25pro,amd_opt_sym,pca_num8,0.292,2026-01-29 14:58:06,
chinese,multilingual-e5,gemini25pro,prt,random_num8,-0.029,2026-01-29 14:58:06,
chinese,multilingual-e5,gemini25pro,apd,random_num8,-0.216,2026-01-29 14:58:06,
chinese,multilingual-e5,gemini25pro,amd,random_num8,-0.019,2026-01-29 14:58:06,
chinese,multilingual-e5,gemini25pro,amd_sym,random_num8,0.05,2026-01-29 14:58:06,
chinese,multilingual-e5,gemini25pro,amd_opt_sym,random_num8,0.036,2026-01-29 14:58:06,
chinese,multilingual-e5,gemini25pro,prt,pca_num8,0.238,2026-01-29 14:58:06,
chinese,multilingual-e5,gemini25pro,apd,pca_num8,0.155,2026-01-29 14:58:06,
chinese,multilingual-e5,gemini25pro,amd,pca_num8,0.345,2026-01-29 14:58:06,
chinese,multilingual-e5,gemini25pro,amd_sym,pca_num8,0.239,2026-01-29 14:58:06,
chinese,multilingual-e5,gemini25pro,amd_opt_sym,pca_num8,0.263,2026-01-29 14:58:06,
chinese,mmbert,gemini25pro,prt,random_num8,0.292,2026-01-29 14:58:07,
chinese,mmbert,gemini25pro,apd,random_num8,0.177,2026-01-29 14:58:07,
chinese,mmbert,gemini25pro,amd,random_num8,0.224,2026-01-29 14:58:07,
chinese,mmbert,gemini25pro,amd_sym,random_num8,0.3,2026-01-29 14:58:07,
chinese,mmbert,gemini25pro,amd_opt_sym,random_num8,0.296,2026-01-29 14:58:07,
chinese,mmbert,gemini25pro,prt,pca_num8,0.094,2026-01-29 14:58:07,
chinese,mmbert,gemini25pro,apd,pca_num8,0.285,2026-01-29 14:58:07,
chinese,mmbert,gemini25pro,amd,pca_num8,0.372,2026-01-29 14:58:07,
chinese,mmbert,gemini25pro,amd_sym,pca_num8,0.25,2026-01-29 14:58:07,
chinese,mmbert,gemini25pro,amd_opt_sym,pca_num8,0.28,2026-01-29 14:58:07,
chinese,en,gemini25pro,prt,random_num8,0.618,2026-01-29 14:58:08,
chinese,en,gemini25pro,apd,random_num8,0.65,2026-01-29 14:58:08,
chinese,en,gemini25pro,amd,random_num8,0.58,2026-01-29 14:58:08,
chinese,en,gemini25pro,amd_sym,random_num8,0.628,2026-01-29 14:58:08,
chinese,en,gemini25pro,amd_opt_sym,random_num8,0.63,2026-01-29 14:58:08,
chinese,en,gemini25pro,prt,pca_num8,0.119,2026-01-29 14:58:08,
chinese,en,gemini25pro,apd,pca_num8,0.32,2026-01-29 14:58:08,
chinese,en,gemini25pro,amd,pca_num8,0.621,2026-01-29 14:58:08,
chinese,en,gemini25pro,amd_sym,pca_num8,0.705,2026-01-29 14:58:08,
chinese,en,gemini25pro,amd_opt_sym,pca_num8,0.71,2026-01-29 14:58:08,
chinese,chinese_RoBERTa_WWM,gemini25pro,prt,random_num8,0.098,2026-01-29 14:58:09,
chinese,chinese_RoBERTa_WWM,gemini25pro,apd,random_num8,-0.014,2026-01-29 14:58:09,
chinese,chinese_RoBERTa_WWM,gemini25pro,amd,random_num8,0.387,2026-01-29 14:58:09,
chinese,chinese_RoBERTa_WWM,gemini25pro,amd_sym,random_num8,0.458,2026-01-29 14:58:09,
chinese,chinese_RoBERTa_WWM,gemini25pro,amd_opt_sym,random_num8,0.334,2026-01-29 14:58:09,
chinese,chinese_RoBERTa_WWM,gemini25pro,prt,pca_num8,-0.197,2026-01-29 14:58:09,
chinese,chinese_RoBERTa_WWM,gemini25pro,apd,pca_num8,0.257,2026-01-29 14:58:09,
chinese,chinese_RoBERTa_WWM,gemini25pro,amd,pca_num8,0.492,2026-01-29 14:58:09,
chinese,chinese_RoBERTa_WWM,gemini25pro,amd_sym,pca_num8,0.366,2026-01-29 14:58:09,
chinese,chinese_RoBERTa_WWM,gemini25pro,amd_opt_sym,pca_num8,0.435,2026-01-29 14:58:09,
norwegian_1,xll,gemini25pro,prt,random_num8,0.534,2026-01-29 14:58:09,
norwegian_1,xll,gemini25pro,apd,random_num8,0.564,2026-01-29 14:58:09,
norwegian_1,xll,gemini25pro,amd,random_num8,0.732,2026-01-29 14:58:09,
norwegian_1,xll,gemini25pro,amd_sym,random_num8,0.68,2026-01-29 14:58:09,
norwegian_1,xll,gemini25pro,amd_opt_sym,random_num8,0.676,2026-01-29 14:58:09,
norwegian_1,xll,gemini25pro,prt,pca_num8,-0.101,2026-01-29 14:58:09,
norwegian_1,xll,gemini25pro,apd,pca_num8,0.564,2026-01-29 14:58:09,
norwegian_1,xll,gemini25pro,amd,pca_num8,0.718,2026-01-29 14:58:09,
norwegian_1,xll,gemini25pro,amd_sym,pca_num8,0.711,2026-01-29 14:58:09,
norwegian_1,xll,gemini25pro,amd_opt_sym,pca_num8,0.728,2026-01-29 14:58:09,
norwegian_1,xlmr,gemini25pro,prt,random_num8,0.241,2026-01-29 14:58:10,
norwegian_1,xlmr,gemini25pro,apd,random_num8,0.174,2026-01-29 14:58:10,
norwegian_1,xlmr,gemini25pro,amd,random_num8,0.215,2026-01-29 14:58:10,
norwegian_1,xlmr,gemini25pro,amd_sym,random_num8,0.29,2026-01-29 14:58:10,
norwegian_1,xlmr,gemini25pro,amd_opt_sym,random_num8,0.316,2026-01-29 14:58:10,
norwegian_1,xlmr,gemini25pro,prt,pca_num8,0.207,2026-01-29 14:58:10,
norwegian_1,xlmr,gemini25pro,apd,pca_num8,0.445,2026-01-29 14:58:10,
norwegian_1,xlmr,gemini25pro,amd,pca_num8,0.656,2026-01-29 14:58:10,
norwegian_1,xlmr,gemini25pro,amd_sym,pca_num8,0.601,2026-01-29 14:58:10,
norwegian_1,xlmr,gemini25pro,amd_opt_sym,pca_num8,0.607,2026-01-29 14:58:10,
norwegian_1,rembert,gemini25pro,prt,random_num8,0.339,2026-01-29 14:58:10,
norwegian_1,rembert,gemini25pro,apd,random_num8,0.458,2026-01-29 14:58:10,
norwegian_1,rembert,gemini25pro,amd,random_num8,0.214,2026-01-29 14:58:10,
norwegian_1,rembert,gemini25pro,amd_sym,random_num8,0.094,2026-01-29 14:58:10,
norwegian_1,rembert,gemini25pro,amd_opt_sym,random_num8,0.136,2026-01-29 14:58:10,
norwegian_1,rembert,gemini25pro,prt,pca_num8,-0.007,2026-01-29 14:58:10,
norwegian_1,rembert,gemini25pro,apd,pca_num8,0.463,2026-01-29 14:58:10,
norwegian_1,rembert,gemini25pro,amd,pca_num8,0.533,2026-01-29 14:58:10,
norwegian_1,rembert,gemini25pro,amd_sym,pca_num8,0.599,2026-01-29 14:58:10,
norwegian_1,rembert,gemini25pro,amd_opt_sym,pca_num8,0.593,2026-01-29 14:58:10,
norwegian_1,multilingual-e5,gemini25pro,prt,random_num8,0.428,2026-01-29 14:58:11,
norwegian_1,multilingual-e5,gemini25pro,apd,random_num8,0.149,2026-01-29 14:58:11,
norwegian_1,multilingual-e5,gemini25pro,amd,random_num8,0.375,2026-01-29 14:58:11,
norwegian_1,multilingual-e5,gemini25pro,amd_sym,random_num8,0.251,2026-01-29 14:58:11,
norwegian_1,multilingual-e5,gemini25pro,amd_opt_sym,random_num8,0.337,2026-01-29 14:58:11,
norwegian_1,multilingual-e5,gemini25pro,prt,pca_num8,-0.021,2026-01-29 14:58:11,
norwegian_1,multilingual-e5,gemini25pro,apd,pca_num8,0.429,2026-01-29 14:58:11,
norwegian_1,multilingual-e5,gemini25pro,amd,pca_num8,0.426,2026-01-29 14:58:11,
norwegian_1,multilingual-e5,gemini25pro,amd_sym,pca_num8,0.44,2026-01-29 14:58:11,
norwegian_1,multilingual-e5,gemini25pro,amd_opt_sym,pca_num8,0.501,2026-01-29 14:58:11,
norwegian_1,mmbert,gemini25pro,prt,random_num8,0.046,2026-01-29 14:58:11,
norwegian_1,mmbert,gemini25pro,apd,random_num8,0.112,2026-01-29 14:58:11,
norwegian_1,mmbert,gemini25pro,amd,random_num8,0.265,2026-01-29 14:58:11,
norwegian_1,mmbert,gemini25pro,amd_sym,random_num8,0.229,2026-01-29 14:58:11,
norwegian_1,mmbert,gemini25pro,amd_opt_sym,random_num8,0.253,2026-01-29 14:58:11,
norwegian_1,mmbert,gemini25pro,prt,pca_num8,-0.059,2026-01-29 14:58:11,
norwegian_1,mmbert,gemini25pro,apd,pca_num8,0.457,2026-01-29 14:58:11,
norwegian_1,mmbert,gemini25pro,amd,pca_num8,0.614,2026-01-29 14:58:11,
norwegian_1,mmbert,gemini25pro,amd_sym,pca_num8,0.642,2026-01-29 14:58:11,
norwegian_1,mmbert,gemini25pro,amd_opt_sym,pca_num8,0.636,2026-01-29 14:58:11,
norwegian_1,en,gemini25pro,prt,random_num8,0.651,2026-01-29 14:58:12,
norwegian_1,en,gemini25pro,apd,random_num8,0.532,2026-01-29 14:58:12,
norwegian_1,en,gemini25pro,amd,random_num8,0.775,2026-01-29 14:58:12,
norwegian_1,en,gemini25pro,amd_sym,random_num8,0.786,2026-01-29 14:58:12,
norwegian_1,en,gemini25pro,amd_opt_sym,random_num8,0.792,2026-01-29 14:58:12,
norwegian_1,en,gemini25pro,prt,pca_num8,-0.113,2026-01-29 14:58:12,
norwegian_1,en,gemini25pro,apd,pca_num8,0.537,2026-01-29 14:58:12,
norwegian_1,en,gemini25pro,amd,pca_num8,0.792,2026-01-29 14:58:12,
norwegian_1,en,gemini25pro,amd_sym,pca_num8,0.814,2026-01-29 14:58:12,
norwegian_1,en,gemini25pro,amd_opt_sym,pca_num8,0.814,2026-01-29 14:58:12,
norwegian_1,norwegian_NB-BERT,gemini25pro,prt,random_num8,0.288,2026-01-29 14:58:12,
norwegian_1,norwegian_NB-BERT,gemini25pro,apd,random_num8,0.098,2026-01-29 14:58:12,
norwegian_1,norwegian_NB-BERT,gemini25pro,amd,random_num8,0.56,2026-01-29 14:58:12,
norwegian_1,norwegian_NB-BERT,gemini25pro,amd_sym,random_num8,0.547,2026-01-29 14:58:12,
norwegian_1,norwegian_NB-BERT,gemini25pro,amd_opt_sym,random_num8,0.604,2026-01-29 14:58:12,
norwegian_1,norwegian_NB-BERT,gemini25pro,prt,pca_num8,0.084,2026-01-29 14:58:12,
norwegian_1,norwegian_NB-BERT,gemini25pro,apd,pca_num8,0.326,2026-01-29 14:58:12,
norwegian_1,norwegian_NB-BERT,gemini25pro,amd,pca_num8,0.494,2026-01-29 14:58:12,
norwegian_1,norwegian_NB-BERT,gemini25pro,amd_sym,pca_num8,0.549,2026-01-29 14:58:12,
norwegian_1,norwegian_NB-BERT,gemini25pro,amd_opt_sym,pca_num8,0.569,2026-01-29 14:58:12,
norwegian_2,xll,gemini25pro,prt,random_num8,0.435,2026-01-29 14:58:13,
norwegian_2,xll,gemini25pro,apd,random_num8,0.476,2026-01-29 14:58:13,
norwegian_2,xll,gemini25pro,amd,random_num8,0.579,2026-01-29 14:58:13,
norwegian_2,xll,gemini25pro,amd_sym,random_num8,0.58,2026-01-29 14:58:13,
norwegian_2,xll,gemini25pro,amd_opt_sym,random_num8,0.588,2026-01-29 14:58:13,
norwegian_2,xll,gemini25pro,prt,pca_num8,-0.107,2026-01-29 14:58:13,
norwegian_2,xll,gemini25pro,apd,pca_num8,0.281,2026-01-29 14:58:13,
norwegian_2,xll,gemini25pro,amd,pca_num8,0.58,2026-01-29 14:58:13,
norwegian_2,xll,gemini25pro,amd_sym,pca_num8,0.566,2026-01-29 14:58:13,
norwegian_2,xll,gemini25pro,amd_opt_sym,pca_num8,0.578,2026-01-29 14:58:13,
norwegian_2,xlmr,gemini25pro,prt,random_num8,0.3,2026-01-29 14:58:13,
norwegian_2,xlmr,gemini25pro,apd,random_num8,0.156,2026-01-29 14:58:13,
norwegian_2,xlmr,gemini25pro,amd,random_num8,0.332,2026-01-29 14:58:13,
norwegian_2,xlmr,gemini25pro,amd_sym,random_num8,0.304,2026-01-29 14:58:13,
norwegian_2,xlmr,gemini25pro,amd_opt_sym,random_num8,0.304,2026-01-29 14:58:13,
norwegian_2,xlmr,gemini25pro,prt,pca_num8,-0.246,2026-01-29 14:58:13,
norwegian_2,xlmr,gemini25pro,apd,pca_num8,0.041,2026-01-29 14:58:13,
norwegian_2,xlmr,gemini25pro,amd,pca_num8,0.366,2026-01-29 14:58:13,
norwegian_2,xlmr,gemini25pro,amd_sym,pca_num8,0.331,2026-01-29 14:58:13,
norwegian_2,xlmr,gemini25pro,amd_opt_sym,pca_num8,0.323,2026-01-29 14:58:13,
norwegian_2,rembert,gemini25pro,prt,random_num8,0.01,2026-01-29 14:58:14,
norwegian_2,rembert,gemini25pro,apd,random_num8,0.081,2026-01-29 14:58:14,
norwegian_2,rembert,gemini25pro,amd,random_num8,0.311,2026-01-29 14:58:14,
norwegian_2,rembert,gemini25pro,amd_sym,random_num8,0.113,2026-01-29 14:58:14,
norwegian_2,rembert,gemini25pro,amd_opt_sym,random_num8,0.205,2026-01-29 14:58:14,
norwegian_2,rembert,gemini25pro,prt,pca_num8,-0.128,2026-01-29 14:58:14,
norwegian_2,rembert,gemini25pro,apd,pca_num8,0.265,2026-01-29 14:58:14,
norwegian_2,rembert,gemini25pro,amd,pca_num8,0.336,2026-01-29 14:58:14,
norwegian_2,rembert,gemini25pro,amd_sym,pca_num8,0.413,2026-01-29 14:58:14,
norwegian_2,rembert,gemini25pro,amd_opt_sym,pca_num8,0.379,2026-01-29 14:58:14,
norwegian_2,multilingual-e5,gemini25pro,prt,random_num8,0.107,2026-01-29 14:58:15,
norwegian_2,multilingual-e5,gemini25pro,apd,random_num8,0.053,2026-01-29 14:58:15,
norwegian_2,multilingual-e5,gemini25pro,amd,random_num8,0.168,2026-01-29 14:58:15,
norwegian_2,multilingual-e5,gemini25pro,amd_sym,random_num8,0.146,2026-01-29 14:58:15,
norwegian_2,multilingual-e5,gemini25pro,amd_opt_sym,random_num8,0.132,2026-01-29 14:58:15,
norwegian_2,multilingual-e5,gemini25pro,prt,pca_num8,0.22,2026-01-29 14:58:15,
norwegian_2,multilingual-e5,gemini25pro,apd,pca_num8,0.162,2026-01-29 14:58:15,
norwegian_2,multilingual-e5,gemini25pro,amd,pca_num8,0.145,2026-01-29 14:58:15,
norwegian_2,multilingual-e5,gemini25pro,amd_sym,pca_num8,0.206,2026-01-29 14:58:15,
norwegian_2,multilingual-e5,gemini25pro,amd_opt_sym,pca_num8,0.207,2026-01-29 14:58:15,
norwegian_2,mmbert,gemini25pro,prt,random_num8,0.166,2026-01-29 14:58:15,
norwegian_2,mmbert,gemini25pro,apd,random_num8,0.121,2026-01-29 14:58:15,
norwegian_2,mmbert,gemini25pro,amd,random_num8,0.215,2026-01-29 14:58:15,
norwegian_2,mmbert,gemini25pro,amd_sym,random_num8,0.199,2026-01-29 14:58:15,
norwegian_2,mmbert,gemini25pro,amd_opt_sym,random_num8,0.197,2026-01-29 14:58:15,
norwegian_2,mmbert,gemini25pro,prt,pca_num8,0.025,2026-01-29 14:58:15,
norwegian_2,mmbert,gemini25pro,apd,pca_num8,0.113,2026-01-29 14:58:15,
norwegian_2,mmbert,gemini25pro,amd,pca_num8,0.412,2026-01-29 14:58:15,
norwegian_2,mmbert,gemini25pro,amd_sym,pca_num8,0.399,2026-01-29 14:58:15,
norwegian_2,mmbert,gemini25pro,amd_opt_sym,pca_num8,0.405,2026-01-29 14:58:15,
norwegian_2,en,gemini25pro,prt,random_num8,0.342,2026-01-29 14:58:15,
norwegian_2,en,gemini25pro,apd,random_num8,0.397,2026-01-29 14:58:15,
norwegian_2,en,gemini25pro,amd,random_num8,0.568,2026-01-29 14:58:15,
norwegian_2,en,gemini25pro,amd_sym,random_num8,0.571,2026-01-29 14:58:15,
norwegian_2,en,gemini25pro,amd_opt_sym,random_num8,0.594,2026-01-29 14:58:15,
norwegian_2,en,gemini25pro,prt,pca_num8,-0.052,2026-01-29 14:58:15,
norwegian_2,en,gemini25pro,apd,pca_num8,0.307,2026-01-29 14:58:15,
norwegian_2,en,gemini25pro,amd,pca_num8,0.63,2026-01-29 14:58:15,
norwegian_2,en,gemini25pro,amd_sym,pca_num8,0.664,2026-01-29 14:58:15,
norwegian_2,en,gemini25pro,amd_opt_sym,pca_num8,0.664,2026-01-29 14:58:15,
norwegian_2,norwegian_NB-BERT,gemini25pro,prt,random_num8,0.303,2026-01-29 14:58:16,
norwegian_2,norwegian_NB-BERT,gemini25pro,apd,random_num8,0.296,2026-01-29 14:58:16,
norwegian_2,norwegian_NB-BERT,gemini25pro,amd,random_num8,0.346,2026-01-29 14:58:16,
norwegian_2,norwegian_NB-BERT,gemini25pro,amd_sym,random_num8,0.278,2026-01-29 14:58:16,
norwegian_2,norwegian_NB-BERT,gemini25pro,amd_opt_sym,random_num8,0.339,2026-01-29 14:58:16,
norwegian_2,norwegian_NB-BERT,gemini25pro,prt,pca_num8,-0.064,2026-01-29 14:58:16,
norwegian_2,norwegian_NB-BERT,gemini25pro,apd,pca_num8,0.15,2026-01-29 14:58:16,
norwegian_2,norwegian_NB-BERT,gemini25pro,amd,pca_num8,0.251,2026-01-29 14:58:16,
norwegian_2,norwegian_NB-BERT,gemini25pro,amd_sym,pca_num8,0.346,2026-01-29 14:58:16,
norwegian_2,norwegian_NB-BERT,gemini25pro,amd_opt_sym,pca_num8,0.358,2026-01-29 14:58:16,
english,xll,gemini25pro,prt,random_num4,0.376,2026-01-29 14:58:21,
english,xll,gemini25pro,apd,random_num4,0.485,2026-01-29 14:58:21,
english,xll,gemini25pro,amd,random_num4,0.608,2026-01-29 14:58:21,
english,xll,gemini25pro,amd_sym,random_num4,0.602,2026-01-29 14:58:21,
english,xll,gemini25pro,amd_opt_sym,random_num4,0.615,2026-01-29 14:58:21,
english,xll,gemini25pro,prt,pca_num4,0.076,2026-01-29 14:58:21,
english,xll,gemini25pro,apd,pca_num4,0.266,2026-01-29 14:58:21,
english,xll,gemini25pro,amd,pca_num4,0.417,2026-01-29 14:58:21,
english,xll,gemini25pro,amd_sym,pca_num4,0.49,2026-01-29 14:58:21,
english,xll,gemini25pro,amd_opt_sym,pca_num4,0.52,2026-01-29 14:58:21,
english,xlmr,gemini25pro,prt,random_num4,-0.068,2026-01-29 14:58:27,
english,xlmr,gemini25pro,apd,random_num4,-0.007,2026-01-29 14:58:27,
english,xlmr,gemini25pro,amd,random_num4,0.202,2026-01-29 14:58:27,
english,xlmr,gemini25pro,amd_sym,random_num4,0.159,2026-01-29 14:58:27,
english,xlmr,gemini25pro,amd_opt_sym,random_num4,0.187,2026-01-29 14:58:27,
english,xlmr,gemini25pro,prt,pca_num4,0.289,2026-01-29 14:58:27,
english,xlmr,gemini25pro,apd,pca_num4,0.275,2026-01-29 14:58:27,
english,xlmr,gemini25pro,amd,pca_num4,0.27,2026-01-29 14:58:27,
english,xlmr,gemini25pro,amd_sym,pca_num4,0.352,2026-01-29 14:58:27,
english,xlmr,gemini25pro,amd_opt_sym,pca_num4,0.364,2026-01-29 14:58:27,
english,rembert,gemini25pro,prt,random_num4,-0.02,2026-01-29 14:58:32,
english,rembert,gemini25pro,apd,random_num4,-0.125,2026-01-29 14:58:32,
english,rembert,gemini25pro,amd,random_num4,0.257,2026-01-29 14:58:32,
english,rembert,gemini25pro,amd_sym,random_num4,0.284,2026-01-29 14:58:32,
english,rembert,gemini25pro,amd_opt_sym,random_num4,0.322,2026-01-29 14:58:32,
english,rembert,gemini25pro,prt,pca_num4,-0.139,2026-01-29 14:58:32,
english,rembert,gemini25pro,apd,pca_num4,0.133,2026-01-29 14:58:32,
english,rembert,gemini25pro,amd,pca_num4,0.166,2026-01-29 14:58:32,
english,rembert,gemini25pro,amd_sym,pca_num4,0.261,2026-01-29 14:58:32,
english,rembert,gemini25pro,amd_opt_sym,pca_num4,0.28,2026-01-29 14:58:32,
english,multilingual-e5,gemini25pro,prt,random_num4,-0.127,2026-01-29 14:58:38,
english,multilingual-e5,gemini25pro,apd,random_num4,0.037,2026-01-29 14:58:38,
english,multilingual-e5,gemini25pro,amd,random_num4,0.119,2026-01-29 14:58:38,
english,multilingual-e5,gemini25pro,amd_sym,random_num4,0.104,2026-01-29 14:58:38,
english,multilingual-e5,gemini25pro,amd_opt_sym,random_num4,0.151,2026-01-29 14:58:38,
english,multilingual-e5,gemini25pro,prt,pca_num4,0.114,2026-01-29 14:58:38,
english,multilingual-e5,gemini25pro,apd,pca_num4,0.214,2026-01-29 14:58:38,
english,multilingual-e5,gemini25pro,amd,pca_num4,0.276,2026-01-29 14:58:38,
english,multilingual-e5,gemini25pro,amd_sym,pca_num4,0.267,2026-01-29 14:58:38,
english,multilingual-e5,gemini25pro,amd_opt_sym,pca_num4,0.272,2026-01-29 14:58:38,
english,mmbert,gemini25pro,prt,random_num4,-0.075,2026-01-29 14:58:44,
english,mmbert,gemini25pro,apd,random_num4,-0.167,2026-01-29 14:58:44,
english,mmbert,gemini25pro,amd,random_num4,0.146,2026-01-29 14:58:44,
english,mmbert,gemini25pro,amd_sym,random_num4,0.125,2026-01-29 14:58:44,
english,mmbert,gemini25pro,amd_opt_sym,random_num4,0.107,2026-01-29 14:58:44,
english,mmbert,gemini25pro,prt,pca_num4,0.039,2026-01-29 14:58:44,
english,mmbert,gemini25pro,apd,pca_num4,0.034,2026-01-29 14:58:44,
english,mmbert,gemini25pro,amd,pca_num4,0.139,2026-01-29 14:58:44,
english,mmbert,gemini25pro,amd_sym,pca_num4,0.154,2026-01-29 14:58:44,
english,mmbert,gemini25pro,amd_opt_sym,pca_num4,0.171,2026-01-29 14:58:44,
english,en,gemini25pro,prt,random_num4,0.08,2026-01-29 14:58:51,
english,en,gemini25pro,apd,random_num4,0.235,2026-01-29 14:58:51,
english,en,gemini25pro,amd,random_num4,0.484,2026-01-29 14:58:51,
english,en,gemini25pro,amd_sym,random_num4,0.535,2026-01-29 14:58:51,
english,en,gemini25pro,amd_opt_sym,random_num4,0.533,2026-01-29 14:58:51,
english,en,gemini25pro,prt,pca_num4,0.093,2026-01-29 14:58:51,
english,en,gemini25pro,apd,pca_num4,0.216,2026-01-29 14:58:51,
english,en,gemini25pro,amd,pca_num4,0.455,2026-01-29 14:58:51,
english,en,gemini25pro,amd_sym,pca_num4,0.541,2026-01-29 14:58:51,
english,en,gemini25pro,amd_opt_sym,pca_num4,0.546,2026-01-29 14:58:51,
english,roberta,gemini25pro,prt,random_num4,0.176,2026-01-29 14:58:57,
english,roberta,gemini25pro,apd,random_num4,-0.069,2026-01-29 14:58:57,
english,roberta,gemini25pro,amd,random_num4,0.149,2026-01-29 14:58:57,
english,roberta,gemini25pro,amd_sym,random_num4,0.116,2026-01-29 14:58:57,
english,roberta,gemini25pro,amd_opt_sym,random_num4,0.101,2026-01-29 14:58:57,
english,roberta,gemini25pro,prt,pca_num4,0.011,2026-01-29 14:58:57,
english,roberta,gemini25pro,apd,pca_num4,0.092,2026-01-29 14:58:57,
english,roberta,gemini25pro,amd,pca_num4,0.099,2026-01-29 14:58:57,
english,roberta,gemini25pro,amd_sym,pca_num4,0.204,2026-01-29 14:58:57,
english,roberta,gemini25pro,amd_opt_sym,pca_num4,0.206,2026-01-29 14:58:57,
german,xll,gemini25pro,prt,random_num4,0.512,2026-01-29 14:59:02,
german,xll,gemini25pro,apd,random_num4,0.558,2026-01-29 14:59:02,
german,xll,gemini25pro,amd,random_num4,0.739,2026-01-29 14:59:02,
german,xll,gemini25pro,amd_sym,random_num4,0.722,2026-01-29 14:59:02,
german,xll,gemini25pro,amd_opt_sym,random_num4,0.725,2026-01-29 14:59:02,
german,xll,gemini25pro,prt,pca_num4,-0.185,2026-01-29 14:59:02,
german,xll,gemini25pro,apd,pca_num4,0.7,2026-01-29 14:59:02,
german,xll,gemini25pro,amd,pca_num4,0.702,2026-01-29 14:59:02,
german,xll,gemini25pro,amd_sym,pca_num4,0.872,2026-01-29 14:59:02,
german,xll,gemini25pro,amd_opt_sym,pca_num4,0.879,2026-01-29 14:59:02,
german,xlmr,gemini25pro,prt,random_num4,0.116,2026-01-29 14:59:06,
german,xlmr,gemini25pro,apd,random_num4,0.263,2026-01-29 14:59:06,
german,xlmr,gemini25pro,amd,random_num4,0.242,2026-01-29 14:59:06,
german,xlmr,gemini25pro,amd_sym,random_num4,0.398,2026-01-29 14:59:06,
german,xlmr,gemini25pro,amd_opt_sym,random_num4,0.393,2026-01-29 14:59:06,
german,xlmr,gemini25pro,prt,pca_num4,0.456,2026-01-29 14:59:06,
german,xlmr,gemini25pro,apd,pca_num4,0.468,2026-01-29 14:59:06,
german,xlmr,gemini25pro,amd,pca_num4,0.332,2026-01-29 14:59:06,
german,xlmr,gemini25pro,amd_sym,pca_num4,0.424,2026-01-29 14:59:06,
german,xlmr,gemini25pro,amd_opt_sym,pca_num4,0.412,2026-01-29 14:59:06,
german,rembert,gemini25pro,prt,random_num4,0.05,2026-01-29 14:59:10,
german,rembert,gemini25pro,apd,random_num4,-0.053,2026-01-29 14:59:10,
german,rembert,gemini25pro,amd,random_num4,0.082,2026-01-29 14:59:10,
german,rembert,gemini25pro,amd_sym,random_num4,0.064,2026-01-29 14:59:10,
german,rembert,gemini25pro,amd_opt_sym,random_num4,0.044,2026-01-29 14:59:10,
german,rembert,gemini25pro,prt,pca_num4,0.176,2026-01-29 14:59:10,
german,rembert,gemini25pro,apd,pca_num4,0.452,2026-01-29 14:59:10,
german,rembert,gemini25pro,amd,pca_num4,0.311,2026-01-29 14:59:10,
german,rembert,gemini25pro,amd_sym,pca_num4,0.438,2026-01-29 14:59:10,
german,rembert,gemini25pro,amd_opt_sym,pca_num4,0.457,2026-01-29 14:59:10,
german,multilingual-e5,gemini25pro,prt,random_num4,0.279,2026-01-29 14:59:14,
german,multilingual-e5,gemini25pro,apd,random_num4,-0.045,2026-01-29 14:59:14,
german,multilingual-e5,gemini25pro,amd,random_num4,0.144,2026-01-29 14:59:14,
german,multilingual-e5,gemini25pro,amd_sym,random_num4,0.293,2026-01-29 14:59:14,
german,multilingual-e5,gemini25pro,amd_opt_sym,random_num4,0.289,2026-01-29 14:59:14,
german,multilingual-e5,gemini25pro,prt,pca_num4,0.365,2026-01-29 14:59:14,
german,multilingual-e5,gemini25pro,apd,pca_num4,0.521,2026-01-29 14:59:14,
german,multilingual-e5,gemini25pro,amd,pca_num4,0.307,2026-01-29 14:59:14,
german,multilingual-e5,gemini25pro,amd_sym,pca_num4,0.477,2026-01-29 14:59:14,
german,multilingual-e5,gemini25pro,amd_opt_sym,pca_num4,0.481,2026-01-29 14:59:14,
german,mmbert,gemini25pro,prt,random_num4,0.133,2026-01-29 14:59:18,
german,mmbert,gemini25pro,apd,random_num4,0.169,2026-01-29 14:59:18,
german,mmbert,gemini25pro,amd,random_num4,0.011,2026-01-29 14:59:18,
german,mmbert,gemini25pro,amd_sym,random_num4,0.002,2026-01-29 14:59:18,
german,mmbert,gemini25pro,amd_opt_sym,random_num4,0.022,2026-01-29 14:59:18,
german,mmbert,gemini25pro,prt,pca_num4,0.004,2026-01-29 14:59:18,
german,mmbert,gemini25pro,apd,pca_num4,0.525,2026-01-29 14:59:18,
german,mmbert,gemini25pro,amd,pca_num4,0.296,2026-01-29 14:59:18,
german,mmbert,gemini25pro,amd_sym,pca_num4,0.375,2026-01-29 14:59:18,
german,mmbert,gemini25pro,amd_opt_sym,pca_num4,0.379,2026-01-29 14:59:18,
german,en,gemini25pro,prt,random_num4,0.601,2026-01-29 14:59:22,
german,en,gemini25pro,apd,random_num4,0.328,2026-01-29 14:59:22,
german,en,gemini25pro,amd,random_num4,0.655,2026-01-29 14:59:22,
german,en,gemini25pro,amd_sym,random_num4,0.719,2026-01-29 14:59:22,
german,en,gemini25pro,amd_opt_sym,random_num4,0.721,2026-01-29 14:59:22,
german,en,gemini25pro,prt,pca_num4,-0.016,2026-01-29 14:59:22,
german,en,gemini25pro,apd,pca_num4,0.696,2026-01-29 14:59:22,
german,en,gemini25pro,amd,pca_num4,0.581,2026-01-29 14:59:22,
german,en,gemini25pro,amd_sym,pca_num4,0.868,2026-01-29 14:59:22,
german,en,gemini25pro,amd_opt_sym,pca_num4,0.858,2026-01-29 14:59:22,
german,german_GBERT,gemini25pro,prt,random_num4,0.08,2026-01-29 14:59:26,
german,german_GBERT,gemini25pro,apd,random_num4,0.36,2026-01-29 14:59:26,
german,german_GBERT,gemini25pro,amd,random_num4,-0.015,2026-01-29 14:59:26,
german,german_GBERT,gemini25pro,amd_sym,random_num4,0.025,2026-01-29 14:59:26,
german,german_GBERT,gemini25pro,amd_opt_sym,random_num4,-0.002,2026-01-29 14:59:26,
german,german_GBERT,gemini25pro,prt,pca_num4,0.316,2026-01-29 14:59:26,
german,german_GBERT,gemini25pro,apd,pca_num4,0.581,2026-01-29 14:59:26,
german,german_GBERT,gemini25pro,amd,pca_num4,0.342,2026-01-29 14:59:26,
german,german_GBERT,gemini25pro,amd_sym,pca_num4,0.534,2026-01-29 14:59:26,
german,german_GBERT,gemini25pro,amd_opt_sym,pca_num4,0.536,2026-01-29 14:59:26,
swedish,xll,gemini25pro,prt,random_num4,0.347,2026-01-29 14:59:33,
swedish,xll,gemini25pro,apd,random_num4,0.535,2026-01-29 14:59:33,
swedish,xll,gemini25pro,amd,random_num4,0.72,2026-01-29 14:59:33,
swedish,xll,gemini25pro,amd_sym,random_num4,0.691,2026-01-29 14:59:33,
swedish,xll,gemini25pro,amd_opt_sym,random_num4,0.715,2026-01-29 14:59:33,
swedish,xll,gemini25pro,prt,pca_num4,0.203,2026-01-29 14:59:33,
swedish,xll,gemini25pro,apd,pca_num4,0.079,2026-01-29 14:59:33,
swedish,xll,gemini25pro,amd,pca_num4,0.536,2026-01-29 14:59:33,
swedish,xll,gemini25pro,amd_sym,pca_num4,0.688,2026-01-29 14:59:33,
swedish,xll,gemini25pro,amd_opt_sym,pca_num4,0.712,2026-01-29 14:59:33,
swedish,xlmr,gemini25pro,prt,random_num4,-0.09,2026-01-29 14:59:39,
swedish,xlmr,gemini25pro,apd,random_num4,0.249,2026-01-29 14:59:39,
swedish,xlmr,gemini25pro,amd,random_num4,-0.305,2026-01-29 14:59:39,
swedish,xlmr,gemini25pro,amd_sym,random_num4,-0.457,2026-01-29 14:59:39,
swedish,xlmr,gemini25pro,amd_opt_sym,random_num4,-0.45,2026-01-29 14:59:39,
swedish,xlmr,gemini25pro,prt,pca_num4,-0.189,2026-01-29 14:59:39,
swedish,xlmr,gemini25pro,apd,pca_num4,-0.109,2026-01-29 14:59:39,
swedish,xlmr,gemini25pro,amd,pca_num4,0.188,2026-01-29 14:59:39,
swedish,xlmr,gemini25pro,amd_sym,pca_num4,0.033,2026-01-29 14:59:39,
swedish,xlmr,gemini25pro,amd_opt_sym,pca_num4,0.03,2026-01-29 14:59:39,
swedish,rembert,gemini25pro,prt,random_num4,-0.114,2026-01-29 14:59:46,
swedish,rembert,gemini25pro,apd,random_num4,0.002,2026-01-29 14:59:46,
swedish,rembert,gemini25pro,amd,random_num4,0.075,2026-01-29 14:59:46,
swedish,rembert,gemini25pro,amd_sym,random_num4,-0.047,2026-01-29 14:59:46,
swedish,rembert,gemini25pro,amd_opt_sym,random_num4,-0.045,2026-01-29 14:59:46,
swedish,rembert,gemini25pro,prt,pca_num4,0.057,2026-01-29 14:59:46,
swedish,rembert,gemini25pro,apd,pca_num4,0.099,2026-01-29 14:59:46,
swedish,rembert,gemini25pro,amd,pca_num4,0.256,2026-01-29 14:59:46,
swedish,rembert,gemini25pro,amd_sym,pca_num4,0.182,2026-01-29 14:59:46,
swedish,rembert,gemini25pro,amd_opt_sym,pca_num4,0.197,2026-01-29 14:59:46,
swedish,multilingual-e5,gemini25pro,prt,random_num4,0.071,2026-01-29 14:59:52,
swedish,multilingual-e5,gemini25pro,apd,random_num4,-0.195,2026-01-29 14:59:52,
swedish,multilingual-e5,gemini25pro,amd,random_num4,0.149,2026-01-29 14:59:52,
swedish,multilingual-e5,gemini25pro,amd_sym,random_num4,0.259,2026-01-29 14:59:52,
swedish,multilingual-e5,gemini25pro,amd_opt_sym,random_num4,0.215,2026-01-29 14:59:52,
swedish,multilingual-e5,gemini25pro,prt,pca_num4,0.218,2026-01-29 14:59:52,
swedish,multilingual-e5,gemini25pro,apd,pca_num4,-0.092,2026-01-29 14:59:52,
swedish,multilingual-e5,gemini25pro,amd,pca_num4,0.109,2026-01-29 14:59:52,
swedish,multilingual-e5,gemini25pro,amd_sym,pca_num4,0.165,2026-01-29 14:59:52,
swedish,multilingual-e5,gemini25pro,amd_opt_sym,pca_num4,0.166,2026-01-29 14:59:52,
swedish,mmbert,gemini25pro,prt,random_num4,0.003,2026-01-29 14:59:59,
swedish,mmbert,gemini25pro,apd,random_num4,0.228,2026-01-29 14:59:59,
swedish,mmbert,gemini25pro,amd,random_num4,0.027,2026-01-29 14:59:59,
swedish,mmbert,gemini25pro,amd_sym,random_num4,-0.132,2026-01-29 14:59:59,
swedish,mmbert,gemini25pro,amd_opt_sym,random_num4,-0.154,2026-01-29 14:59:59,
swedish,mmbert,gemini25pro,prt,pca_num4,0.011,2026-01-29 14:59:59,
swedish,mmbert,gemini25pro,apd,pca_num4,-0.015,2026-01-29 14:59:59,
swedish,mmbert,gemini25pro,amd,pca_num4,0.28,2026-01-29 14:59:59,
swedish,mmbert,gemini25pro,amd_sym,pca_num4,0.113,2026-01-29 14:59:59,
swedish,mmbert,gemini25pro,amd_opt_sym,pca_num4,0.165,2026-01-29 14:59:59,
swedish,en,gemini25pro,prt,random_num4,0.245,2026-01-29 15:00:05,
swedish,en,gemini25pro,apd,random_num4,0.231,2026-01-29 15:00:05,
swedish,en,gemini25pro,amd,random_num4,0.656,2026-01-29 15:00:05,
swedish,en,gemini25pro,amd_sym,random_num4,0.657,2026-01-29 15:00:05,
swedish,en,gemini25pro,amd_opt_sym,random_num4,0.673,2026-01-29 15:00:05,
swedish,en,gemini25pro,prt,pca_num4,0.089,2026-01-29 15:00:05,
swedish,en,gemini25pro,apd,pca_num4,-0.086,2026-01-29 15:00:05,
swedish,en,gemini25pro,amd,pca_num4,0.406,2026-01-29 15:00:05,
swedish,en,gemini25pro,amd_sym,pca_num4,0.667,2026-01-29 15:00:05,
swedish,en,gemini25pro,amd_opt_sym,pca_num4,0.661,2026-01-29 15:00:05,
swedish,swedish_MegatronBERT,gemini25pro,prt,random_num4,0.321,2026-01-29 15:00:12,
swedish,swedish_MegatronBERT,gemini25pro,apd,random_num4,0.224,2026-01-29 15:00:12,
swedish,swedish_MegatronBERT,gemini25pro,amd,random_num4,0.261,2026-01-29 15:00:12,
swedish,swedish_MegatronBERT,gemini25pro,amd_sym,random_num4,0.321,2026-01-29 15:00:12,
swedish,swedish_MegatronBERT,gemini25pro,amd_opt_sym,random_num4,0.318,2026-01-29 15:00:12,
swedish,swedish_MegatronBERT,gemini25pro,prt,pca_num4,0.06,2026-01-29 15:00:12,
swedish,swedish_MegatronBERT,gemini25pro,apd,pca_num4,0.186,2026-01-29 15:00:12,
swedish,swedish_MegatronBERT,gemini25pro,amd,pca_num4,0.168,2026-01-29 15:00:12,
swedish,swedish_MegatronBERT,gemini25pro,amd_sym,pca_num4,-0.002,2026-01-29 15:00:12,
swedish,swedish_MegatronBERT,gemini25pro,amd_opt_sym,pca_num4,-0.006,2026-01-29 15:00:12,
latin,xll,gemini25pro,prt,random_num4,0.177,2026-01-29 15:00:22,
latin,xll,gemini25pro,apd,random_num4,-0.164,2026-01-29 15:00:22,
latin,xll,gemini25pro,amd,random_num4,0.176,2026-01-29 15:00:22,
latin,xll,gemini25pro,amd_sym,random_num4,0.3,2026-01-29 15:00:22,
latin,xll,gemini25pro,amd_opt_sym,random_num4,0.322,2026-01-29 15:00:22,
latin,xll,gemini25pro,prt,pca_num4,0.047,2026-01-29 15:00:22,
latin,xll,gemini25pro,apd,pca_num4,0.416,2026-01-29 15:00:22,
latin,xll,gemini25pro,amd,pca_num4,0.22,2026-01-29 15:00:22,
latin,xll,gemini25pro,amd_sym,pca_num4,0.446,2026-01-29 15:00:22,
latin,xll,gemini25pro,amd_opt_sym,pca_num4,0.435,2026-01-29 15:00:22,
latin,xlmr,gemini25pro,prt,random_num4,0.083,2026-01-29 15:00:31,
latin,xlmr,gemini25pro,apd,random_num4,-0.034,2026-01-29 15:00:31,
latin,xlmr,gemini25pro,amd,random_num4,0.007,2026-01-29 15:00:31,
latin,xlmr,gemini25pro,amd_sym,random_num4,0.079,2026-01-29 15:00:31,
latin,xlmr,gemini25pro,amd_opt_sym,random_num4,0.099,2026-01-29 15:00:31,
latin,xlmr,gemini25pro,prt,pca_num4,0.364,2026-01-29 15:00:31,
latin,xlmr,gemini25pro,apd,pca_num4,0.485,2026-01-29 15:00:31,
latin,xlmr,gemini25pro,amd,pca_num4,0.292,2026-01-29 15:00:31,
latin,xlmr,gemini25pro,amd_sym,pca_num4,0.407,2026-01-29 15:00:31,
latin,xlmr,gemini25pro,amd_opt_sym,pca_num4,0.446,2026-01-29 15:00:31,
latin,rembert,gemini25pro,prt,random_num4,0.219,2026-01-29 15:00:40,
latin,rembert,gemini25pro,apd,random_num4,0.044,2026-01-29 15:00:40,
latin,rembert,gemini25pro,amd,random_num4,0.02,2026-01-29 15:00:40,
latin,rembert,gemini25pro,amd_sym,random_num4,0.121,2026-01-29 15:00:40,
latin,rembert,gemini25pro,amd_opt_sym,random_num4,0.16,2026-01-29 15:00:40,
latin,rembert,gemini25pro,prt,pca_num4,0.296,2026-01-29 15:00:40,
latin,rembert,gemini25pro,apd,pca_num4,0.524,2026-01-29 15:00:40,
latin,rembert,gemini25pro,amd,pca_num4,0.304,2026-01-29 15:00:40,
latin,rembert,gemini25pro,amd_sym,pca_num4,0.49,2026-01-29 15:00:40,
latin,rembert,gemini25pro,amd_opt_sym,pca_num4,0.531,2026-01-29 15:00:40,
latin,multilingual-e5,gemini25pro,prt,random_num4,0.388,2026-01-29 15:00:49,
latin,multilingual-e5,gemini25pro,apd,random_num4,0.164,2026-01-29 15:00:49,
latin,multilingual-e5,gemini25pro,amd,random_num4,-0.001,2026-01-29 15:00:49,
latin,multilingual-e5,gemini25pro,amd_sym,random_num4,0.153,2026-01-29 15:00:49,
latin,multilingual-e5,gemini25pro,amd_opt_sym,random_num4,0.104,2026-01-29 15:00:49,
latin,multilingual-e5,gemini25pro,prt,pca_num4,0.451,2026-01-29 15:00:49,
latin,multilingual-e5,gemini25pro,apd,pca_num4,0.491,2026-01-29 15:00:49,
latin,multilingual-e5,gemini25pro,amd,pca_num4,0.331,2026-01-29 15:00:49,
latin,multilingual-e5,gemini25pro,amd_sym,pca_num4,0.403,2026-01-29 15:00:49,
latin,multilingual-e5,gemini25pro,amd_opt_sym,pca_num4,0.399,2026-01-29 15:00:49,
latin,mmbert,gemini25pro,prt,random_num4,0.203,2026-01-29 15:00:57,
latin,mmbert,gemini25pro,apd,random_num4,-0.121,2026-01-29 15:00:57,
latin,mmbert,gemini25pro,amd,random_num4,0.025,2026-01-29 15:00:57,
latin,mmbert,gemini25pro,amd_sym,random_num4,0.183,2026-01-29 15:00:57,
latin,mmbert,gemini25pro,amd_opt_sym,random_num4,0.138,2026-01-29 15:00:57,
latin,mmbert,gemini25pro,prt,pca_num4,-0.115,2026-01-29 15:00:57,
latin,mmbert,gemini25pro,apd,pca_num4,0.386,2026-01-29 15:00:57,
latin,mmbert,gemini25pro,amd,pca_num4,0.355,2026-01-29 15:00:57,
latin,mmbert,gemini25pro,amd_sym,pca_num4,0.317,2026-01-29 15:00:57,
latin,mmbert,gemini25pro,amd_opt_sym,pca_num4,0.338,2026-01-29 15:00:57,
latin,en,gemini25pro,prt,random_num4,0.27,2026-01-29 15:01:07,
latin,en,gemini25pro,apd,random_num4,0.145,2026-01-29 15:01:07,
latin,en,gemini25pro,amd,random_num4,0.095,2026-01-29 15:01:07,
latin,en,gemini25pro,amd_sym,random_num4,0.16,2026-01-29 15:01:07,
latin,en,gemini25pro,amd_opt_sym,random_num4,0.163,2026-01-29 15:01:07,
latin,en,gemini25pro,prt,pca_num4,0.088,2026-01-29 15:01:07,
latin,en,gemini25pro,apd,pca_num4,0.455,2026-01-29 15:01:07,
latin,en,gemini25pro,amd,pca_num4,0.145,2026-01-29 15:01:07,
latin,en,gemini25pro,amd_sym,pca_num4,0.337,2026-01-29 15:01:07,
latin,en,gemini25pro,amd_opt_sym,pca_num4,0.345,2026-01-29 15:01:07,
latin,latin_BammanBurns,gemini25pro,prt,random_num4,0.164,2026-01-29 15:01:15,
latin,latin_BammanBurns,gemini25pro,apd,random_num4,-0.186,2026-01-29 15:01:15,
latin,latin_BammanBurns,gemini25pro,amd,random_num4,0.044,2026-01-29 15:01:15,
latin,latin_BammanBurns,gemini25pro,amd_sym,random_num4,0.128,2026-01-29 15:01:15,
latin,latin_BammanBurns,gemini25pro,amd_opt_sym,random_num4,0.161,2026-01-29 15:01:15,
latin,latin_BammanBurns,gemini25pro,prt,pca_num4,0.051,2026-01-29 15:01:15,
latin,latin_BammanBurns,gemini25pro,apd,pca_num4,0.186,2026-01-29 15:01:15,
latin,latin_BammanBurns,gemini25pro,amd,pca_num4,0.202,2026-01-29 15:01:15,
latin,latin_BammanBurns,gemini25pro,amd_sym,pca_num4,0.24,2026-01-29 15:01:15,
latin,latin_BammanBurns,gemini25pro,amd_opt_sym,pca_num4,0.195,2026-01-29 15:01:15,
spanish,xll,gemini25pro,prt,random_num4,0.39,2026-01-29 15:01:16,
spanish,xll,gemini25pro,apd,random_num4,0.337,2026-01-29 15:01:16,
spanish,xll,gemini25pro,amd,random_num4,0.576,2026-01-29 15:01:16,
spanish,xll,gemini25pro,amd_sym,random_num4,0.587,2026-01-29 15:01:16,
spanish,xll,gemini25pro,amd_opt_sym,random_num4,0.6,2026-01-29 15:01:16,
spanish,xll,gemini25pro,prt,pca_num4,-0.112,2026-01-29 15:01:16,
spanish,xll,gemini25pro,apd,pca_num4,0.356,2026-01-29 15:01:16,
spanish,xll,gemini25pro,amd,pca_num4,0.638,2026-01-29 15:01:16,
spanish,xll,gemini25pro,amd_sym,pca_num4,0.652,2026-01-29 15:01:16,
spanish,xll,gemini25pro,amd_opt_sym,pca_num4,0.659,2026-01-29 15:01:16,
spanish,xlmr,gemini25pro,prt,random_num4,0.043,2026-01-29 15:01:17,
spanish,xlmr,gemini25pro,apd,random_num4,-0.013,2026-01-29 15:01:17,
spanish,xlmr,gemini25pro,amd,random_num4,0.059,2026-01-29 15:01:17,
spanish,xlmr,gemini25pro,amd_sym,random_num4,0.069,2026-01-29 15:01:17,
spanish,xlmr,gemini25pro,amd_opt_sym,random_num4,0.05,2026-01-29 15:01:17,
spanish,xlmr,gemini25pro,prt,pca_num4,-0.134,2026-01-29 15:01:17,
spanish,xlmr,gemini25pro,apd,pca_num4,0.199,2026-01-29 15:01:17,
spanish,xlmr,gemini25pro,amd,pca_num4,0.3,2026-01-29 15:01:17,
spanish,xlmr,gemini25pro,amd_sym,pca_num4,0.217,2026-01-29 15:01:17,
spanish,xlmr,gemini25pro,amd_opt_sym,pca_num4,0.227,2026-01-29 15:01:17,
spanish,rembert,gemini25pro,prt,random_num4,0.009,2026-01-29 15:01:18,
spanish,rembert,gemini25pro,apd,random_num4,0.086,2026-01-29 15:01:18,
spanish,rembert,gemini25pro,amd,random_num4,0.033,2026-01-29 15:01:18,
spanish,rembert,gemini25pro,amd_sym,random_num4,0.051,2026-01-29 15:01:18,
spanish,rembert,gemini25pro,amd_opt_sym,random_num4,0.036,2026-01-29 15:01:18,
spanish,rembert,gemini25pro,prt,pca_num4,0.115,2026-01-29 15:01:18,
spanish,rembert,gemini25pro,apd,pca_num4,0.238,2026-01-29 15:01:18,
spanish,rembert,gemini25pro,amd,pca_num4,0.316,2026-01-29 15:01:18,
spanish,rembert,gemini25pro,amd_sym,pca_num4,0.293,2026-01-29 15:01:18,
spanish,rembert,gemini25pro,amd_opt_sym,pca_num4,0.309,2026-01-29 15:01:18,
spanish,multilingual-e5,gemini25pro,prt,random_num4,0.093,2026-01-29 15:01:20,
spanish,multilingual-e5,gemini25pro,apd,random_num4,-0.002,2026-01-29 15:01:20,
spanish,multilingual-e5,gemini25pro,amd,random_num4,-0.166,2026-01-29 15:01:20,
spanish,multilingual-e5,gemini25pro,amd_sym,random_num4,-0.12,2026-01-29 15:01:20,
spanish,multilingual-e5,gemini25pro,amd_opt_sym,random_num4,-0.072,2026-01-29 15:01:20,
spanish,multilingual-e5,gemini25pro,prt,pca_num4,-0.099,2026-01-29 15:01:20,
spanish,multilingual-e5,gemini25pro,apd,pca_num4,0.313,2026-01-29 15:01:20,
spanish,multilingual-e5,gemini25pro,amd,pca_num4,0.4,2026-01-29 15:01:20,
spanish,multilingual-e5,gemini25pro,amd_sym,pca_num4,0.364,2026-01-29 15:01:20,
spanish,multilingual-e5,gemini25pro,amd_opt_sym,pca_num4,0.36,2026-01-29 15:01:20,
spanish,mmbert,gemini25pro,prt,random_num4,0.042,2026-01-29 15:01:21,
spanish,mmbert,gemini25pro,apd,random_num4,0.087,2026-01-29 15:01:21,
spanish,mmbert,gemini25pro,amd,random_num4,0.061,2026-01-29 15:01:21,
spanish,mmbert,gemini25pro,amd_sym,random_num4,-0.022,2026-01-29 15:01:21,
spanish,mmbert,gemini25pro,amd_opt_sym,random_num4,-0.012,2026-01-29 15:01:21,
spanish,mmbert,gemini25pro,prt,pca_num4,-0.1,2026-01-29 15:01:21,
spanish,mmbert,gemini25pro,apd,pca_num4,0.184,2026-01-29 15:01:21,
spanish,mmbert,gemini25pro,amd,pca_num4,0.337,2026-01-29 15:01:21,
spanish,mmbert,gemini25pro,amd_sym,pca_num4,0.263,2026-01-29 15:01:21,
spanish,mmbert,gemini25pro,amd_opt_sym,pca_num4,0.272,2026-01-29 15:01:21,
spanish,en,gemini25pro,prt,random_num4,0.424,2026-01-29 15:01:22,
spanish,en,gemini25pro,apd,random_num4,0.424,2026-01-29 15:01:22,
spanish,en,gemini25pro,amd,random_num4,0.563,2026-01-29 15:01:22,
spanish,en,gemini25pro,amd_sym,random_num4,0.549,2026-01-29 15:01:22,
spanish,en,gemini25pro,amd_opt_sym,random_num4,0.556,2026-01-29 15:01:22,
spanish,en,gemini25pro,prt,pca_num4,-0.081,2026-01-29 15:01:22,
spanish,en,gemini25pro,apd,pca_num4,0.325,2026-01-29 15:01:22,
spanish,en,gemini25pro,amd,pca_num4,0.594,2026-01-29 15:01:22,
spanish,en,gemini25pro,amd_sym,pca_num4,0.657,2026-01-29 15:01:22,
spanish,en,gemini25pro,amd_opt_sym,pca_num4,0.661,2026-01-29 15:01:22,
spanish,spanish_BERT_WWM,gemini25pro,prt,random_num4,-0.028,2026-01-29 15:01:23,
spanish,spanish_BERT_WWM,gemini25pro,apd,random_num4,-0.178,2026-01-29 15:01:23,
spanish,spanish_BERT_WWM,gemini25pro,amd,random_num4,0.034,2026-01-29 15:01:23,
spanish,spanish_BERT_WWM,gemini25pro,amd_sym,random_num4,0.059,2026-01-29 15:01:23,
spanish,spanish_BERT_WWM,gemini25pro,amd_opt_sym,random_num4,0.057,2026-01-29 15:01:23,
spanish,spanish_BERT_WWM,gemini25pro,prt,pca_num4,-0.059,2026-01-29 15:01:23,
spanish,spanish_BERT_WWM,gemini25pro,apd,pca_num4,0.185,2026-01-29 15:01:23,
spanish,spanish_BERT_WWM,gemini25pro,amd,pca_num4,0.299,2026-01-29 15:01:23,
spanish,spanish_BERT_WWM,gemini25pro,amd_sym,pca_num4,0.318,2026-01-29 15:01:23,
spanish,spanish_BERT_WWM,gemini25pro,amd_opt_sym,pca_num4,0.306,2026-01-29 15:01:23,
chinese,xll,gemini25pro,prt,random_num4,0.57,2026-01-29 15:01:24,
chinese,xll,gemini25pro,apd,random_num4,0.569,2026-01-29 15:01:24,
chinese,xll,gemini25pro,amd,random_num4,0.784,2026-01-29 15:01:24,
chinese,xll,gemini25pro,amd_sym,random_num4,0.735,2026-01-29 15:01:24,
chinese,xll,gemini25pro,amd_opt_sym,random_num4,0.725,2026-01-29 15:01:24,
chinese,xll,gemini25pro,prt,pca_num4,-0.078,2026-01-29 15:01:24,
chinese,xll,gemini25pro,apd,pca_num4,0.412,2026-01-29 15:01:24,
chinese,xll,gemini25pro,amd,pca_num4,0.67,2026-01-29 15:01:24,
chinese,xll,gemini25pro,amd_sym,pca_num4,0.711,2026-01-29 15:01:24,
chinese,xll,gemini25pro,amd_opt_sym,pca_num4,0.712,2026-01-29 15:01:24,
chinese,xlmr,gemini25pro,prt,random_num4,0.118,2026-01-29 15:01:25,
chinese,xlmr,gemini25pro,apd,random_num4,0.4,2026-01-29 15:01:25,
chinese,xlmr,gemini25pro,amd,random_num4,0.027,2026-01-29 15:01:25,
chinese,xlmr,gemini25pro,amd_sym,random_num4,-0.088,2026-01-29 15:01:25,
chinese,xlmr,gemini25pro,amd_opt_sym,random_num4,-0.078,2026-01-29 15:01:25,
chinese,xlmr,gemini25pro,prt,pca_num4,0.226,2026-01-29 15:01:25,
chinese,xlmr,gemini25pro,apd,pca_num4,0.276,2026-01-29 15:01:25,
chinese,xlmr,gemini25pro,amd,pca_num4,0.37,2026-01-29 15:01:25,
chinese,xlmr,gemini25pro,amd_sym,pca_num4,0.269,2026-01-29 15:01:25,
chinese,xlmr,gemini25pro,amd_opt_sym,pca_num4,0.307,2026-01-29 15:01:25,
chinese,rembert,gemini25pro,prt,random_num4,0.246,2026-01-29 15:01:25,
chinese,rembert,gemini25pro,apd,random_num4,0.238,2026-01-29 15:01:25,
chinese,rembert,gemini25pro,amd,random_num4,0.193,2026-01-29 15:01:25,
chinese,rembert,gemini25pro,amd_sym,random_num4,0.211,2026-01-29 15:01:25,
chinese,rembert,gemini25pro,amd_opt_sym,random_num4,0.234,2026-01-29 15:01:25,
chinese,rembert,gemini25pro,prt,pca_num4,0.269,2026-01-29 15:01:25,
chinese,rembert,gemini25pro,apd,pca_num4,0.325,2026-01-29 15:01:25,
chinese,rembert,gemini25pro,amd,pca_num4,0.36,2026-01-29 15:01:25,
chinese,rembert,gemini25pro,amd_sym,pca_num4,0.224,2026-01-29 15:01:25,
chinese,rembert,gemini25pro,amd_opt_sym,pca_num4,0.24,2026-01-29 15:01:25,
chinese,multilingual-e5,gemini25pro,prt,random_num4,-0.205,2026-01-29 15:01:26,
chinese,multilingual-e5,gemini25pro,apd,random_num4,-0.313,2026-01-29 15:01:26,
chinese,multilingual-e5,gemini25pro,amd,random_num4,0.046,2026-01-29 15:01:26,
chinese,multilingual-e5,gemini25pro,amd_sym,random_num4,0.011,2026-01-29 15:01:26,
chinese,multilingual-e5,gemini25pro,amd_opt_sym,random_num4,0.021,2026-01-29 15:01:26,
chinese,multilingual-e5,gemini25pro,prt,pca_num4,0.226,2026-01-29 15:01:26,
chinese,multilingual-e5,gemini25pro,apd,pca_num4,0.204,2026-01-29 15:01:26,
chinese,multilingual-e5,gemini25pro,amd,pca_num4,0.345,2026-01-29 15:01:26,
chinese,multilingual-e5,gemini25pro,amd_sym,pca_num4,0.239,2026-01-29 15:01:26,
chinese,multilingual-e5,gemini25pro,amd_opt_sym,pca_num4,0.267,2026-01-29 15:01:26,
chinese,mmbert,gemini25pro,prt,random_num4,-0.106,2026-01-29 15:01:27,
chinese,mmbert,gemini25pro,apd,random_num4,0.034,2026-01-29 15:01:27,
chinese,mmbert,gemini25pro,amd,random_num4,0.204,2026-01-29 15:01:27,
chinese,mmbert,gemini25pro,amd_sym,random_num4,0.198,2026-01-29 15:01:27,
chinese,mmbert,gemini25pro,amd_opt_sym,random_num4,0.2,2026-01-29 15:01:27,
chinese,mmbert,gemini25pro,prt,pca_num4,0.209,2026-01-29 15:01:27,
chinese,mmbert,gemini25pro,apd,pca_num4,0.295,2026-01-29 15:01:27,
chinese,mmbert,gemini25pro,amd,pca_num4,0.398,2026-01-29 15:01:27,
chinese,mmbert,gemini25pro,amd_sym,pca_num4,0.267,2026-01-29 15:01:27,
chinese,mmbert,gemini25pro,amd_opt_sym,pca_num4,0.252,2026-01-29 15:01:27,
chinese,en,gemini25pro,prt,random_num4,0.675,2026-01-29 15:01:28,
chinese,en,gemini25pro,apd,random_num4,0.637,2026-01-29 15:01:28,
chinese,en,gemini25pro,amd,random_num4,0.656,2026-01-29 15:01:28,
chinese,en,gemini25pro,amd_sym,random_num4,0.67,2026-01-29 15:01:28,
chinese,en,gemini25pro,amd_opt_sym,random_num4,0.672,2026-01-29 15:01:28,
chinese,en,gemini25pro,prt,pca_num4,-0.076,2026-01-29 15:01:28,
chinese,en,gemini25pro,apd,pca_num4,0.312,2026-01-29 15:01:28,
chinese,en,gemini25pro,amd,pca_num4,0.653,2026-01-29 15:01:28,
chinese,en,gemini25pro,amd_sym,pca_num4,0.699,2026-01-29 15:01:28,
chinese,en,gemini25pro,amd_opt_sym,pca_num4,0.695,2026-01-29 15:01:28,
chinese,chinese_RoBERTa_WWM,gemini25pro,prt,random_num4,-0.148,2026-01-29 15:01:28,
chinese,chinese_RoBERTa_WWM,gemini25pro,apd,random_num4,-0.058,2026-01-29 15:01:28,
chinese,chinese_RoBERTa_WWM,gemini25pro,amd,random_num4,0.426,2026-01-29 15:01:28,
chinese,chinese_RoBERTa_WWM,gemini25pro,amd_sym,random_num4,0.259,2026-01-29 15:01:28,
chinese,chinese_RoBERTa_WWM,gemini25pro,amd_opt_sym,random_num4,0.346,2026-01-29 15:01:28,
chinese,chinese_RoBERTa_WWM,gemini25pro,prt,pca_num4,0.264,2026-01-29 15:01:28,
chinese,chinese_RoBERTa_WWM,gemini25pro,apd,pca_num4,0.262,2026-01-29 15:01:28,
chinese,chinese_RoBERTa_WWM,gemini25pro,amd,pca_num4,0.407,2026-01-29 15:01:28,
chinese,chinese_RoBERTa_WWM,gemini25pro,amd_sym,pca_num4,0.347,2026-01-29 15:01:28,
chinese,chinese_RoBERTa_WWM,gemini25pro,amd_opt_sym,pca_num4,0.343,2026-01-29 15:01:28,
norwegian_1,xll,gemini25pro,prt,random_num4,0.32,2026-01-29 15:01:29,
norwegian_1,xll,gemini25pro,apd,random_num4,0.284,2026-01-29 15:01:29,
norwegian_1,xll,gemini25pro,amd,random_num4,0.523,2026-01-29 15:01:29,
norwegian_1,xll,gemini25pro,amd_sym,random_num4,0.517,2026-01-29 15:01:29,
norwegian_1,xll,gemini25pro,amd_opt_sym,random_num4,0.479,2026-01-29 15:01:29,
norwegian_1,xll,gemini25pro,prt,pca_num4,0.129,2026-01-29 15:01:29,
norwegian_1,xll,gemini25pro,apd,pca_num4,0.578,2026-01-29 15:01:29,
norwegian_1,xll,gemini25pro,amd,pca_num4,0.705,2026-01-29 15:01:29,
norwegian_1,xll,gemini25pro,amd_sym,pca_num4,0.69,2026-01-29 15:01:29,
norwegian_1,xll,gemini25pro,amd_opt_sym,pca_num4,0.692,2026-01-29 15:01:29,
norwegian_1,xlmr,gemini25pro,prt,random_num4,0.162,2026-01-29 15:01:29,
norwegian_1,xlmr,gemini25pro,apd,random_num4,0.045,2026-01-29 15:01:29,
norwegian_1,xlmr,gemini25pro,amd,random_num4,0.254,2026-01-29 15:01:29,
norwegian_1,xlmr,gemini25pro,amd_sym,random_num4,0.323,2026-01-29 15:01:29,
norwegian_1,xlmr,gemini25pro,amd_opt_sym,random_num4,0.325,2026-01-29 15:01:29,
norwegian_1,xlmr,gemini25pro,prt,pca_num4,0.268,2026-01-29 15:01:29,
norwegian_1,xlmr,gemini25pro,apd,pca_num4,0.407,2026-01-29 15:01:29,
norwegian_1,xlmr,gemini25pro,amd,pca_num4,0.573,2026-01-29 15:01:29,
norwegian_1,xlmr,gemini25pro,amd_sym,pca_num4,0.586,2026-01-29 15:01:29,
norwegian_1,xlmr,gemini25pro,amd_opt_sym,pca_num4,0.597,2026-01-29 15:01:29,
norwegian_1,rembert,gemini25pro,prt,random_num4,0.29,2026-01-29 15:01:30,
norwegian_1,rembert,gemini25pro,apd,random_num4,0.271,2026-01-29 15:01:30,
norwegian_1,rembert,gemini25pro,amd,random_num4,0.298,2026-01-29 15:01:30,
norwegian_1,rembert,gemini25pro,amd_sym,random_num4,0.372,2026-01-29 15:01:30,
norwegian_1,rembert,gemini25pro,amd_opt_sym,random_num4,0.383,2026-01-29 15:01:30,
norwegian_1,rembert,gemini25pro,prt,pca_num4,-0.189,2026-01-29 15:01:30,
norwegian_1,rembert,gemini25pro,apd,pca_num4,0.453,2026-01-29 15:01:30,
norwegian_1,rembert,gemini25pro,amd,pca_num4,0.5,2026-01-29 15:01:30,
norwegian_1,rembert,gemini25pro,amd_sym,pca_num4,0.552,2026-01-29 15:01:30,
norwegian_1,rembert,gemini25pro,amd_opt_sym,pca_num4,0.597,2026-01-29 15:01:30,
norwegian_1,multilingual-e5,gemini25pro,prt,random_num4,0.014,2026-01-29 15:01:30,
norwegian_1,multilingual-e5,gemini25pro,apd,random_num4,-0.038,2026-01-29 15:01:30,
norwegian_1,multilingual-e5,gemini25pro,amd,random_num4,-0.145,2026-01-29 15:01:30,
norwegian_1,multilingual-e5,gemini25pro,amd_sym,random_num4,-0.168,2026-01-29 15:01:30,
norwegian_1,multilingual-e5,gemini25pro,amd_opt_sym,random_num4,-0.117,2026-01-29 15:01:30,
norwegian_1,multilingual-e5,gemini25pro,prt,pca_num4,0.272,2026-01-29 15:01:30,
norwegian_1,multilingual-e5,gemini25pro,apd,pca_num4,0.387,2026-01-29 15:01:30,
norwegian_1,multilingual-e5,gemini25pro,amd,pca_num4,0.415,2026-01-29 15:01:30,
norwegian_1,multilingual-e5,gemini25pro,amd_sym,pca_num4,0.462,2026-01-29 15:01:30,
norwegian_1,multilingual-e5,gemini25pro,amd_opt_sym,pca_num4,0.441,2026-01-29 15:01:30,
norwegian_1,mmbert,gemini25pro,prt,random_num4,0.338,2026-01-29 15:01:30,
norwegian_1,mmbert,gemini25pro,apd,random_num4,0.267,2026-01-29 15:01:30,
norwegian_1,mmbert,gemini25pro,amd,random_num4,0.535,2026-01-29 15:01:30,
norwegian_1,mmbert,gemini25pro,amd_sym,random_num4,0.421,2026-01-29 15:01:30,
norwegian_1,mmbert,gemini25pro,amd_opt_sym,random_num4,0.476,2026-01-29 15:01:30,
norwegian_1,mmbert,gemini25pro,prt,pca_num4,0.065,2026-01-29 15:01:30,
norwegian_1,mmbert,gemini25pro,apd,pca_num4,0.412,2026-01-29 15:01:30,
norwegian_1,mmbert,gemini25pro,amd,pca_num4,0.47,2026-01-29 15:01:30,
norwegian_1,mmbert,gemini25pro,amd_sym,pca_num4,0.564,2026-01-29 15:01:30,
norwegian_1,mmbert,gemini25pro,amd_opt_sym,pca_num4,0.54,2026-01-29 15:01:30,
norwegian_1,en,gemini25pro,prt,random_num4,0.466,2026-01-29 15:01:31,
norwegian_1,en,gemini25pro,apd,random_num4,0.469,2026-01-29 15:01:31,
norwegian_1,en,gemini25pro,amd,random_num4,0.779,2026-01-29 15:01:31,
norwegian_1,en,gemini25pro,amd_sym,random_num4,0.791,2026-01-29 15:01:31,
norwegian_1,en,gemini25pro,amd_opt_sym,random_num4,0.77,2026-01-29 15:01:31,
norwegian_1,en,gemini25pro,prt,pca_num4,0.06,2026-01-29 15:01:31,
norwegian_1,en,gemini25pro,apd,pca_num4,0.539,2026-01-29 15:01:31,
norwegian_1,en,gemini25pro,amd,pca_num4,0.751,2026-01-29 15:01:31,
norwegian_1,en,gemini25pro,amd_sym,pca_num4,0.808,2026-01-29 15:01:31,
norwegian_1,en,gemini25pro,amd_opt_sym,pca_num4,0.82,2026-01-29 15:01:31,
norwegian_1,norwegian_NB-BERT,gemini25pro,prt,random_num4,0.316,2026-01-29 15:01:31,
norwegian_1,norwegian_NB-BERT,gemini25pro,apd,random_num4,0.271,2026-01-29 15:01:31,
norwegian_1,norwegian_NB-BERT,gemini25pro,amd,random_num4,0.177,2026-01-29 15:01:31,
norwegian_1,norwegian_NB-BERT,gemini25pro,amd_sym,random_num4,0.202,2026-01-29 15:01:31,
norwegian_1,norwegian_NB-BERT,gemini25pro,amd_opt_sym,random_num4,0.138,2026-01-29 15:01:31,
norwegian_1,norwegian_NB-BERT,gemini25pro,prt,pca_num4,0.169,2026-01-29 15:01:31,
norwegian_1,norwegian_NB-BERT,gemini25pro,apd,pca_num4,0.263,2026-01-29 15:01:31,
norwegian_1,norwegian_NB-BERT,gemini25pro,amd,pca_num4,0.45,2026-01-29 15:01:31,
norwegian_1,norwegian_NB-BERT,gemini25pro,amd_sym,pca_num4,0.504,2026-01-29 15:01:31,
norwegian_1,norwegian_NB-BERT,gemini25pro,amd_opt_sym,pca_num4,0.538,2026-01-29 15:01:31,
norwegian_2,xll,gemini25pro,prt,random_num4,0.353,2026-01-29 15:01:31,
norwegian_2,xll,gemini25pro,apd,random_num4,0.535,2026-01-29 15:01:31,
norwegian_2,xll,gemini25pro,amd,random_num4,0.611,2026-01-29 15:01:31,
norwegian_2,xll,gemini25pro,amd_sym,random_num4,0.628,2026-01-29 15:01:31,
norwegian_2,xll,gemini25pro,amd_opt_sym,random_num4,0.622,2026-01-29 15:01:31,
norwegian_2,xll,gemini25pro,prt,pca_num4,-0.035,2026-01-29 15:01:31,
norwegian_2,xll,gemini25pro,apd,pca_num4,0.246,2026-01-29 15:01:31,
norwegian_2,xll,gemini25pro,amd,pca_num4,0.547,2026-01-29 15:01:31,
norwegian_2,xll,gemini25pro,amd_sym,pca_num4,0.563,2026-01-29 15:01:31,
norwegian_2,xll,gemini25pro,amd_opt_sym,pca_num4,0.579,2026-01-29 15:01:31,
norwegian_2,xlmr,gemini25pro,prt,random_num4,-0.152,2026-01-29 15:01:32,
norwegian_2,xlmr,gemini25pro,apd,random_num4,-0.178,2026-01-29 15:01:32,
norwegian_2,xlmr,gemini25pro,amd,random_num4,0.313,2026-01-29 15:01:32,
norwegian_2,xlmr,gemini25pro,amd_sym,random_num4,0.284,2026-01-29 15:01:32,
norwegian_2,xlmr,gemini25pro,amd_opt_sym,random_num4,0.32,2026-01-29 15:01:32,
norwegian_2,xlmr,gemini25pro,prt,pca_num4,0.148,2026-01-29 15:01:32,
norwegian_2,xlmr,gemini25pro,apd,pca_num4,-0.004,2026-01-29 15:01:32,
norwegian_2,xlmr,gemini25pro,amd,pca_num4,0.267,2026-01-29 15:01:32,
norwegian_2,xlmr,gemini25pro,amd_sym,pca_num4,0.242,2026-01-29 15:01:32,
norwegian_2,xlmr,gemini25pro,amd_opt_sym,pca_num4,0.234,2026-01-29 15:01:32,
norwegian_2,rembert,gemini25pro,prt,random_num4,0.232,2026-01-29 15:01:32,
norwegian_2,rembert,gemini25pro,apd,random_num4,0.341,2026-01-29 15:01:32,
norwegian_2,rembert,gemini25pro,amd,random_num4,0.016,2026-01-29 15:01:32,
norwegian_2,rembert,gemini25pro,amd_sym,random_num4,0.036,2026-01-29 15:01:32,
norwegian_2,rembert,gemini25pro,amd_opt_sym,random_num4,-0.09,2026-01-29 15:01:32,
norwegian_2,rembert,gemini25pro,prt,pca_num4,-0.0,2026-01-29 15:01:32,
norwegian_2,rembert,gemini25pro,apd,pca_num4,0.22,2026-01-29 15:01:32,
norwegian_2,rembert,gemini25pro,amd,pca_num4,0.361,2026-01-29 15:01:32,
norwegian_2,rembert,gemini25pro,amd_sym,pca_num4,0.466,2026-01-29 15:01:32,
norwegian_2,rembert,gemini25pro,amd_opt_sym,pca_num4,0.401,2026-01-29 15:01:32,
norwegian_2,multilingual-e5,gemini25pro,prt,random_num4,0.146,2026-01-29 15:01:33,
norwegian_2,multilingual-e5,gemini25pro,apd,random_num4,0.028,2026-01-29 15:01:33,
norwegian_2,multilingual-e5,gemini25pro,amd,random_num4,0.248,2026-01-29 15:01:33,
norwegian_2,multilingual-e5,gemini25pro,amd_sym,random_num4,0.296,2026-01-29 15:01:33,
norwegian_2,multilingual-e5,gemini25pro,amd_opt_sym,random_num4,0.272,2026-01-29 15:01:33,
norwegian_2,multilingual-e5,gemini25pro,prt,pca_num4,0.025,2026-01-29 15:01:33,
norwegian_2,multilingual-e5,gemini25pro,apd,pca_num4,0.147,2026-01-29 15:01:33,
norwegian_2,multilingual-e5,gemini25pro,amd,pca_num4,0.188,2026-01-29 15:01:33,
norwegian_2,multilingual-e5,gemini25pro,amd_sym,pca_num4,0.18,2026-01-29 15:01:33,
norwegian_2,multilingual-e5,gemini25pro,amd_opt_sym,pca_num4,0.178,2026-01-29 15:01:33,
norwegian_2,mmbert,gemini25pro,prt,random_num4,-0.115,2026-01-29 15:01:33,
norwegian_2,mmbert,gemini25pro,apd,random_num4,-0.208,2026-01-29 15:01:33,
norwegian_2,mmbert,gemini25pro,amd,random_num4,0.18,2026-01-29 15:01:33,
norwegian_2,mmbert,gemini25pro,amd_sym,random_num4,0.103,2026-01-29 15:01:33,
norwegian_2,mmbert,gemini25pro,amd_opt_sym,random_num4,0.125,2026-01-29 15:01:33,
norwegian_2,mmbert,gemini25pro,prt,pca_num4,0.052,2026-01-29 15:01:33,
norwegian_2,mmbert,gemini25pro,apd,pca_num4,0.068,2026-01-29 15:01:33,
norwegian_2,mmbert,gemini25pro,amd,pca_num4,0.251,2026-01-29 15:01:33,
norwegian_2,mmbert,gemini25pro,amd_sym,pca_num4,0.346,2026-01-29 15:01:33,
norwegian_2,mmbert,gemini25pro,amd_opt_sym,pca_num4,0.329,2026-01-29 15:01:33,
norwegian_2,en,gemini25pro,prt,random_num4,0.333,2026-01-29 15:01:33,
norwegian_2,en,gemini25pro,apd,random_num4,0.453,2026-01-29 15:01:33,
norwegian_2,en,gemini25pro,amd,random_num4,0.525,2026-01-29 15:01:33,
norwegian_2,en,gemini25pro,amd_sym,random_num4,0.594,2026-01-29 15:01:33,
norwegian_2,en,gemini25pro,amd_opt_sym,random_num4,0.568,2026-01-29 15:01:33,
norwegian_2,en,gemini25pro,prt,pca_num4,0.058,2026-01-29 15:01:33,
norwegian_2,en,gemini25pro,apd,pca_num4,0.299,2026-01-29 15:01:33,
norwegian_2,en,gemini25pro,amd,pca_num4,0.616,2026-01-29 15:01:33,
norwegian_2,en,gemini25pro,amd_sym,pca_num4,0.646,2026-01-29 15:01:33,
norwegian_2,en,gemini25pro,amd_opt_sym,pca_num4,0.637,2026-01-29 15:01:33,
norwegian_2,norwegian_NB-BERT,gemini25pro,prt,random_num4,0.134,2026-01-29 15:01:34,
norwegian_2,norwegian_NB-BERT,gemini25pro,apd,random_num4,0.003,2026-01-29 15:01:34,
norwegian_2,norwegian_NB-BERT,gemini25pro,amd,random_num4,0.145,2026-01-29 15:01:34,
norwegian_2,norwegian_NB-BERT,gemini25pro,amd_sym,random_num4,0.11,2026-01-29 15:01:34,
norwegian_2,norwegian_NB-BERT,gemini25pro,amd_opt_sym,random_num4,0.113,2026-01-29 15:01:34,
norwegian_2,norwegian_NB-BERT,gemini25pro,prt,pca_num4,-0.112,2026-01-29 15:01:34,
norwegian_2,norwegian_NB-BERT,gemini25pro,apd,pca_num4,0.089,2026-01-29 15:01:34,
norwegian_2,norwegian_NB-BERT,gemini25pro,amd,pca_num4,0.129,2026-01-29 15:01:34,
norwegian_2,norwegian_NB-BERT,gemini25pro,amd_sym,pca_num4,0.28,2026-01-29 15:01:34,
norwegian_2,norwegian_NB-BERT,gemini25pro,amd_opt_sym,pca_num4,0.228,2026-01-29 15:01:34,
english,xll,gemini25pro,prt,random_num2,0.201,2026-01-29 15:01:39,
english,xll,gemini25pro,apd,random_num2,0.257,2026-01-29 15:01:39,
english,xll,gemini25pro,amd,random_num2,0.499,2026-01-29 15:01:39,
english,xll,gemini25pro,amd_sym,random_num2,0.557,2026-01-29 15:01:39,
english,xll,gemini25pro,amd_opt_sym,random_num2,0.565,2026-01-29 15:01:39,
english,xll,gemini25pro,prt,pca_num2,-0.204,2026-01-29 15:01:39,
english,xll,gemini25pro,apd,pca_num2,0.286,2026-01-29 15:01:39,
english,xll,gemini25pro,amd,pca_num2,0.44,2026-01-29 15:01:39,
english,xll,gemini25pro,amd_sym,pca_num2,0.476,2026-01-29 15:01:39,
english,xll,gemini25pro,amd_opt_sym,pca_num2,0.482,2026-01-29 15:01:39,
english,xlmr,gemini25pro,prt,random_num2,0.062,2026-01-29 15:01:44,
english,xlmr,gemini25pro,apd,random_num2,0.157,2026-01-29 15:01:44,
english,xlmr,gemini25pro,amd,random_num2,0.146,2026-01-29 15:01:44,
english,xlmr,gemini25pro,amd_sym,random_num2,0.23,2026-01-29 15:01:44,
english,xlmr,gemini25pro,amd_opt_sym,random_num2,0.247,2026-01-29 15:01:44,
english,xlmr,gemini25pro,prt,pca_num2,0.276,2026-01-29 15:01:44,
english,xlmr,gemini25pro,apd,pca_num2,0.261,2026-01-29 15:01:44,
english,xlmr,gemini25pro,amd,pca_num2,0.227,2026-01-29 15:01:44,
english,xlmr,gemini25pro,amd_sym,pca_num2,0.351,2026-01-29 15:01:44,
english,xlmr,gemini25pro,amd_opt_sym,pca_num2,0.361,2026-01-29 15:01:44,
english,rembert,gemini25pro,prt,random_num2,-0.117,2026-01-29 15:01:50,
english,rembert,gemini25pro,apd,random_num2,0.094,2026-01-29 15:01:50,
english,rembert,gemini25pro,amd,random_num2,-0.085,2026-01-29 15:01:50,
english,rembert,gemini25pro,amd_sym,random_num2,-0.379,2026-01-29 15:01:50,
english,rembert,gemini25pro,amd_opt_sym,random_num2,-0.398,2026-01-29 15:01:50,
english,rembert,gemini25pro,prt,pca_num2,-0.043,2026-01-29 15:01:50,
english,rembert,gemini25pro,apd,pca_num2,0.157,2026-01-29 15:01:50,
english,rembert,gemini25pro,amd,pca_num2,0.207,2026-01-29 15:01:50,
english,rembert,gemini25pro,amd_sym,pca_num2,0.267,2026-01-29 15:01:50,
english,rembert,gemini25pro,amd_opt_sym,pca_num2,0.274,2026-01-29 15:01:50,
english,multilingual-e5,gemini25pro,prt,random_num2,-0.158,2026-01-29 15:01:55,
english,multilingual-e5,gemini25pro,apd,random_num2,0.012,2026-01-29 15:01:55,
english,multilingual-e5,gemini25pro,amd,random_num2,0.185,2026-01-29 15:01:55,
english,multilingual-e5,gemini25pro,amd_sym,random_num2,0.147,2026-01-29 15:01:55,
english,multilingual-e5,gemini25pro,amd_opt_sym,random_num2,0.131,2026-01-29 15:01:55,
english,multilingual-e5,gemini25pro,prt,pca_num2,0.175,2026-01-29 15:01:55,
english,multilingual-e5,gemini25pro,apd,pca_num2,0.222,2026-01-29 15:01:55,
english,multilingual-e5,gemini25pro,amd,pca_num2,0.229,2026-01-29 15:01:55,
english,multilingual-e5,gemini25pro,amd_sym,pca_num2,0.209,2026-01-29 15:01:55,
english,multilingual-e5,gemini25pro,amd_opt_sym,pca_num2,0.211,2026-01-29 15:01:55,
english,mmbert,gemini25pro,prt,random_num2,-0.138,2026-01-29 15:02:01,
english,mmbert,gemini25pro,apd,random_num2,0.163,2026-01-29 15:02:01,
english,mmbert,gemini25pro,amd,random_num2,0.028,2026-01-29 15:02:01,
english,mmbert,gemini25pro,amd_sym,random_num2,-0.113,2026-01-29 15:02:01,
english,mmbert,gemini25pro,amd_opt_sym,random_num2,-0.114,2026-01-29 15:02:01,
english,mmbert,gemini25pro,prt,pca_num2,0.122,2026-01-29 15:02:01,
english,mmbert,gemini25pro,apd,pca_num2,0.022,2026-01-29 15:02:01,
english,mmbert,gemini25pro,amd,pca_num2,0.14,2026-01-29 15:02:01,
english,mmbert,gemini25pro,amd_sym,pca_num2,0.114,2026-01-29 15:02:01,
english,mmbert,gemini25pro,amd_opt_sym,pca_num2,0.129,2026-01-29 15:02:01,
english,en,gemini25pro,prt,random_num2,0.05,2026-01-29 15:02:07,
english,en,gemini25pro,apd,random_num2,0.098,2026-01-29 15:02:07,
english,en,gemini25pro,amd,random_num2,0.515,2026-01-29 15:02:07,
english,en,gemini25pro,amd_sym,random_num2,0.402,2026-01-29 15:02:07,
english,en,gemini25pro,amd_opt_sym,random_num2,0.374,2026-01-29 15:02:07,
english,en,gemini25pro,prt,pca_num2,-0.002,2026-01-29 15:02:07,
english,en,gemini25pro,apd,pca_num2,0.173,2026-01-29 15:02:07,
english,en,gemini25pro,amd,pca_num2,0.419,2026-01-29 15:02:07,
english,en,gemini25pro,amd_sym,pca_num2,0.464,2026-01-29 15:02:07,
english,en,gemini25pro,amd_opt_sym,pca_num2,0.433,2026-01-29 15:02:07,
english,roberta,gemini25pro,prt,random_num2,0.25,2026-01-29 15:02:13,
english,roberta,gemini25pro,apd,random_num2,-0.157,2026-01-29 15:02:13,
english,roberta,gemini25pro,amd,random_num2,0.267,2026-01-29 15:02:13,
english,roberta,gemini25pro,amd_sym,random_num2,0.38,2026-01-29 15:02:13,
english,roberta,gemini25pro,amd_opt_sym,random_num2,0.354,2026-01-29 15:02:13,
english,roberta,gemini25pro,prt,pca_num2,0.21,2026-01-29 15:02:13,
english,roberta,gemini25pro,apd,pca_num2,0.054,2026-01-29 15:02:13,
english,roberta,gemini25pro,amd,pca_num2,0.104,2026-01-29 15:02:13,
english,roberta,gemini25pro,amd_sym,pca_num2,0.148,2026-01-29 15:02:13,
english,roberta,gemini25pro,amd_opt_sym,pca_num2,0.152,2026-01-29 15:02:13,
german,xll,gemini25pro,prt,random_num2,0.324,2026-01-29 15:02:18,
german,xll,gemini25pro,apd,random_num2,0.478,2026-01-29 15:02:18,
german,xll,gemini25pro,amd,random_num2,0.676,2026-01-29 15:02:18,
german,xll,gemini25pro,amd_sym,random_num2,0.724,2026-01-29 15:02:18,
german,xll,gemini25pro,amd_opt_sym,random_num2,0.713,2026-01-29 15:02:18,
german,xll,gemini25pro,prt,pca_num2,-0.169,2026-01-29 15:02:18,
german,xll,gemini25pro,apd,pca_num2,0.679,2026-01-29 15:02:18,
german,xll,gemini25pro,amd,pca_num2,0.615,2026-01-29 15:02:18,
german,xll,gemini25pro,amd_sym,pca_num2,0.85,2026-01-29 15:02:18,
german,xll,gemini25pro,amd_opt_sym,pca_num2,0.848,2026-01-29 15:02:18,
german,xlmr,gemini25pro,prt,random_num2,0.243,2026-01-29 15:02:22,
german,xlmr,gemini25pro,apd,random_num2,0.293,2026-01-29 15:02:22,
german,xlmr,gemini25pro,amd,random_num2,0.068,2026-01-29 15:02:22,
german,xlmr,gemini25pro,amd_sym,random_num2,0.067,2026-01-29 15:02:22,
german,xlmr,gemini25pro,amd_opt_sym,random_num2,0.078,2026-01-29 15:02:22,
german,xlmr,gemini25pro,prt,pca_num2,0.091,2026-01-29 15:02:22,
german,xlmr,gemini25pro,apd,pca_num2,0.322,2026-01-29 15:02:22,
german,xlmr,gemini25pro,amd,pca_num2,0.308,2026-01-29 15:02:22,
german,xlmr,gemini25pro,amd_sym,pca_num2,0.368,2026-01-29 15:02:22,
german,xlmr,gemini25pro,amd_opt_sym,pca_num2,0.385,2026-01-29 15:02:22,
german,rembert,gemini25pro,prt,random_num2,0.079,2026-01-29 15:02:26,
german,rembert,gemini25pro,apd,random_num2,-0.07,2026-01-29 15:02:26,
german,rembert,gemini25pro,amd,random_num2,0.068,2026-01-29 15:02:26,
german,rembert,gemini25pro,amd_sym,random_num2,0.133,2026-01-29 15:02:26,
german,rembert,gemini25pro,amd_opt_sym,random_num2,0.136,2026-01-29 15:02:26,
german,rembert,gemini25pro,prt,pca_num2,-0.348,2026-01-29 15:02:26,
german,rembert,gemini25pro,apd,pca_num2,0.393,2026-01-29 15:02:26,
german,rembert,gemini25pro,amd,pca_num2,0.325,2026-01-29 15:02:26,
german,rembert,gemini25pro,amd_sym,pca_num2,0.424,2026-01-29 15:02:26,
german,rembert,gemini25pro,amd_opt_sym,pca_num2,0.448,2026-01-29 15:02:26,
german,multilingual-e5,gemini25pro,prt,random_num2,0.352,2026-01-29 15:02:30,
german,multilingual-e5,gemini25pro,apd,random_num2,0.323,2026-01-29 15:02:30,
german,multilingual-e5,gemini25pro,amd,random_num2,0.082,2026-01-29 15:02:30,
german,multilingual-e5,gemini25pro,amd_sym,random_num2,0.185,2026-01-29 15:02:30,
german,multilingual-e5,gemini25pro,amd_opt_sym,random_num2,0.163,2026-01-29 15:02:30,
german,multilingual-e5,gemini25pro,prt,pca_num2,0.408,2026-01-29 15:02:30,
german,multilingual-e5,gemini25pro,apd,pca_num2,0.513,2026-01-29 15:02:30,
german,multilingual-e5,gemini25pro,amd,pca_num2,0.381,2026-01-29 15:02:30,
german,multilingual-e5,gemini25pro,amd_sym,pca_num2,0.549,2026-01-29 15:02:30,
german,multilingual-e5,gemini25pro,amd_opt_sym,pca_num2,0.538,2026-01-29 15:02:30,
german,mmbert,gemini25pro,prt,random_num2,0.18,2026-01-29 15:02:34,
german,mmbert,gemini25pro,apd,random_num2,-0.16,2026-01-29 15:02:34,
german,mmbert,gemini25pro,amd,random_num2,0.015,2026-01-29 15:02:34,
german,mmbert,gemini25pro,amd_sym,random_num2,-0.093,2026-01-29 15:02:34,
german,mmbert,gemini25pro,amd_opt_sym,random_num2,-0.079,2026-01-29 15:02:34,
german,mmbert,gemini25pro,prt,pca_num2,-0.016,2026-01-29 15:02:34,
german,mmbert,gemini25pro,apd,pca_num2,0.29,2026-01-29 15:02:34,
german,mmbert,gemini25pro,amd,pca_num2,0.168,2026-01-29 15:02:34,
german,mmbert,gemini25pro,amd_sym,pca_num2,0.241,2026-01-29 15:02:34,
german,mmbert,gemini25pro,amd_opt_sym,pca_num2,0.289,2026-01-29 15:02:34,
german,en,gemini25pro,prt,random_num2,0.477,2026-01-29 15:02:38,
german,en,gemini25pro,apd,random_num2,0.387,2026-01-29 15:02:38,
german,en,gemini25pro,amd,random_num2,0.515,2026-01-29 15:02:38,
german,en,gemini25pro,amd_sym,random_num2,0.619,2026-01-29 15:02:38,
german,en,gemini25pro,amd_opt_sym,random_num2,0.61,2026-01-29 15:02:38,
german,en,gemini25pro,prt,pca_num2,-0.088,2026-01-29 15:02:38,
german,en,gemini25pro,apd,pca_num2,0.672,2026-01-29 15:02:38,
german,en,gemini25pro,amd,pca_num2,0.576,2026-01-29 15:02:38,
german,en,gemini25pro,amd_sym,pca_num2,0.863,2026-01-29 15:02:38,
german,en,gemini25pro,amd_opt_sym,pca_num2,0.859,2026-01-29 15:02:38,
german,german_GBERT,gemini25pro,prt,random_num2,-0.185,2026-01-29 15:02:42,
german,german_GBERT,gemini25pro,apd,random_num2,-0.043,2026-01-29 15:02:42,
german,german_GBERT,gemini25pro,amd,random_num2,0.25,2026-01-29 15:02:42,
german,german_GBERT,gemini25pro,amd_sym,random_num2,0.34,2026-01-29 15:02:42,
german,german_GBERT,gemini25pro,amd_opt_sym,random_num2,0.334,2026-01-29 15:02:42,
german,german_GBERT,gemini25pro,prt,pca_num2,0.233,2026-01-29 15:02:42,
german,german_GBERT,gemini25pro,apd,pca_num2,0.532,2026-01-29 15:02:42,
german,german_GBERT,gemini25pro,amd,pca_num2,0.388,2026-01-29 15:02:42,
german,german_GBERT,gemini25pro,amd_sym,pca_num2,0.601,2026-01-29 15:02:42,
german,german_GBERT,gemini25pro,amd_opt_sym,pca_num2,0.606,2026-01-29 15:02:42,
swedish,xll,gemini25pro,prt,random_num2,0.229,2026-01-29 15:02:47,
swedish,xll,gemini25pro,apd,random_num2,0.462,2026-01-29 15:02:47,
swedish,xll,gemini25pro,amd,random_num2,0.636,2026-01-29 15:02:47,
swedish,xll,gemini25pro,amd_sym,random_num2,0.542,2026-01-29 15:02:47,
swedish,xll,gemini25pro,amd_opt_sym,random_num2,0.519,2026-01-29 15:02:47,
swedish,xll,gemini25pro,prt,pca_num2,0.124,2026-01-29 15:02:47,
swedish,xll,gemini25pro,apd,pca_num2,-0.009,2026-01-29 15:02:47,
swedish,xll,gemini25pro,amd,pca_num2,0.326,2026-01-29 15:02:47,
swedish,xll,gemini25pro,amd_sym,pca_num2,0.665,2026-01-29 15:02:47,
swedish,xll,gemini25pro,amd_opt_sym,pca_num2,0.673,2026-01-29 15:02:47,
swedish,xlmr,gemini25pro,prt,random_num2,-0.106,2026-01-29 15:02:54,
swedish,xlmr,gemini25pro,apd,random_num2,0.116,2026-01-29 15:02:54,
swedish,xlmr,gemini25pro,amd,random_num2,-0.052,2026-01-29 15:02:54,
swedish,xlmr,gemini25pro,amd_sym,random_num2,-0.112,2026-01-29 15:02:54,
swedish,xlmr,gemini25pro,amd_opt_sym,random_num2,-0.139,2026-01-29 15:02:54,
swedish,xlmr,gemini25pro,prt,pca_num2,0.235,2026-01-29 15:02:54,
swedish,xlmr,gemini25pro,apd,pca_num2,-0.187,2026-01-29 15:02:54,
swedish,xlmr,gemini25pro,amd,pca_num2,0.027,2026-01-29 15:02:54,
swedish,xlmr,gemini25pro,amd_sym,pca_num2,-0.042,2026-01-29 15:02:54,
swedish,xlmr,gemini25pro,amd_opt_sym,pca_num2,-0.046,2026-01-29 15:02:54,
swedish,rembert,gemini25pro,prt,random_num2,0.065,2026-01-29 15:03:01,
swedish,rembert,gemini25pro,apd,random_num2,0.054,2026-01-29 15:03:01,
swedish,rembert,gemini25pro,amd,random_num2,-0.032,2026-01-29 15:03:01,
swedish,rembert,gemini25pro,amd_sym,random_num2,-0.095,2026-01-29 15:03:01,
swedish,rembert,gemini25pro,amd_opt_sym,random_num2,-0.1,2026-01-29 15:03:01,
swedish,rembert,gemini25pro,prt,pca_num2,-0.12,2026-01-29 15:03:01,
swedish,rembert,gemini25pro,apd,pca_num2,-0.088,2026-01-29 15:03:01,
swedish,rembert,gemini25pro,amd,pca_num2,0.175,2026-01-29 15:03:01,
swedish,rembert,gemini25pro,amd_sym,pca_num2,0.08,2026-01-29 15:03:01,
swedish,rembert,gemini25pro,amd_opt_sym,pca_num2,0.136,2026-01-29 15:03:01,
swedish,multilingual-e5,gemini25pro,prt,random_num2,0.047,2026-01-29 15:03:08,
swedish,multilingual-e5,gemini25pro,apd,random_num2,0.18,2026-01-29 15:03:08,
swedish,multilingual-e5,gemini25pro,amd,random_num2,0.072,2026-01-29 15:03:08,
swedish,multilingual-e5,gemini25pro,amd_sym,random_num2,-0.005,2026-01-29 15:03:08,
swedish,multilingual-e5,gemini25pro,amd_opt_sym,random_num2,-0.009,2026-01-29 15:03:08,
swedish,multilingual-e5,gemini25pro,prt,pca_num2,-0.208,2026-01-29 15:03:08,
swedish,multilingual-e5,gemini25pro,apd,pca_num2,-0.173,2026-01-29 15:03:08,
swedish,multilingual-e5,gemini25pro,amd,pca_num2,-0.031,2026-01-29 15:03:08,
swedish,multilingual-e5,gemini25pro,amd_sym,pca_num2,0.003,2026-01-29 15:03:08,
swedish,multilingual-e5,gemini25pro,amd_opt_sym,pca_num2,-0.007,2026-01-29 15:03:08,
swedish,mmbert,gemini25pro,prt,random_num2,-0.26,2026-01-29 15:03:15,
swedish,mmbert,gemini25pro,apd,random_num2,-0.153,2026-01-29 15:03:15,
swedish,mmbert,gemini25pro,amd,random_num2,0.023,2026-01-29 15:03:15,
swedish,mmbert,gemini25pro,amd_sym,random_num2,-0.102,2026-01-29 15:03:15,
swedish,mmbert,gemini25pro,amd_opt_sym,random_num2,-0.135,2026-01-29 15:03:15,
swedish,mmbert,gemini25pro,prt,pca_num2,-0.403,2026-01-29 15:03:15,
swedish,mmbert,gemini25pro,apd,pca_num2,-0.043,2026-01-29 15:03:15,
swedish,mmbert,gemini25pro,amd,pca_num2,0.095,2026-01-29 15:03:15,
swedish,mmbert,gemini25pro,amd_sym,pca_num2,-0.004,2026-01-29 15:03:15,
swedish,mmbert,gemini25pro,amd_opt_sym,pca_num2,0.0,2026-01-29 15:03:15,
swedish,en,gemini25pro,prt,random_num2,0.083,2026-01-29 15:03:21,
swedish,en,gemini25pro,apd,random_num2,0.344,2026-01-29 15:03:21,
swedish,en,gemini25pro,amd,random_num2,0.413,2026-01-29 15:03:21,
swedish,en,gemini25pro,amd_sym,random_num2,0.402,2026-01-29 15:03:21,
swedish,en,gemini25pro,amd_opt_sym,random_num2,0.378,2026-01-29 15:03:21,
swedish,en,gemini25pro,prt,pca_num2,0.07,2026-01-29 15:03:21,
swedish,en,gemini25pro,apd,pca_num2,-0.104,2026-01-29 15:03:21,
swedish,en,gemini25pro,amd,pca_num2,0.298,2026-01-29 15:03:21,
swedish,en,gemini25pro,amd_sym,pca_num2,0.608,2026-01-29 15:03:21,
swedish,en,gemini25pro,amd_opt_sym,pca_num2,0.564,2026-01-29 15:03:21,
swedish,swedish_MegatronBERT,gemini25pro,prt,random_num2,-0.236,2026-01-29 15:03:28,
swedish,swedish_MegatronBERT,gemini25pro,apd,random_num2,0.092,2026-01-29 15:03:28,
swedish,swedish_MegatronBERT,gemini25pro,amd,random_num2,-0.135,2026-01-29 15:03:28,
swedish,swedish_MegatronBERT,gemini25pro,amd_sym,random_num2,-0.16,2026-01-29 15:03:28,
swedish,swedish_MegatronBERT,gemini25pro,amd_opt_sym,random_num2,-0.165,2026-01-29 15:03:28,
swedish,swedish_MegatronBERT,gemini25pro,prt,pca_num2,-0.324,2026-01-29 15:03:28,
swedish,swedish_MegatronBERT,gemini25pro,apd,pca_num2,0.097,2026-01-29 15:03:28,
swedish,swedish_MegatronBERT,gemini25pro,amd,pca_num2,0.038,2026-01-29 15:03:28,
swedish,swedish_MegatronBERT,gemini25pro,amd_sym,pca_num2,-0.081,2026-01-29 15:03:28,
swedish,swedish_MegatronBERT,gemini25pro,amd_opt_sym,pca_num2,-0.04,2026-01-29 15:03:28,
latin,xll,gemini25pro,prt,random_num2,0.081,2026-01-29 15:03:37,
latin,xll,gemini25pro,apd,random_num2,0.133,2026-01-29 15:03:37,
latin,xll,gemini25pro,amd,random_num2,0.24,2026-01-29 15:03:37,
latin,xll,gemini25pro,amd_sym,random_num2,0.39,2026-01-29 15:03:37,
latin,xll,gemini25pro,amd_opt_sym,random_num2,0.445,2026-01-29 15:03:37,
latin,xll,gemini25pro,prt,pca_num2,-0.09,2026-01-29 15:03:37,
latin,xll,gemini25pro,apd,pca_num2,0.391,2026-01-29 15:03:37,
latin,xll,gemini25pro,amd,pca_num2,0.297,2026-01-29 15:03:37,
latin,xll,gemini25pro,amd_sym,pca_num2,0.487,2026-01-29 15:03:37,
latin,xll,gemini25pro,amd_opt_sym,pca_num2,0.502,2026-01-29 15:03:37,
latin,xlmr,gemini25pro,prt,random_num2,0.229,2026-01-29 15:03:46,
latin,xlmr,gemini25pro,apd,random_num2,-0.045,2026-01-29 15:03:46,
latin,xlmr,gemini25pro,amd,random_num2,0.046,2026-01-29 15:03:46,
latin,xlmr,gemini25pro,amd_sym,random_num2,0.234,2026-01-29 15:03:46,
latin,xlmr,gemini25pro,amd_opt_sym,random_num2,0.22,2026-01-29 15:03:46,
latin,xlmr,gemini25pro,prt,pca_num2,0.088,2026-01-29 15:03:46,
latin,xlmr,gemini25pro,apd,pca_num2,0.165,2026-01-29 15:03:46,
latin,xlmr,gemini25pro,amd,pca_num2,0.176,2026-01-29 15:03:46,
latin,xlmr,gemini25pro,amd_sym,pca_num2,0.268,2026-01-29 15:03:46,
latin,xlmr,gemini25pro,amd_opt_sym,pca_num2,0.255,2026-01-29 15:03:46,
latin,rembert,gemini25pro,prt,random_num2,-0.125,2026-01-29 15:03:55,
latin,rembert,gemini25pro,apd,random_num2,-0.322,2026-01-29 15:03:55,
latin,rembert,gemini25pro,amd,random_num2,0.138,2026-01-29 15:03:55,
latin,rembert,gemini25pro,amd_sym,random_num2,0.236,2026-01-29 15:03:55,
latin,rembert,gemini25pro,amd_opt_sym,random_num2,0.237,2026-01-29 15:03:55,
latin,rembert,gemini25pro,prt,pca_num2,0.188,2026-01-29 15:03:55,
latin,rembert,gemini25pro,apd,pca_num2,0.423,2026-01-29 15:03:55,
latin,rembert,gemini25pro,amd,pca_num2,0.232,2026-01-29 15:03:55,
latin,rembert,gemini25pro,amd_sym,pca_num2,0.402,2026-01-29 15:03:55,
latin,rembert,gemini25pro,amd_opt_sym,pca_num2,0.411,2026-01-29 15:03:55,
latin,multilingual-e5,gemini25pro,prt,random_num2,-0.127,2026-01-29 15:04:04,
latin,multilingual-e5,gemini25pro,apd,random_num2,0.009,2026-01-29 15:04:04,
latin,multilingual-e5,gemini25pro,amd,random_num2,0.173,2026-01-29 15:04:04,
latin,multilingual-e5,gemini25pro,amd_sym,random_num2,0.223,2026-01-29 15:04:04,
latin,multilingual-e5,gemini25pro,amd_opt_sym,random_num2,0.221,2026-01-29 15:04:04,
latin,multilingual-e5,gemini25pro,prt,pca_num2,0.467,2026-01-29 15:04:04,
latin,multilingual-e5,gemini25pro,apd,pca_num2,0.481,2026-01-29 15:04:04,
latin,multilingual-e5,gemini25pro,amd,pca_num2,0.319,2026-01-29 15:04:04,
latin,multilingual-e5,gemini25pro,amd_sym,pca_num2,0.459,2026-01-29 15:04:04,
latin,multilingual-e5,gemini25pro,amd_opt_sym,pca_num2,0.434,2026-01-29 15:04:04,
latin,mmbert,gemini25pro,prt,random_num2,-0.155,2026-01-29 15:04:13,
latin,mmbert,gemini25pro,apd,random_num2,-0.066,2026-01-29 15:04:13,
latin,mmbert,gemini25pro,amd,random_num2,0.209,2026-01-29 15:04:13,
latin,mmbert,gemini25pro,amd_sym,random_num2,0.312,2026-01-29 15:04:13,
latin,mmbert,gemini25pro,amd_opt_sym,random_num2,0.316,2026-01-29 15:04:13,
latin,mmbert,gemini25pro,prt,pca_num2,0.275,2026-01-29 15:04:13,
latin,mmbert,gemini25pro,apd,pca_num2,0.378,2026-01-29 15:04:13,
latin,mmbert,gemini25pro,amd,pca_num2,0.144,2026-01-29 15:04:13,
latin,mmbert,gemini25pro,amd_sym,pca_num2,0.267,2026-01-29 15:04:13,
latin,mmbert,gemini25pro,amd_opt_sym,pca_num2,0.288,2026-01-29 15:04:13,
latin,en,gemini25pro,prt,random_num2,0.324,2026-01-29 15:04:22,
latin,en,gemini25pro,apd,random_num2,0.046,2026-01-29 15:04:22,
latin,en,gemini25pro,amd,random_num2,0.21,2026-01-29 15:04:22,
latin,en,gemini25pro,amd_sym,random_num2,0.345,2026-01-29 15:04:22,
latin,en,gemini25pro,amd_opt_sym,random_num2,0.351,2026-01-29 15:04:22,
latin,en,gemini25pro,prt,pca_num2,-0.032,2026-01-29 15:04:22,
latin,en,gemini25pro,apd,pca_num2,0.48,2026-01-29 15:04:22,
latin,en,gemini25pro,amd,pca_num2,0.192,2026-01-29 15:04:22,
latin,en,gemini25pro,amd_sym,pca_num2,0.337,2026-01-29 15:04:22,
latin,en,gemini25pro,amd_opt_sym,pca_num2,0.361,2026-01-29 15:04:22,
latin,latin_BammanBurns,gemini25pro,prt,random_num2,0.158,2026-01-29 15:04:31,
latin,latin_BammanBurns,gemini25pro,apd,random_num2,0.345,2026-01-29 15:04:31,
latin,latin_BammanBurns,gemini25pro,amd,random_num2,0.162,2026-01-29 15:04:31,
latin,latin_BammanBurns,gemini25pro,amd_sym,random_num2,0.24,2026-01-29 15:04:31,
latin,latin_BammanBurns,gemini25pro,amd_opt_sym,random_num2,0.24,2026-01-29 15:04:31,
latin,latin_BammanBurns,gemini25pro,prt,pca_num2,0.049,2026-01-29 15:04:31,
latin,latin_BammanBurns,gemini25pro,apd,pca_num2,0.166,2026-01-29 15:04:31,
latin,latin_BammanBurns,gemini25pro,amd,pca_num2,0.175,2026-01-29 15:04:31,
latin,latin_BammanBurns,gemini25pro,amd_sym,pca_num2,0.235,2026-01-29 15:04:31,
latin,latin_BammanBurns,gemini25pro,amd_opt_sym,pca_num2,0.19,2026-01-29 15:04:31,
spanish,xll,gemini25pro,prt,random_num2,0.041,2026-01-29 15:04:32,
spanish,xll,gemini25pro,apd,random_num2,0.297,2026-01-29 15:04:32,
spanish,xll,gemini25pro,amd,random_num2,0.489,2026-01-29 15:04:32,
spanish,xll,gemini25pro,amd_sym,random_num2,0.472,2026-01-29 15:04:32,
spanish,xll,gemini25pro,amd_opt_sym,random_num2,0.47,2026-01-29 15:04:32,
spanish,xll,gemini25pro,prt,pca_num2,0.106,2026-01-29 15:04:32,
spanish,xll,gemini25pro,apd,pca_num2,0.335,2026-01-29 15:04:32,
spanish,xll,gemini25pro,amd,pca_num2,0.552,2026-01-29 15:04:32,
spanish,xll,gemini25pro,amd_sym,pca_num2,0.602,2026-01-29 15:04:32,
spanish,xll,gemini25pro,amd_opt_sym,pca_num2,0.599,2026-01-29 15:04:32,
spanish,xlmr,gemini25pro,prt,random_num2,0.072,2026-01-29 15:04:33,
spanish,xlmr,gemini25pro,apd,random_num2,0.018,2026-01-29 15:04:33,
spanish,xlmr,gemini25pro,amd,random_num2,0.112,2026-01-29 15:04:33,
spanish,xlmr,gemini25pro,amd_sym,random_num2,0.137,2026-01-29 15:04:33,
spanish,xlmr,gemini25pro,amd_opt_sym,random_num2,0.15,2026-01-29 15:04:33,
spanish,xlmr,gemini25pro,prt,pca_num2,0.009,2026-01-29 15:04:33,
spanish,xlmr,gemini25pro,apd,pca_num2,0.219,2026-01-29 15:04:33,
spanish,xlmr,gemini25pro,amd,pca_num2,0.277,2026-01-29 15:04:33,
spanish,xlmr,gemini25pro,amd_sym,pca_num2,0.211,2026-01-29 15:04:33,
spanish,xlmr,gemini25pro,amd_opt_sym,pca_num2,0.232,2026-01-29 15:04:33,
spanish,rembert,gemini25pro,prt,random_num2,0.091,2026-01-29 15:04:34,
spanish,rembert,gemini25pro,apd,random_num2,0.047,2026-01-29 15:04:34,
spanish,rembert,gemini25pro,amd,random_num2,0.092,2026-01-29 15:04:34,
spanish,rembert,gemini25pro,amd_sym,random_num2,0.069,2026-01-29 15:04:34,
spanish,rembert,gemini25pro,amd_opt_sym,random_num2,0.074,2026-01-29 15:04:34,
spanish,rembert,gemini25pro,prt,pca_num2,-0.032,2026-01-29 15:04:34,
spanish,rembert,gemini25pro,apd,pca_num2,0.212,2026-01-29 15:04:34,
spanish,rembert,gemini25pro,amd,pca_num2,0.332,2026-01-29 15:04:34,
spanish,rembert,gemini25pro,amd_sym,pca_num2,0.301,2026-01-29 15:04:34,
spanish,rembert,gemini25pro,amd_opt_sym,pca_num2,0.316,2026-01-29 15:04:34,
spanish,multilingual-e5,gemini25pro,prt,random_num2,0.118,2026-01-29 15:04:35,
spanish,multilingual-e5,gemini25pro,apd,random_num2,-0.044,2026-01-29 15:04:35,
spanish,multilingual-e5,gemini25pro,amd,random_num2,0.006,2026-01-29 15:04:35,
spanish,multilingual-e5,gemini25pro,amd_sym,random_num2,0.143,2026-01-29 15:04:35,
spanish,multilingual-e5,gemini25pro,amd_opt_sym,random_num2,0.135,2026-01-29 15:04:35,
spanish,multilingual-e5,gemini25pro,prt,pca_num2,-0.154,2026-01-29 15:04:35,
spanish,multilingual-e5,gemini25pro,apd,pca_num2,0.276,2026-01-29 15:04:35,
spanish,multilingual-e5,gemini25pro,amd,pca_num2,0.39,2026-01-29 15:04:35,
spanish,multilingual-e5,gemini25pro,amd_sym,pca_num2,0.365,2026-01-29 15:04:35,
spanish,multilingual-e5,gemini25pro,amd_opt_sym,pca_num2,0.359,2026-01-29 15:04:35,
spanish,mmbert,gemini25pro,prt,random_num2,-0.088,2026-01-29 15:04:37,
spanish,mmbert,gemini25pro,apd,random_num2,0.052,2026-01-29 15:04:37,
spanish,mmbert,gemini25pro,amd,random_num2,-0.08,2026-01-29 15:04:37,
spanish,mmbert,gemini25pro,amd_sym,random_num2,-0.011,2026-01-29 15:04:37,
spanish,mmbert,gemini25pro,amd_opt_sym,random_num2,-0.019,2026-01-29 15:04:37,
spanish,mmbert,gemini25pro,prt,pca_num2,-0.087,2026-01-29 15:04:37,
spanish,mmbert,gemini25pro,apd,pca_num2,0.258,2026-01-29 15:04:37,
spanish,mmbert,gemini25pro,amd,pca_num2,0.352,2026-01-29 15:04:37,
spanish,mmbert,gemini25pro,amd_sym,pca_num2,0.273,2026-01-29 15:04:37,
spanish,mmbert,gemini25pro,amd_opt_sym,pca_num2,0.292,2026-01-29 15:04:37,
spanish,en,gemini25pro,prt,random_num2,0.132,2026-01-29 15:04:38,
spanish,en,gemini25pro,apd,random_num2,0.236,2026-01-29 15:04:38,
spanish,en,gemini25pro,amd,random_num2,0.567,2026-01-29 15:04:38,
spanish,en,gemini25pro,amd_sym,random_num2,0.477,2026-01-29 15:04:38,
spanish,en,gemini25pro,amd_opt_sym,random_num2,0.482,2026-01-29 15:04:38,
spanish,en,gemini25pro,prt,pca_num2,0.221,2026-01-29 15:04:38,
spanish,en,gemini25pro,apd,pca_num2,0.259,2026-01-29 15:04:38,
spanish,en,gemini25pro,amd,pca_num2,0.452,2026-01-29 15:04:38,
spanish,en,gemini25pro,amd_sym,pca_num2,0.591,2026-01-29 15:04:38,
spanish,en,gemini25pro,amd_opt_sym,pca_num2,0.59,2026-01-29 15:04:38,
spanish,spanish_BERT_WWM,gemini25pro,prt,random_num2,0.059,2026-01-29 15:04:39,
spanish,spanish_BERT_WWM,gemini25pro,apd,random_num2,0.13,2026-01-29 15:04:39,
spanish,spanish_BERT_WWM,gemini25pro,amd,random_num2,0.117,2026-01-29 15:04:39,
spanish,spanish_BERT_WWM,gemini25pro,amd_sym,random_num2,0.148,2026-01-29 15:04:39,
spanish,spanish_BERT_WWM,gemini25pro,amd_opt_sym,random_num2,0.151,2026-01-29 15:04:39,
spanish,spanish_BERT_WWM,gemini25pro,prt,pca_num2,0.02,2026-01-29 15:04:39,
spanish,spanish_BERT_WWM,gemini25pro,apd,pca_num2,0.198,2026-01-29 15:04:39,
spanish,spanish_BERT_WWM,gemini25pro,amd,pca_num2,0.349,2026-01-29 15:04:39,
spanish,spanish_BERT_WWM,gemini25pro,amd_sym,pca_num2,0.32,2026-01-29 15:04:39,
spanish,spanish_BERT_WWM,gemini25pro,amd_opt_sym,pca_num2,0.344,2026-01-29 15:04:39,
chinese,xll,gemini25pro,prt,random_num2,-0.108,2026-01-29 15:04:40,
chinese,xll,gemini25pro,apd,random_num2,0.466,2026-01-29 15:04:40,
chinese,xll,gemini25pro,amd,random_num2,0.735,2026-01-29 15:04:40,
chinese,xll,gemini25pro,amd_sym,random_num2,0.782,2026-01-29 15:04:40,
chinese,xll,gemini25pro,amd_opt_sym,random_num2,0.785,2026-01-29 15:04:40,
chinese,xll,gemini25pro,prt,pca_num2,-0.089,2026-01-29 15:04:40,
chinese,xll,gemini25pro,apd,pca_num2,0.425,2026-01-29 15:04:40,
chinese,xll,gemini25pro,amd,pca_num2,0.666,2026-01-29 15:04:40,
chinese,xll,gemini25pro,amd_sym,pca_num2,0.693,2026-01-29 15:04:40,
chinese,xll,gemini25pro,amd_opt_sym,pca_num2,0.684,2026-01-29 15:04:40,
chinese,xlmr,gemini25pro,prt,random_num2,0.088,2026-01-29 15:04:41,
chinese,xlmr,gemini25pro,apd,random_num2,-0.005,2026-01-29 15:04:41,
chinese,xlmr,gemini25pro,amd,random_num2,0.337,2026-01-29 15:04:41,
chinese,xlmr,gemini25pro,amd_sym,random_num2,0.166,2026-01-29 15:04:41,
chinese,xlmr,gemini25pro,amd_opt_sym,random_num2,0.203,2026-01-29 15:04:41,
chinese,xlmr,gemini25pro,prt,pca_num2,0.325,2026-01-29 15:04:41,
chinese,xlmr,gemini25pro,apd,pca_num2,0.38,2026-01-29 15:04:41,
chinese,xlmr,gemini25pro,amd,pca_num2,0.325,2026-01-29 15:04:41,
chinese,xlmr,gemini25pro,amd_sym,pca_num2,0.267,2026-01-29 15:04:41,
chinese,xlmr,gemini25pro,amd_opt_sym,pca_num2,0.353,2026-01-29 15:04:41,
chinese,rembert,gemini25pro,prt,random_num2,-0.041,2026-01-29 15:04:42,
chinese,rembert,gemini25pro,apd,random_num2,0.022,2026-01-29 15:04:42,
chinese,rembert,gemini25pro,amd,random_num2,0.208,2026-01-29 15:04:42,
chinese,rembert,gemini25pro,amd_sym,random_num2,0.282,2026-01-29 15:04:42,
chinese,rembert,gemini25pro,amd_opt_sym,random_num2,0.227,2026-01-29 15:04:42,
chinese,rembert,gemini25pro,prt,pca_num2,-0.004,2026-01-29 15:04:42,
chinese,rembert,gemini25pro,apd,pca_num2,0.269,2026-01-29 15:04:42,
chinese,rembert,gemini25pro,amd,pca_num2,0.11,2026-01-29 15:04:42,
chinese,rembert,gemini25pro,amd_sym,pca_num2,0.117,2026-01-29 15:04:42,
chinese,rembert,gemini25pro,amd_opt_sym,pca_num2,0.136,2026-01-29 15:04:42,
chinese,multilingual-e5,gemini25pro,prt,random_num2,-0.024,2026-01-29 15:04:42,
chinese,multilingual-e5,gemini25pro,apd,random_num2,-0.096,2026-01-29 15:04:42,
chinese,multilingual-e5,gemini25pro,amd,random_num2,0.1,2026-01-29 15:04:42,
chinese,multilingual-e5,gemini25pro,amd_sym,random_num2,0.045,2026-01-29 15:04:42,
chinese,multilingual-e5,gemini25pro,amd_opt_sym,random_num2,0.154,2026-01-29 15:04:42,
chinese,multilingual-e5,gemini25pro,prt,pca_num2,0.168,2026-01-29 15:04:42,
chinese,multilingual-e5,gemini25pro,apd,pca_num2,0.065,2026-01-29 15:04:42,
chinese,multilingual-e5,gemini25pro,amd,pca_num2,0.287,2026-01-29 15:04:42,
chinese,multilingual-e5,gemini25pro,amd_sym,pca_num2,0.252,2026-01-29 15:04:42,
chinese,multilingual-e5,gemini25pro,amd_opt_sym,pca_num2,0.233,2026-01-29 15:04:42,
chinese,mmbert,gemini25pro,prt,random_num2,0.139,2026-01-29 15:04:43,
chinese,mmbert,gemini25pro,apd,random_num2,-0.132,2026-01-29 15:04:43,
chinese,mmbert,gemini25pro,amd,random_num2,-0.003,2026-01-29 15:04:43,
chinese,mmbert,gemini25pro,amd_sym,random_num2,0.011,2026-01-29 15:04:43,
chinese,mmbert,gemini25pro,amd_opt_sym,random_num2,0.025,2026-01-29 15:04:43,
chinese,mmbert,gemini25pro,prt,pca_num2,-0.193,2026-01-29 15:04:43,
chinese,mmbert,gemini25pro,apd,pca_num2,0.382,2026-01-29 15:04:43,
chinese,mmbert,gemini25pro,amd,pca_num2,0.241,2026-01-29 15:04:43,
chinese,mmbert,gemini25pro,amd_sym,pca_num2,0.244,2026-01-29 15:04:43,
chinese,mmbert,gemini25pro,amd_opt_sym,pca_num2,0.242,2026-01-29 15:04:43,
chinese,en,gemini25pro,prt,random_num2,0.492,2026-01-29 15:04:44,
chinese,en,gemini25pro,apd,random_num2,0.468,2026-01-29 15:04:44,
chinese,en,gemini25pro,amd,random_num2,0.62,2026-01-29 15:04:44,
chinese,en,gemini25pro,amd_sym,random_num2,0.512,2026-01-29 15:04:44,
chinese,en,gemini25pro,amd_opt_sym,random_num2,0.493,2026-01-29 15:04:44,
chinese,en,gemini25pro,prt,pca_num2,-0.269,2026-01-29 15:04:44,
chinese,en,gemini25pro,apd,pca_num2,0.327,2026-01-29 15:04:44,
chinese,en,gemini25pro,amd,pca_num2,0.554,2026-01-29 15:04:44,
chinese,en,gemini25pro,amd_sym,pca_num2,0.661,2026-01-29 15:04:44,
chinese,en,gemini25pro,amd_opt_sym,pca_num2,0.644,2026-01-29 15:04:44,
chinese,chinese_RoBERTa_WWM,gemini25pro,prt,random_num2,0.435,2026-01-29 15:04:44,
chinese,chinese_RoBERTa_WWM,gemini25pro,apd,random_num2,0.167,2026-01-29 15:04:44,
chinese,chinese_RoBERTa_WWM,gemini25pro,amd,random_num2,0.189,2026-01-29 15:04:44,
chinese,chinese_RoBERTa_WWM,gemini25pro,amd_sym,random_num2,0.357,2026-01-29 15:04:44,
chinese,chinese_RoBERTa_WWM,gemini25pro,amd_opt_sym,random_num2,0.33,2026-01-29 15:04:44,
chinese,chinese_RoBERTa_WWM,gemini25pro,prt,pca_num2,-0.159,2026-01-29 15:04:44,
chinese,chinese_RoBERTa_WWM,gemini25pro,apd,pca_num2,0.241,2026-01-29 15:04:44,
chinese,chinese_RoBERTa_WWM,gemini25pro,amd,pca_num2,0.351,2026-01-29 15:04:44,
chinese,chinese_RoBERTa_WWM,gemini25pro,amd_sym,pca_num2,0.231,2026-01-29 15:04:44,
chinese,chinese_RoBERTa_WWM,gemini25pro,amd_opt_sym,pca_num2,0.21,2026-01-29 15:04:44,
norwegian_1,xll,gemini25pro,prt,random_num2,0.373,2026-01-29 15:04:45,
norwegian_1,xll,gemini25pro,apd,random_num2,0.187,2026-01-29 15:04:45,
norwegian_1,xll,gemini25pro,amd,random_num2,0.528,2026-01-29 15:04:45,
norwegian_1,xll,gemini25pro,amd_sym,random_num2,0.456,2026-01-29 15:04:45,
norwegian_1,xll,gemini25pro,amd_opt_sym,random_num2,0.499,2026-01-29 15:04:45,
norwegian_1,xll,gemini25pro,prt,pca_num2,-0.141,2026-01-29 15:04:45,
norwegian_1,xll,gemini25pro,apd,pca_num2,0.57,2026-01-29 15:04:45,
norwegian_1,xll,gemini25pro,amd,pca_num2,0.577,2026-01-29 15:04:45,
norwegian_1,xll,gemini25pro,amd_sym,pca_num2,0.608,2026-01-29 15:04:45,
norwegian_1,xll,gemini25pro,amd_opt_sym,pca_num2,0.602,2026-01-29 15:04:45,
norwegian_1,xlmr,gemini25pro,prt,random_num2,0.078,2026-01-29 15:04:46,
norwegian_1,xlmr,gemini25pro,apd,random_num2,0.087,2026-01-29 15:04:46,
norwegian_1,xlmr,gemini25pro,amd,random_num2,0.044,2026-01-29 15:04:46,
norwegian_1,xlmr,gemini25pro,amd_sym,random_num2,-0.061,2026-01-29 15:04:46,
norwegian_1,xlmr,gemini25pro,amd_opt_sym,random_num2,0.044,2026-01-29 15:04:46,
norwegian_1,xlmr,gemini25pro,prt,pca_num2,0.258,2026-01-29 15:04:46,
norwegian_1,xlmr,gemini25pro,apd,pca_num2,0.347,2026-01-29 15:04:46,
norwegian_1,xlmr,gemini25pro,amd,pca_num2,0.598,2026-01-29 15:04:46,
norwegian_1,xlmr,gemini25pro,amd_sym,pca_num2,0.579,2026-01-29 15:04:46,
norwegian_1,xlmr,gemini25pro,amd_opt_sym,pca_num2,0.552,2026-01-29 15:04:46,
norwegian_1,rembert,gemini25pro,prt,random_num2,0.22,2026-01-29 15:04:47,
norwegian_1,rembert,gemini25pro,apd,random_num2,0.065,2026-01-29 15:04:47,
norwegian_1,rembert,gemini25pro,amd,random_num2,0.327,2026-01-29 15:04:47,
norwegian_1,rembert,gemini25pro,amd_sym,random_num2,0.24,2026-01-29 15:04:47,
norwegian_1,rembert,gemini25pro,amd_opt_sym,random_num2,0.299,2026-01-29 15:04:47,
norwegian_1,rembert,gemini25pro,prt,pca_num2,-0.011,2026-01-29 15:04:47,
norwegian_1,rembert,gemini25pro,apd,pca_num2,0.415,2026-01-29 15:04:47,
norwegian_1,rembert,gemini25pro,amd,pca_num2,0.458,2026-01-29 15:04:47,
norwegian_1,rembert,gemini25pro,amd_sym,pca_num2,0.586,2026-01-29 15:04:47,
norwegian_1,rembert,gemini25pro,amd_opt_sym,pca_num2,0.599,2026-01-29 15:04:47,
norwegian_1,multilingual-e5,gemini25pro,prt,random_num2,0.146,2026-01-29 15:04:47,
norwegian_1,multilingual-e5,gemini25pro,apd,random_num2,0.183,2026-01-29 15:04:47,
norwegian_1,multilingual-e5,gemini25pro,amd,random_num2,0.116,2026-01-29 15:04:47,
norwegian_1,multilingual-e5,gemini25pro,amd_sym,random_num2,0.082,2026-01-29 15:04:47,
norwegian_1,multilingual-e5,gemini25pro,amd_opt_sym,random_num2,0.08,2026-01-29 15:04:47,
norwegian_1,multilingual-e5,gemini25pro,prt,pca_num2,0.086,2026-01-29 15:04:47,
norwegian_1,multilingual-e5,gemini25pro,apd,pca_num2,0.311,2026-01-29 15:04:47,
norwegian_1,multilingual-e5,gemini25pro,amd,pca_num2,0.385,2026-01-29 15:04:47,
norwegian_1,multilingual-e5,gemini25pro,amd_sym,pca_num2,0.362,2026-01-29 15:04:47,
norwegian_1,multilingual-e5,gemini25pro,amd_opt_sym,pca_num2,0.382,2026-01-29 15:04:47,
norwegian_1,mmbert,gemini25pro,prt,random_num2,0.047,2026-01-29 15:04:48,
norwegian_1,mmbert,gemini25pro,apd,random_num2,0.122,2026-01-29 15:04:48,
norwegian_1,mmbert,gemini25pro,amd,random_num2,0.045,2026-01-29 15:04:48,
norwegian_1,mmbert,gemini25pro,amd_sym,random_num2,0.193,2026-01-29 15:04:48,
norwegian_1,mmbert,gemini25pro,amd_opt_sym,random_num2,0.044,2026-01-29 15:04:48,
norwegian_1,mmbert,gemini25pro,prt,pca_num2,-0.021,2026-01-29 15:04:48,
norwegian_1,mmbert,gemini25pro,apd,pca_num2,0.309,2026-01-29 15:04:48,
norwegian_1,mmbert,gemini25pro,amd,pca_num2,0.408,2026-01-29 15:04:48,
norwegian_1,mmbert,gemini25pro,amd_sym,pca_num2,0.534,2026-01-29 15:04:48,
norwegian_1,mmbert,gemini25pro,amd_opt_sym,pca_num2,0.541,2026-01-29 15:04:48,
norwegian_1,en,gemini25pro,prt,random_num2,0.314,2026-01-29 15:04:48,
norwegian_1,en,gemini25pro,apd,random_num2,0.43,2026-01-29 15:04:48,
norwegian_1,en,gemini25pro,amd,random_num2,0.553,2026-01-29 15:04:48,
norwegian_1,en,gemini25pro,amd_sym,random_num2,0.514,2026-01-29 15:04:48,
norwegian_1,en,gemini25pro,amd_opt_sym,random_num2,0.49,2026-01-29 15:04:48,
norwegian_1,en,gemini25pro,prt,pca_num2,0.306,2026-01-29 15:04:48,
norwegian_1,en,gemini25pro,apd,pca_num2,0.495,2026-01-29 15:04:48,
norwegian_1,en,gemini25pro,amd,pca_num2,0.684,2026-01-29 15:04:48,
norwegian_1,en,gemini25pro,amd_sym,pca_num2,0.769,2026-01-29 15:04:48,
norwegian_1,en,gemini25pro,amd_opt_sym,pca_num2,0.761,2026-01-29 15:04:48,
norwegian_1,norwegian_NB-BERT,gemini25pro,prt,random_num2,-0.089,2026-01-29 15:04:49,
norwegian_1,norwegian_NB-BERT,gemini25pro,apd,random_num2,0.013,2026-01-29 15:04:49,
norwegian_1,norwegian_NB-BERT,gemini25pro,amd,random_num2,0.147,2026-01-29 15:04:49,
norwegian_1,norwegian_NB-BERT,gemini25pro,amd_sym,random_num2,0.326,2026-01-29 15:04:49,
norwegian_1,norwegian_NB-BERT,gemini25pro,amd_opt_sym,random_num2,0.292,2026-01-29 15:04:49,
norwegian_1,norwegian_NB-BERT,gemini25pro,prt,pca_num2,-0.099,2026-01-29 15:04:49,
norwegian_1,norwegian_NB-BERT,gemini25pro,apd,pca_num2,0.294,2026-01-29 15:04:49,
norwegian_1,norwegian_NB-BERT,gemini25pro,amd,pca_num2,0.417,2026-01-29 15:04:49,
norwegian_1,norwegian_NB-BERT,gemini25pro,amd_sym,pca_num2,0.488,2026-01-29 15:04:49,
norwegian_1,norwegian_NB-BERT,gemini25pro,amd_opt_sym,pca_num2,0.494,2026-01-29 15:04:49,
norwegian_2,xll,gemini25pro,prt,random_num2,-0.271,2026-01-29 15:04:49,
norwegian_2,xll,gemini25pro,apd,random_num2,0.641,2026-01-29 15:04:49,
norwegian_2,xll,gemini25pro,amd,random_num2,0.491,2026-01-29 15:04:49,
norwegian_2,xll,gemini25pro,amd_sym,random_num2,0.445,2026-01-29 15:04:49,
norwegian_2,xll,gemini25pro,amd_opt_sym,random_num2,0.49,2026-01-29 15:04:49,
norwegian_2,xll,gemini25pro,prt,pca_num2,0.232,2026-01-29 15:04:49,
norwegian_2,xll,gemini25pro,apd,pca_num2,0.181,2026-01-29 15:04:49,
norwegian_2,xll,gemini25pro,amd,pca_num2,0.544,2026-01-29 15:04:49,
norwegian_2,xll,gemini25pro,amd_sym,pca_num2,0.532,2026-01-29 15:04:49,
norwegian_2,xll,gemini25pro,amd_opt_sym,pca_num2,0.523,2026-01-29 15:04:49,
norwegian_2,xlmr,gemini25pro,prt,random_num2,-0.002,2026-01-29 15:04:50,
norwegian_2,xlmr,gemini25pro,apd,random_num2,0.102,2026-01-29 15:04:50,
norwegian_2,xlmr,gemini25pro,amd,random_num2,0.103,2026-01-29 15:04:50,
norwegian_2,xlmr,gemini25pro,amd_sym,random_num2,-0.116,2026-01-29 15:04:50,
norwegian_2,xlmr,gemini25pro,amd_opt_sym,random_num2,-0.112,2026-01-29 15:04:50,
norwegian_2,xlmr,gemini25pro,prt,pca_num2,0.025,2026-01-29 15:04:50,
norwegian_2,xlmr,gemini25pro,apd,pca_num2,0.036,2026-01-29 15:04:50,
norwegian_2,xlmr,gemini25pro,amd,pca_num2,0.151,2026-01-29 15:04:50,
norwegian_2,xlmr,gemini25pro,amd_sym,pca_num2,0.172,2026-01-29 15:04:50,
norwegian_2,xlmr,gemini25pro,amd_opt_sym,pca_num2,0.142,2026-01-29 15:04:50,
norwegian_2,rembert,gemini25pro,prt,random_num2,0.255,2026-01-29 15:04:51,
norwegian_2,rembert,gemini25pro,apd,random_num2,0.121,2026-01-29 15:04:51,
norwegian_2,rembert,gemini25pro,amd,random_num2,-0.042,2026-01-29 15:04:51,
norwegian_2,rembert,gemini25pro,amd_sym,random_num2,-0.01,2026-01-29 15:04:51,
norwegian_2,rembert,gemini25pro,amd_opt_sym,random_num2,-0.024,2026-01-29 15:04:51,
norwegian_2,rembert,gemini25pro,prt,pca_num2,0.242,2026-01-29 15:04:51,
norwegian_2,rembert,gemini25pro,apd,pca_num2,0.19,2026-01-29 15:04:51,
norwegian_2,rembert,gemini25pro,amd,pca_num2,0.313,2026-01-29 15:04:51,
norwegian_2,rembert,gemini25pro,amd_sym,pca_num2,0.375,2026-01-29 15:04:51,
norwegian_2,rembert,gemini25pro,amd_opt_sym,pca_num2,0.357,2026-01-29 15:04:51,
norwegian_2,multilingual-e5,gemini25pro,prt,random_num2,0.001,2026-01-29 15:04:51,
norwegian_2,multilingual-e5,gemini25pro,apd,random_num2,-0.109,2026-01-29 15:04:51,
norwegian_2,multilingual-e5,gemini25pro,amd,random_num2,0.068,2026-01-29 15:04:51,
norwegian_2,multilingual-e5,gemini25pro,amd_sym,random_num2,0.029,2026-01-29 15:04:51,
norwegian_2,multilingual-e5,gemini25pro,amd_opt_sym,random_num2,0.148,2026-01-29 15:04:51,
norwegian_2,multilingual-e5,gemini25pro,prt,pca_num2,0.039,2026-01-29 15:04:51,
norwegian_2,multilingual-e5,gemini25pro,apd,pca_num2,0.183,2026-01-29 15:04:51,
norwegian_2,multilingual-e5,gemini25pro,amd,pca_num2,0.231,2026-01-29 15:04:51,
norwegian_2,multilingual-e5,gemini25pro,amd_sym,pca_num2,0.231,2026-01-29 15:04:51,
norwegian_2,multilingual-e5,gemini25pro,amd_opt_sym,pca_num2,0.237,2026-01-29 15:04:51,
norwegian_2,mmbert,gemini25pro,prt,random_num2,0.394,2026-01-29 15:04:52,
norwegian_2,mmbert,gemini25pro,apd,random_num2,-0.011,2026-01-29 15:04:52,
norwegian_2,mmbert,gemini25pro,amd,random_num2,0.055,2026-01-29 15:04:52,
norwegian_2,mmbert,gemini25pro,amd_sym,random_num2,-0.013,2026-01-29 15:04:52,
norwegian_2,mmbert,gemini25pro,amd_opt_sym,random_num2,-0.031,2026-01-29 15:04:52,
norwegian_2,mmbert,gemini25pro,prt,pca_num2,0.132,2026-01-29 15:04:52,
norwegian_2,mmbert,gemini25pro,apd,pca_num2,0.087,2026-01-29 15:04:52,
norwegian_2,mmbert,gemini25pro,amd,pca_num2,0.18,2026-01-29 15:04:52,
norwegian_2,mmbert,gemini25pro,amd_sym,pca_num2,0.226,2026-01-29 15:04:52,
norwegian_2,mmbert,gemini25pro,amd_opt_sym,pca_num2,0.197,2026-01-29 15:04:52,
norwegian_2,en,gemini25pro,prt,random_num2,0.144,2026-01-29 15:04:52,
norwegian_2,en,gemini25pro,apd,random_num2,0.352,2026-01-29 15:04:52,
norwegian_2,en,gemini25pro,amd,random_num2,0.563,2026-01-29 15:04:52,
norwegian_2,en,gemini25pro,amd_sym,random_num2,0.522,2026-01-29 15:04:52,
norwegian_2,en,gemini25pro,amd_opt_sym,random_num2,0.525,2026-01-29 15:04:52,
norwegian_2,en,gemini25pro,prt,pca_num2,0.222,2026-01-29 15:04:52,
norwegian_2,en,gemini25pro,apd,pca_num2,0.211,2026-01-29 15:04:52,
norwegian_2,en,gemini25pro,amd,pca_num2,0.546,2026-01-29 15:04:52,
norwegian_2,en,gemini25pro,amd_sym,pca_num2,0.565,2026-01-29 15:04:52,
norwegian_2,en,gemini25pro,amd_opt_sym,pca_num2,0.552,2026-01-29 15:04:52,
norwegian_2,norwegian_NB-BERT,gemini25pro,prt,random_num2,0.086,2026-01-29 15:04:53,
norwegian_2,norwegian_NB-BERT,gemini25pro,apd,random_num2,-0.063,2026-01-29 15:04:53,
norwegian_2,norwegian_NB-BERT,gemini25pro,amd,random_num2,0.229,2026-01-29 15:04:53,
norwegian_2,norwegian_NB-BERT,gemini25pro,amd_sym,random_num2,0.228,2026-01-29 15:04:53,
norwegian_2,norwegian_NB-BERT,gemini25pro,amd_opt_sym,random_num2,0.231,2026-01-29 15:04:53,
norwegian_2,norwegian_NB-BERT,gemini25pro,prt,pca_num2,0.022,2026-01-29 15:04:53,
norwegian_2,norwegian_NB-BERT,gemini25pro,apd,pca_num2,0.071,2026-01-29 15:04:53,
norwegian_2,norwegian_NB-BERT,gemini25pro,amd,pca_num2,0.116,2026-01-29 15:04:53,
norwegian_2,norwegian_NB-BERT,gemini25pro,amd_sym,pca_num2,0.225,2026-01-29 15:04:53,
norwegian_2,norwegian_NB-BERT,gemini25pro,amd_opt_sym,pca_num2,0.235,2026-01-29 15:04:53,
english,xll,gemini25pro,prt,random_num1,0.433,2026-01-29 15:04:59,
english,xll,gemini25pro,apd,random_num1,0.308,2026-01-29 15:04:59,
english,xll,gemini25pro,amd,random_num1,0.389,2026-01-29 15:04:59,
english,xll,gemini25pro,amd_sym,random_num1,0.266,2026-01-29 15:04:59,
english,xll,gemini25pro,amd_opt_sym,random_num1,0.257,2026-01-29 15:04:59,
english,xll,gemini25pro,prt,pca_num1,0.012,2026-01-29 15:04:59,
english,xll,gemini25pro,apd,pca_num1,0.236,2026-01-29 15:04:59,
english,xll,gemini25pro,amd,pca_num1,0.357,2026-01-29 15:04:59,
english,xll,gemini25pro,amd_sym,pca_num1,0.415,2026-01-29 15:04:59,
english,xll,gemini25pro,amd_opt_sym,pca_num1,0.415,2026-01-29 15:04:59,
english,xlmr,gemini25pro,prt,random_num1,0.014,2026-01-29 15:05:05,
english,xlmr,gemini25pro,apd,random_num1,-0.192,2026-01-29 15:05:05,
english,xlmr,gemini25pro,amd,random_num1,0.072,2026-01-29 15:05:05,
english,xlmr,gemini25pro,amd_sym,random_num1,0.082,2026-01-29 15:05:05,
english,xlmr,gemini25pro,amd_opt_sym,random_num1,0.089,2026-01-29 15:05:05,
english,xlmr,gemini25pro,prt,pca_num1,0.136,2026-01-29 15:05:05,
english,xlmr,gemini25pro,apd,pca_num1,0.399,2026-01-29 15:05:05,
english,xlmr,gemini25pro,amd,pca_num1,0.334,2026-01-29 15:05:05,
english,xlmr,gemini25pro,amd_sym,pca_num1,0.358,2026-01-29 15:05:05,
english,xlmr,gemini25pro,amd_opt_sym,pca_num1,0.359,2026-01-29 15:05:05,
english,rembert,gemini25pro,prt,random_num1,-0.037,2026-01-29 15:05:11,
english,rembert,gemini25pro,apd,random_num1,-0.069,2026-01-29 15:05:11,
english,rembert,gemini25pro,amd,random_num1,-0.033,2026-01-29 15:05:11,
english,rembert,gemini25pro,amd_sym,random_num1,-0.235,2026-01-29 15:05:11,
english,rembert,gemini25pro,amd_opt_sym,random_num1,-0.217,2026-01-29 15:05:11,
english,rembert,gemini25pro,prt,pca_num1,0.062,2026-01-29 15:05:11,
english,rembert,gemini25pro,apd,pca_num1,0.271,2026-01-29 15:05:11,
english,rembert,gemini25pro,amd,pca_num1,0.316,2026-01-29 15:05:11,
english,rembert,gemini25pro,amd_sym,pca_num1,0.309,2026-01-29 15:05:11,
english,rembert,gemini25pro,amd_opt_sym,pca_num1,0.301,2026-01-29 15:05:11,
english,multilingual-e5,gemini25pro,prt,random_num1,-0.224,2026-01-29 15:05:17,
english,multilingual-e5,gemini25pro,apd,random_num1,-0.037,2026-01-29 15:05:17,
english,multilingual-e5,gemini25pro,amd,random_num1,0.173,2026-01-29 15:05:17,
english,multilingual-e5,gemini25pro,amd_sym,random_num1,0.216,2026-01-29 15:05:17,
english,multilingual-e5,gemini25pro,amd_opt_sym,random_num1,0.189,2026-01-29 15:05:17,
english,multilingual-e5,gemini25pro,prt,pca_num1,0.25,2026-01-29 15:05:17,
english,multilingual-e5,gemini25pro,apd,pca_num1,0.228,2026-01-29 15:05:17,
english,multilingual-e5,gemini25pro,amd,pca_num1,0.189,2026-01-29 15:05:17,
english,multilingual-e5,gemini25pro,amd_sym,pca_num1,0.266,2026-01-29 15:05:17,
english,multilingual-e5,gemini25pro,amd_opt_sym,pca_num1,0.273,2026-01-29 15:05:17,
english,mmbert,gemini25pro,prt,random_num1,0.232,2026-01-29 15:05:23,
english,mmbert,gemini25pro,apd,random_num1,-0.249,2026-01-29 15:05:23,
english,mmbert,gemini25pro,amd,random_num1,0.063,2026-01-29 15:05:23,
english,mmbert,gemini25pro,amd_sym,random_num1,0.008,2026-01-29 15:05:23,
english,mmbert,gemini25pro,amd_opt_sym,random_num1,-0.02,2026-01-29 15:05:23,
english,mmbert,gemini25pro,prt,pca_num1,nan,2026-01-29 15:05:23,
english,mmbert,gemini25pro,apd,pca_num1,0.086,2026-01-29 15:05:23,
english,mmbert,gemini25pro,amd,pca_num1,0.229,2026-01-29 15:05:23,
english,mmbert,gemini25pro,amd_sym,pca_num1,0.132,2026-01-29 15:05:23,
english,mmbert,gemini25pro,amd_opt_sym,pca_num1,0.136,2026-01-29 15:05:23,
english,en,gemini25pro,prt,random_num1,0.126,2026-01-29 15:05:29,
english,en,gemini25pro,apd,random_num1,0.311,2026-01-29 15:05:29,
english,en,gemini25pro,amd,random_num1,0.368,2026-01-29 15:05:29,
english,en,gemini25pro,amd_sym,random_num1,0.448,2026-01-29 15:05:29,
english,en,gemini25pro,amd_opt_sym,random_num1,0.435,2026-01-29 15:05:29,
english,en,gemini25pro,prt,pca_num1,-0.019,2026-01-29 15:05:29,
english,en,gemini25pro,apd,pca_num1,0.129,2026-01-29 15:05:29,
english,en,gemini25pro,amd,pca_num1,0.325,2026-01-29 15:05:29,
english,en,gemini25pro,amd_sym,pca_num1,0.319,2026-01-29 15:05:29,
english,en,gemini25pro,amd_opt_sym,pca_num1,0.321,2026-01-29 15:05:29,
english,roberta,gemini25pro,prt,random_num1,0.051,2026-01-29 15:05:35,
english,roberta,gemini25pro,apd,random_num1,0.163,2026-01-29 15:05:35,
english,roberta,gemini25pro,amd,random_num1,0.121,2026-01-29 15:05:35,
english,roberta,gemini25pro,amd_sym,random_num1,0.068,2026-01-29 15:05:35,
english,roberta,gemini25pro,amd_opt_sym,random_num1,0.07,2026-01-29 15:05:35,
english,roberta,gemini25pro,prt,pca_num1,-0.125,2026-01-29 15:05:35,
english,roberta,gemini25pro,apd,pca_num1,0.193,2026-01-29 15:05:35,
english,roberta,gemini25pro,amd,pca_num1,0.141,2026-01-29 15:05:35,
english,roberta,gemini25pro,amd_sym,pca_num1,0.116,2026-01-29 15:05:35,
english,roberta,gemini25pro,amd_opt_sym,pca_num1,0.117,2026-01-29 15:05:35,
german,xll,gemini25pro,prt,random_num1,0.087,2026-01-29 15:05:40,
german,xll,gemini25pro,apd,random_num1,0.583,2026-01-29 15:05:40,
german,xll,gemini25pro,amd,random_num1,0.412,2026-01-29 15:05:40,
german,xll,gemini25pro,amd_sym,random_num1,0.517,2026-01-29 15:05:40,
german,xll,gemini25pro,amd_opt_sym,random_num1,0.48,2026-01-29 15:05:40,
german,xll,gemini25pro,prt,pca_num1,0.356,2026-01-29 15:05:40,
german,xll,gemini25pro,apd,pca_num1,0.527,2026-01-29 15:05:40,
german,xll,gemini25pro,amd,pca_num1,0.453,2026-01-29 15:05:40,
german,xll,gemini25pro,amd_sym,pca_num1,0.725,2026-01-29 15:05:40,
german,xll,gemini25pro,amd_opt_sym,pca_num1,0.728,2026-01-29 15:05:40,
german,xlmr,gemini25pro,prt,random_num1,0.215,2026-01-29 15:05:44,
german,xlmr,gemini25pro,apd,random_num1,0.251,2026-01-29 15:05:44,
german,xlmr,gemini25pro,amd,random_num1,0.172,2026-01-29 15:05:44,
german,xlmr,gemini25pro,amd_sym,random_num1,0.184,2026-01-29 15:05:44,
german,xlmr,gemini25pro,amd_opt_sym,random_num1,0.149,2026-01-29 15:05:44,
german,xlmr,gemini25pro,prt,pca_num1,0.229,2026-01-29 15:05:44,
german,xlmr,gemini25pro,apd,pca_num1,0.201,2026-01-29 15:05:44,
german,xlmr,gemini25pro,amd,pca_num1,0.178,2026-01-29 15:05:44,
german,xlmr,gemini25pro,amd_sym,pca_num1,0.284,2026-01-29 15:05:44,
german,xlmr,gemini25pro,amd_opt_sym,pca_num1,0.29,2026-01-29 15:05:44,
german,rembert,gemini25pro,prt,random_num1,-0.029,2026-01-29 15:05:48,
german,rembert,gemini25pro,apd,random_num1,-0.116,2026-01-29 15:05:48,
german,rembert,gemini25pro,amd,random_num1,0.072,2026-01-29 15:05:48,
german,rembert,gemini25pro,amd_sym,random_num1,0.085,2026-01-29 15:05:48,
german,rembert,gemini25pro,amd_opt_sym,random_num1,0.071,2026-01-29 15:05:48,
german,rembert,gemini25pro,prt,pca_num1,-0.044,2026-01-29 15:05:48,
german,rembert,gemini25pro,apd,pca_num1,0.302,2026-01-29 15:05:48,
german,rembert,gemini25pro,amd,pca_num1,0.307,2026-01-29 15:05:48,
german,rembert,gemini25pro,amd_sym,pca_num1,0.383,2026-01-29 15:05:48,
german,rembert,gemini25pro,amd_opt_sym,pca_num1,0.377,2026-01-29 15:05:48,
german,multilingual-e5,gemini25pro,prt,random_num1,0.127,2026-01-29 15:05:52,
german,multilingual-e5,gemini25pro,apd,random_num1,0.127,2026-01-29 15:05:52,
german,multilingual-e5,gemini25pro,amd,random_num1,0.136,2026-01-29 15:05:52,
german,multilingual-e5,gemini25pro,amd_sym,random_num1,0.252,2026-01-29 15:05:52,
german,multilingual-e5,gemini25pro,amd_opt_sym,random_num1,0.269,2026-01-29 15:05:52,
german,multilingual-e5,gemini25pro,prt,pca_num1,0.546,2026-01-29 15:05:52,
german,multilingual-e5,gemini25pro,apd,pca_num1,0.557,2026-01-29 15:05:52,
german,multilingual-e5,gemini25pro,amd,pca_num1,0.442,2026-01-29 15:05:52,
german,multilingual-e5,gemini25pro,amd_sym,pca_num1,0.589,2026-01-29 15:05:52,
german,multilingual-e5,gemini25pro,amd_opt_sym,pca_num1,0.592,2026-01-29 15:05:52,
german,mmbert,gemini25pro,prt,random_num1,0.313,2026-01-29 15:05:56,
german,mmbert,gemini25pro,apd,random_num1,-0.042,2026-01-29 15:05:56,
german,mmbert,gemini25pro,amd,random_num1,0.124,2026-01-29 15:05:56,
german,mmbert,gemini25pro,amd_sym,random_num1,0.076,2026-01-29 15:05:56,
german,mmbert,gemini25pro,amd_opt_sym,random_num1,0.068,2026-01-29 15:05:56,
german,mmbert,gemini25pro,prt,pca_num1,0.081,2026-01-29 15:05:56,
german,mmbert,gemini25pro,apd,pca_num1,0.347,2026-01-29 15:05:56,
german,mmbert,gemini25pro,amd,pca_num1,0.17,2026-01-29 15:05:56,
german,mmbert,gemini25pro,amd_sym,pca_num1,0.288,2026-01-29 15:05:56,
german,mmbert,gemini25pro,amd_opt_sym,pca_num1,0.296,2026-01-29 15:05:56,
german,en,gemini25pro,prt,random_num1,-0.321,2026-01-29 15:06:00,
german,en,gemini25pro,apd,random_num1,0.298,2026-01-29 15:06:00,
german,en,gemini25pro,amd,random_num1,0.242,2026-01-29 15:06:00,
german,en,gemini25pro,amd_sym,random_num1,0.366,2026-01-29 15:06:00,
german,en,gemini25pro,amd_opt_sym,random_num1,0.363,2026-01-29 15:06:00,
german,en,gemini25pro,prt,pca_num1,0.211,2026-01-29 15:06:00,
german,en,gemini25pro,apd,pca_num1,0.514,2026-01-29 15:06:00,
german,en,gemini25pro,amd,pca_num1,0.461,2026-01-29 15:06:00,
german,en,gemini25pro,amd_sym,pca_num1,0.846,2026-01-29 15:06:00,
german,en,gemini25pro,amd_opt_sym,pca_num1,0.847,2026-01-29 15:06:00,
german,german_GBERT,gemini25pro,prt,random_num1,0.186,2026-01-29 15:06:04,
german,german_GBERT,gemini25pro,apd,random_num1,0.146,2026-01-29 15:06:04,
german,german_GBERT,gemini25pro,amd,random_num1,0.115,2026-01-29 15:06:04,
german,german_GBERT,gemini25pro,amd_sym,random_num1,0.145,2026-01-29 15:06:04,
german,german_GBERT,gemini25pro,amd_opt_sym,random_num1,0.138,2026-01-29 15:06:04,
german,german_GBERT,gemini25pro,prt,pca_num1,0.361,2026-01-29 15:06:04,
german,german_GBERT,gemini25pro,apd,pca_num1,0.541,2026-01-29 15:06:04,
german,german_GBERT,gemini25pro,amd,pca_num1,0.383,2026-01-29 15:06:04,
german,german_GBERT,gemini25pro,amd_sym,pca_num1,0.617,2026-01-29 15:06:04,
german,german_GBERT,gemini25pro,amd_opt_sym,pca_num1,0.618,2026-01-29 15:06:04,
swedish,xll,gemini25pro,prt,random_num1,-0.211,2026-01-29 15:06:10,
swedish,xll,gemini25pro,apd,random_num1,0.275,2026-01-29 15:06:10,
swedish,xll,gemini25pro,amd,random_num1,0.341,2026-01-29 15:06:10,
swedish,xll,gemini25pro,amd_sym,random_num1,0.43,2026-01-29 15:06:10,
swedish,xll,gemini25pro,amd_opt_sym,random_num1,0.405,2026-01-29 15:06:10,
swedish,xll,gemini25pro,prt,pca_num1,0.539,2026-01-29 15:06:10,
swedish,xll,gemini25pro,apd,pca_num1,-0.025,2026-01-29 15:06:10,
swedish,xll,gemini25pro,amd,pca_num1,0.331,2026-01-29 15:06:10,
swedish,xll,gemini25pro,amd_sym,pca_num1,0.607,2026-01-29 15:06:10,
swedish,xll,gemini25pro,amd_opt_sym,pca_num1,0.604,2026-01-29 15:06:10,
swedish,xlmr,gemini25pro,prt,random_num1,-0.005,2026-01-29 15:06:16,
swedish,xlmr,gemini25pro,apd,random_num1,0.248,2026-01-29 15:06:16,
swedish,xlmr,gemini25pro,amd,random_num1,0.116,2026-01-29 15:06:16,
swedish,xlmr,gemini25pro,amd_sym,random_num1,-0.113,2026-01-29 15:06:16,
swedish,xlmr,gemini25pro,amd_opt_sym,random_num1,-0.135,2026-01-29 15:06:16,
swedish,xlmr,gemini25pro,prt,pca_num1,-0.517,2026-01-29 15:06:16,
swedish,xlmr,gemini25pro,apd,pca_num1,-0.38,2026-01-29 15:06:16,
swedish,xlmr,gemini25pro,amd,pca_num1,-0.278,2026-01-29 15:06:16,
swedish,xlmr,gemini25pro,amd_sym,pca_num1,-0.547,2026-01-29 15:06:16,
swedish,xlmr,gemini25pro,amd_opt_sym,pca_num1,-0.553,2026-01-29 15:06:16,
swedish,rembert,gemini25pro,prt,random_num1,-0.027,2026-01-29 15:06:23,
swedish,rembert,gemini25pro,apd,random_num1,-0.093,2026-01-29 15:06:23,
swedish,rembert,gemini25pro,amd,random_num1,0.165,2026-01-29 15:06:23,
swedish,rembert,gemini25pro,amd_sym,random_num1,0.271,2026-01-29 15:06:23,
swedish,rembert,gemini25pro,amd_opt_sym,random_num1,0.289,2026-01-29 15:06:23,
swedish,rembert,gemini25pro,prt,pca_num1,-0.206,2026-01-29 15:06:23,
swedish,rembert,gemini25pro,apd,pca_num1,-0.168,2026-01-29 15:06:23,
swedish,rembert,gemini25pro,amd,pca_num1,-0.06,2026-01-29 15:06:23,
swedish,rembert,gemini25pro,amd_sym,pca_num1,-0.162,2026-01-29 15:06:23,
swedish,rembert,gemini25pro,amd_opt_sym,pca_num1,-0.153,2026-01-29 15:06:23,
swedish,multilingual-e5,gemini25pro,prt,random_num1,0.455,2026-01-29 15:06:29,
swedish,multilingual-e5,gemini25pro,apd,random_num1,0.358,2026-01-29 15:06:29,
swedish,multilingual-e5,gemini25pro,amd,random_num1,-0.182,2026-01-29 15:06:29,
swedish,multilingual-e5,gemini25pro,amd_sym,random_num1,-0.133,2026-01-29 15:06:29,
swedish,multilingual-e5,gemini25pro,amd_opt_sym,random_num1,-0.134,2026-01-29 15:06:29,
swedish,multilingual-e5,gemini25pro,prt,pca_num1,0.1,2026-01-29 15:06:29,
swedish,multilingual-e5,gemini25pro,apd,pca_num1,0.17,2026-01-29 15:06:29,
swedish,multilingual-e5,gemini25pro,amd,pca_num1,0.257,2026-01-29 15:06:29,
swedish,multilingual-e5,gemini25pro,amd_sym,pca_num1,0.16,2026-01-29 15:06:29,
swedish,multilingual-e5,gemini25pro,amd_opt_sym,pca_num1,0.19,2026-01-29 15:06:29,
swedish,mmbert,gemini25pro,prt,random_num1,0.062,2026-01-29 15:06:36,
swedish,mmbert,gemini25pro,apd,random_num1,0.021,2026-01-29 15:06:36,
swedish,mmbert,gemini25pro,amd,random_num1,0.006,2026-01-29 15:06:36,
swedish,mmbert,gemini25pro,amd_sym,random_num1,0.002,2026-01-29 15:06:36,
swedish,mmbert,gemini25pro,amd_opt_sym,random_num1,0.001,2026-01-29 15:06:36,
swedish,mmbert,gemini25pro,prt,pca_num1,nan,2026-01-29 15:06:36,
swedish,mmbert,gemini25pro,apd,pca_num1,-0.13,2026-01-29 15:06:36,
swedish,mmbert,gemini25pro,amd,pca_num1,-0.231,2026-01-29 15:06:36,
swedish,mmbert,gemini25pro,amd_sym,pca_num1,-0.227,2026-01-29 15:06:36,
swedish,mmbert,gemini25pro,amd_opt_sym,pca_num1,-0.208,2026-01-29 15:06:36,
swedish,en,gemini25pro,prt,random_num1,-0.029,2026-01-29 15:06:43,
swedish,en,gemini25pro,apd,random_num1,0.092,2026-01-29 15:06:43,
swedish,en,gemini25pro,amd,random_num1,0.175,2026-01-29 15:06:43,
swedish,en,gemini25pro,amd_sym,random_num1,0.394,2026-01-29 15:06:43,
swedish,en,gemini25pro,amd_opt_sym,random_num1,0.398,2026-01-29 15:06:43,
swedish,en,gemini25pro,prt,pca_num1,-0.126,2026-01-29 15:06:43,
swedish,en,gemini25pro,apd,pca_num1,-0.065,2026-01-29 15:06:43,
swedish,en,gemini25pro,amd,pca_num1,0.253,2026-01-29 15:06:43,
swedish,en,gemini25pro,amd_sym,pca_num1,0.592,2026-01-29 15:06:43,
swedish,en,gemini25pro,amd_opt_sym,pca_num1,0.587,2026-01-29 15:06:43,
swedish,swedish_MegatronBERT,gemini25pro,prt,random_num1,-0.12,2026-01-29 15:06:50,
swedish,swedish_MegatronBERT,gemini25pro,apd,random_num1,-0.193,2026-01-29 15:06:50,
swedish,swedish_MegatronBERT,gemini25pro,amd,random_num1,-0.023,2026-01-29 15:06:50,
swedish,swedish_MegatronBERT,gemini25pro,amd_sym,random_num1,0.017,2026-01-29 15:06:50,
swedish,swedish_MegatronBERT,gemini25pro,amd_opt_sym,random_num1,0.009,2026-01-29 15:06:50,
swedish,swedish_MegatronBERT,gemini25pro,prt,pca_num1,-0.031,2026-01-29 15:06:50,
swedish,swedish_MegatronBERT,gemini25pro,apd,pca_num1,-0.044,2026-01-29 15:06:50,
swedish,swedish_MegatronBERT,gemini25pro,amd,pca_num1,-0.021,2026-01-29 15:06:50,
swedish,swedish_MegatronBERT,gemini25pro,amd_sym,pca_num1,-0.063,2026-01-29 15:06:50,
swedish,swedish_MegatronBERT,gemini25pro,amd_opt_sym,pca_num1,-0.054,2026-01-29 15:06:50,
latin,xll,gemini25pro,prt,random_num1,0.176,2026-01-29 15:07:00,
latin,xll,gemini25pro,apd,random_num1,0.339,2026-01-29 15:07:00,
latin,xll,gemini25pro,amd,random_num1,0.234,2026-01-29 15:07:00,
latin,xll,gemini25pro,amd_sym,random_num1,0.096,2026-01-29 15:07:00,
latin,xll,gemini25pro,amd_opt_sym,random_num1,0.079,2026-01-29 15:07:00,
latin,xll,gemini25pro,prt,pca_num1,0.109,2026-01-29 15:07:00,
latin,xll,gemini25pro,apd,pca_num1,0.266,2026-01-29 15:07:00,
latin,xll,gemini25pro,amd,pca_num1,0.279,2026-01-29 15:07:00,
latin,xll,gemini25pro,amd_sym,pca_num1,0.397,2026-01-29 15:07:00,
latin,xll,gemini25pro,amd_opt_sym,pca_num1,0.388,2026-01-29 15:07:00,
latin,xlmr,gemini25pro,prt,random_num1,-0.06,2026-01-29 15:07:08,
latin,xlmr,gemini25pro,apd,random_num1,-0.036,2026-01-29 15:07:08,
latin,xlmr,gemini25pro,amd,random_num1,-0.008,2026-01-29 15:07:08,
latin,xlmr,gemini25pro,amd_sym,random_num1,0.014,2026-01-29 15:07:08,
latin,xlmr,gemini25pro,amd_opt_sym,random_num1,0.048,2026-01-29 15:07:08,
latin,xlmr,gemini25pro,prt,pca_num1,0.043,2026-01-29 15:07:08,
latin,xlmr,gemini25pro,apd,pca_num1,0.009,2026-01-29 15:07:08,
latin,xlmr,gemini25pro,amd,pca_num1,0.158,2026-01-29 15:07:08,
latin,xlmr,gemini25pro,amd_sym,pca_num1,0.155,2026-01-29 15:07:08,
latin,xlmr,gemini25pro,amd_opt_sym,pca_num1,0.155,2026-01-29 15:07:08,
latin,rembert,gemini25pro,prt,random_num1,0.053,2026-01-29 15:07:16,
latin,rembert,gemini25pro,apd,random_num1,-0.138,2026-01-29 15:07:16,
latin,rembert,gemini25pro,amd,random_num1,0.078,2026-01-29 15:07:16,
latin,rembert,gemini25pro,amd_sym,random_num1,-0.05,2026-01-29 15:07:16,
latin,rembert,gemini25pro,amd_opt_sym,random_num1,-0.06,2026-01-29 15:07:16,
latin,rembert,gemini25pro,prt,pca_num1,0.181,2026-01-29 15:07:16,
latin,rembert,gemini25pro,apd,pca_num1,0.25,2026-01-29 15:07:16,
latin,rembert,gemini25pro,amd,pca_num1,0.076,2026-01-29 15:07:16,
latin,rembert,gemini25pro,amd_sym,pca_num1,0.181,2026-01-29 15:07:16,
latin,rembert,gemini25pro,amd_opt_sym,pca_num1,0.15,2026-01-29 15:07:16,
latin,multilingual-e5,gemini25pro,prt,random_num1,-0.13,2026-01-29 15:07:26,
latin,multilingual-e5,gemini25pro,apd,random_num1,-0.049,2026-01-29 15:07:26,
latin,multilingual-e5,gemini25pro,amd,random_num1,0.13,2026-01-29 15:07:26,
latin,multilingual-e5,gemini25pro,amd_sym,random_num1,0.301,2026-01-29 15:07:26,
latin,multilingual-e5,gemini25pro,amd_opt_sym,random_num1,0.319,2026-01-29 15:07:26,
latin,multilingual-e5,gemini25pro,prt,pca_num1,0.352,2026-01-29 15:07:26,
latin,multilingual-e5,gemini25pro,apd,pca_num1,0.162,2026-01-29 15:07:26,
latin,multilingual-e5,gemini25pro,amd,pca_num1,0.111,2026-01-29 15:07:26,
latin,multilingual-e5,gemini25pro,amd_sym,pca_num1,0.313,2026-01-29 15:07:26,
latin,multilingual-e5,gemini25pro,amd_opt_sym,pca_num1,0.332,2026-01-29 15:07:26,
latin,mmbert,gemini25pro,prt,random_num1,-0.076,2026-01-29 15:07:35,
latin,mmbert,gemini25pro,apd,random_num1,-0.012,2026-01-29 15:07:35,
latin,mmbert,gemini25pro,amd,random_num1,-0.029,2026-01-29 15:07:35,
latin,mmbert,gemini25pro,amd_sym,random_num1,-0.071,2026-01-29 15:07:35,
latin,mmbert,gemini25pro,amd_opt_sym,random_num1,-0.057,2026-01-29 15:07:35,
latin,mmbert,gemini25pro,prt,pca_num1,0.191,2026-01-29 15:07:35,
latin,mmbert,gemini25pro,apd,pca_num1,0.116,2026-01-29 15:07:35,
latin,mmbert,gemini25pro,amd,pca_num1,0.042,2026-01-29 15:07:35,
latin,mmbert,gemini25pro,amd_sym,pca_num1,0.181,2026-01-29 15:07:35,
latin,mmbert,gemini25pro,amd_opt_sym,pca_num1,0.203,2026-01-29 15:07:35,
latin,en,gemini25pro,prt,random_num1,-0.091,2026-01-29 15:07:44,
latin,en,gemini25pro,apd,random_num1,0.253,2026-01-29 15:07:44,
latin,en,gemini25pro,amd,random_num1,0.127,2026-01-29 15:07:44,
latin,en,gemini25pro,amd_sym,random_num1,0.162,2026-01-29 15:07:44,
latin,en,gemini25pro,amd_opt_sym,random_num1,0.181,2026-01-29 15:07:44,
latin,en,gemini25pro,prt,pca_num1,0.102,2026-01-29 15:07:44,
latin,en,gemini25pro,apd,pca_num1,0.29,2026-01-29 15:07:44,
latin,en,gemini25pro,amd,pca_num1,0.069,2026-01-29 15:07:44,
latin,en,gemini25pro,amd_sym,pca_num1,0.295,2026-01-29 15:07:44,
latin,en,gemini25pro,amd_opt_sym,pca_num1,0.297,2026-01-29 15:07:44,
latin,latin_BammanBurns,gemini25pro,prt,random_num1,-0.112,2026-01-29 15:07:52,
latin,latin_BammanBurns,gemini25pro,apd,random_num1,-0.186,2026-01-29 15:07:52,
latin,latin_BammanBurns,gemini25pro,amd,random_num1,-0.104,2026-01-29 15:07:52,
latin,latin_BammanBurns,gemini25pro,amd_sym,random_num1,0.041,2026-01-29 15:07:52,
latin,latin_BammanBurns,gemini25pro,amd_opt_sym,random_num1,0.024,2026-01-29 15:07:52,
latin,latin_BammanBurns,gemini25pro,prt,pca_num1,0.125,2026-01-29 15:07:52,
latin,latin_BammanBurns,gemini25pro,apd,pca_num1,0.108,2026-01-29 15:07:52,
latin,latin_BammanBurns,gemini25pro,amd,pca_num1,0.048,2026-01-29 15:07:52,
latin,latin_BammanBurns,gemini25pro,amd_sym,pca_num1,0.136,2026-01-29 15:07:52,
latin,latin_BammanBurns,gemini25pro,amd_opt_sym,pca_num1,0.128,2026-01-29 15:07:52,
spanish,xll,gemini25pro,prt,random_num1,-0.13,2026-01-29 15:07:53,
spanish,xll,gemini25pro,apd,random_num1,0.231,2026-01-29 15:07:53,
spanish,xll,gemini25pro,amd,random_num1,0.464,2026-01-29 15:07:53,
spanish,xll,gemini25pro,amd_sym,random_num1,0.455,2026-01-29 15:07:53,
spanish,xll,gemini25pro,amd_opt_sym,random_num1,0.445,2026-01-29 15:07:53,
spanish,xll,gemini25pro,prt,pca_num1,0.134,2026-01-29 15:07:53,
spanish,xll,gemini25pro,apd,pca_num1,0.384,2026-01-29 15:07:53,
spanish,xll,gemini25pro,amd,pca_num1,0.521,2026-01-29 15:07:53,
spanish,xll,gemini25pro,amd_sym,pca_num1,0.554,2026-01-29 15:07:53,
spanish,xll,gemini25pro,amd_opt_sym,pca_num1,0.549,2026-01-29 15:07:53,
spanish,xlmr,gemini25pro,prt,random_num1,-0.068,2026-01-29 15:07:55,
spanish,xlmr,gemini25pro,apd,random_num1,0.155,2026-01-29 15:07:55,
spanish,xlmr,gemini25pro,amd,random_num1,0.024,2026-01-29 15:07:55,
spanish,xlmr,gemini25pro,amd_sym,random_num1,0.164,2026-01-29 15:07:55,
spanish,xlmr,gemini25pro,amd_opt_sym,random_num1,0.175,2026-01-29 15:07:55,
spanish,xlmr,gemini25pro,prt,pca_num1,0.114,2026-01-29 15:07:55,
spanish,xlmr,gemini25pro,apd,pca_num1,0.208,2026-01-29 15:07:55,
spanish,xlmr,gemini25pro,amd,pca_num1,0.192,2026-01-29 15:07:55,
spanish,xlmr,gemini25pro,amd_sym,pca_num1,0.192,2026-01-29 15:07:55,
spanish,xlmr,gemini25pro,amd_opt_sym,pca_num1,0.2,2026-01-29 15:07:55,
spanish,rembert,gemini25pro,prt,random_num1,-0.106,2026-01-29 15:07:56,
spanish,rembert,gemini25pro,apd,random_num1,-0.033,2026-01-29 15:07:56,
spanish,rembert,gemini25pro,amd,random_num1,0.126,2026-01-29 15:07:56,
spanish,rembert,gemini25pro,amd_sym,random_num1,0.045,2026-01-29 15:07:56,
spanish,rembert,gemini25pro,amd_opt_sym,random_num1,0.053,2026-01-29 15:07:56,
spanish,rembert,gemini25pro,prt,pca_num1,nan,2026-01-29 15:07:56,
spanish,rembert,gemini25pro,apd,pca_num1,0.216,2026-01-29 15:07:56,
spanish,rembert,gemini25pro,amd,pca_num1,0.273,2026-01-29 15:07:56,
spanish,rembert,gemini25pro,amd_sym,pca_num1,0.312,2026-01-29 15:07:56,
spanish,rembert,gemini25pro,amd_opt_sym,pca_num1,0.311,2026-01-29 15:07:56,
spanish,multilingual-e5,gemini25pro,prt,random_num1,0.034,2026-01-29 15:07:58,
spanish,multilingual-e5,gemini25pro,apd,random_num1,0.027,2026-01-29 15:07:58,
spanish,multilingual-e5,gemini25pro,amd,random_num1,-0.045,2026-01-29 15:07:58,
spanish,multilingual-e5,gemini25pro,amd_sym,random_num1,0.017,2026-01-29 15:07:58,
spanish,multilingual-e5,gemini25pro,amd_opt_sym,random_num1,0.0,2026-01-29 15:07:58,
spanish,multilingual-e5,gemini25pro,prt,pca_num1,-0.176,2026-01-29 15:07:58,
spanish,multilingual-e5,gemini25pro,apd,pca_num1,0.267,2026-01-29 15:07:58,
spanish,multilingual-e5,gemini25pro,amd,pca_num1,0.368,2026-01-29 15:07:58,
spanish,multilingual-e5,gemini25pro,amd_sym,pca_num1,0.382,2026-01-29 15:07:58,
spanish,multilingual-e5,gemini25pro,amd_opt_sym,pca_num1,0.382,2026-01-29 15:07:58,
spanish,mmbert,gemini25pro,prt,random_num1,0.112,2026-01-29 15:07:59,
spanish,mmbert,gemini25pro,apd,random_num1,-0.066,2026-01-29 15:07:59,
spanish,mmbert,gemini25pro,amd,random_num1,-0.125,2026-01-29 15:07:59,
spanish,mmbert,gemini25pro,amd_sym,random_num1,-0.181,2026-01-29 15:07:59,
spanish,mmbert,gemini25pro,amd_opt_sym,random_num1,-0.196,2026-01-29 15:07:59,
spanish,mmbert,gemini25pro,prt,pca_num1,nan,2026-01-29 15:07:59,
spanish,mmbert,gemini25pro,apd,pca_num1,0.27,2026-01-29 15:07:59,
spanish,mmbert,gemini25pro,amd,pca_num1,0.305,2026-01-29 15:07:59,
spanish,mmbert,gemini25pro,amd_sym,pca_num1,0.291,2026-01-29 15:07:59,
spanish,mmbert,gemini25pro,amd_opt_sym,pca_num1,0.291,2026-01-29 15:07:59,
spanish,en,gemini25pro,prt,random_num1,-0.02,2026-01-29 15:08:00,
spanish,en,gemini25pro,apd,random_num1,0.135,2026-01-29 15:08:00,
spanish,en,gemini25pro,amd,random_num1,0.299,2026-01-29 15:08:00,
spanish,en,gemini25pro,amd_sym,random_num1,0.259,2026-01-29 15:08:00,
spanish,en,gemini25pro,amd_opt_sym,random_num1,0.259,2026-01-29 15:08:00,
spanish,en,gemini25pro,prt,pca_num1,0.157,2026-01-29 15:08:00,
spanish,en,gemini25pro,apd,pca_num1,0.336,2026-01-29 15:08:00,
spanish,en,gemini25pro,amd,pca_num1,0.463,2026-01-29 15:08:00,
spanish,en,gemini25pro,amd_sym,pca_num1,0.554,2026-01-29 15:08:00,
spanish,en,gemini25pro,amd_opt_sym,pca_num1,0.547,2026-01-29 15:08:00,
spanish,spanish_BERT_WWM,gemini25pro,prt,random_num1,-0.041,2026-01-29 15:08:01,
spanish,spanish_BERT_WWM,gemini25pro,apd,random_num1,-0.181,2026-01-29 15:08:01,
spanish,spanish_BERT_WWM,gemini25pro,amd,random_num1,0.016,2026-01-29 15:08:01,
spanish,spanish_BERT_WWM,gemini25pro,amd_sym,random_num1,0.081,2026-01-29 15:08:01,
spanish,spanish_BERT_WWM,gemini25pro,amd_opt_sym,random_num1,0.087,2026-01-29 15:08:01,
spanish,spanish_BERT_WWM,gemini25pro,prt,pca_num1,nan,2026-01-29 15:08:01,
spanish,spanish_BERT_WWM,gemini25pro,apd,pca_num1,0.242,2026-01-29 15:08:01,
spanish,spanish_BERT_WWM,gemini25pro,amd,pca_num1,0.319,2026-01-29 15:08:01,
spanish,spanish_BERT_WWM,gemini25pro,amd_sym,pca_num1,0.392,2026-01-29 15:08:01,
spanish,spanish_BERT_WWM,gemini25pro,amd_opt_sym,pca_num1,0.391,2026-01-29 15:08:01,
chinese,xll,gemini25pro,prt,random_num1,-0.101,2026-01-29 15:08:02,
chinese,xll,gemini25pro,apd,random_num1,0.264,2026-01-29 15:08:02,
chinese,xll,gemini25pro,amd,random_num1,0.604,2026-01-29 15:08:02,
chinese,xll,gemini25pro,amd_sym,random_num1,0.588,2026-01-29 15:08:02,
chinese,xll,gemini25pro,amd_opt_sym,random_num1,0.583,2026-01-29 15:08:02,
chinese,xll,gemini25pro,prt,pca_num1,0.153,2026-01-29 15:08:02,
chinese,xll,gemini25pro,apd,pca_num1,0.551,2026-01-29 15:08:02,
chinese,xll,gemini25pro,amd,pca_num1,0.702,2026-01-29 15:08:02,
chinese,xll,gemini25pro,amd_sym,pca_num1,0.726,2026-01-29 15:08:02,
chinese,xll,gemini25pro,amd_opt_sym,pca_num1,0.718,2026-01-29 15:08:02,
chinese,xlmr,gemini25pro,prt,random_num1,0.091,2026-01-29 15:08:02,
chinese,xlmr,gemini25pro,apd,random_num1,0.158,2026-01-29 15:08:02,
chinese,xlmr,gemini25pro,amd,random_num1,0.076,2026-01-29 15:08:02,
chinese,xlmr,gemini25pro,amd_sym,random_num1,-0.001,2026-01-29 15:08:02,
chinese,xlmr,gemini25pro,amd_opt_sym,random_num1,0.023,2026-01-29 15:08:02,
chinese,xlmr,gemini25pro,prt,pca_num1,0.315,2026-01-29 15:08:02,
chinese,xlmr,gemini25pro,apd,pca_num1,0.193,2026-01-29 15:08:02,
chinese,xlmr,gemini25pro,amd,pca_num1,0.1,2026-01-29 15:08:02,
chinese,xlmr,gemini25pro,amd_sym,pca_num1,0.243,2026-01-29 15:08:02,
chinese,xlmr,gemini25pro,amd_opt_sym,pca_num1,0.322,2026-01-29 15:08:02,
chinese,rembert,gemini25pro,prt,random_num1,0.013,2026-01-29 15:08:03,
chinese,rembert,gemini25pro,apd,random_num1,0.156,2026-01-29 15:08:03,
chinese,rembert,gemini25pro,amd,random_num1,-0.003,2026-01-29 15:08:03,
chinese,rembert,gemini25pro,amd_sym,random_num1,0.193,2026-01-29 15:08:03,
chinese,rembert,gemini25pro,amd_opt_sym,random_num1,0.164,2026-01-29 15:08:03,
chinese,rembert,gemini25pro,prt,pca_num1,0.138,2026-01-29 15:08:03,
chinese,rembert,gemini25pro,apd,pca_num1,0.343,2026-01-29 15:08:03,
chinese,rembert,gemini25pro,amd,pca_num1,-0.059,2026-01-29 15:08:03,
chinese,rembert,gemini25pro,amd_sym,pca_num1,0.168,2026-01-29 15:08:03,
chinese,rembert,gemini25pro,amd_opt_sym,pca_num1,0.142,2026-01-29 15:08:03,
chinese,multilingual-e5,gemini25pro,prt,random_num1,0.112,2026-01-29 15:08:04,
chinese,multilingual-e5,gemini25pro,apd,random_num1,0.011,2026-01-29 15:08:04,
chinese,multilingual-e5,gemini25pro,amd,random_num1,0.122,2026-01-29 15:08:04,
chinese,multilingual-e5,gemini25pro,amd_sym,random_num1,0.072,2026-01-29 15:08:04,
chinese,multilingual-e5,gemini25pro,amd_opt_sym,random_num1,0.105,2026-01-29 15:08:04,
chinese,multilingual-e5,gemini25pro,prt,pca_num1,0.124,2026-01-29 15:08:04,
chinese,multilingual-e5,gemini25pro,apd,pca_num1,0.017,2026-01-29 15:08:04,
chinese,multilingual-e5,gemini25pro,amd,pca_num1,0.163,2026-01-29 15:08:04,
chinese,multilingual-e5,gemini25pro,amd_sym,pca_num1,0.199,2026-01-29 15:08:04,
chinese,multilingual-e5,gemini25pro,amd_opt_sym,pca_num1,0.188,2026-01-29 15:08:04,
chinese,mmbert,gemini25pro,prt,random_num1,0.164,2026-01-29 15:08:04,
chinese,mmbert,gemini25pro,apd,random_num1,0.043,2026-01-29 15:08:04,
chinese,mmbert,gemini25pro,amd,random_num1,0.044,2026-01-29 15:08:04,
chinese,mmbert,gemini25pro,amd_sym,random_num1,0.008,2026-01-29 15:08:04,
chinese,mmbert,gemini25pro,amd_opt_sym,random_num1,0.013,2026-01-29 15:08:04,
chinese,mmbert,gemini25pro,prt,pca_num1,0.242,2026-01-29 15:08:04,
chinese,mmbert,gemini25pro,apd,pca_num1,0.266,2026-01-29 15:08:04,
chinese,mmbert,gemini25pro,amd,pca_num1,0.037,2026-01-29 15:08:04,
chinese,mmbert,gemini25pro,amd_sym,pca_num1,0.194,2026-01-29 15:08:04,
chinese,mmbert,gemini25pro,amd_opt_sym,pca_num1,0.237,2026-01-29 15:08:04,
chinese,en,gemini25pro,prt,random_num1,-0.01,2026-01-29 15:08:05,
chinese,en,gemini25pro,apd,random_num1,0.106,2026-01-29 15:08:05,
chinese,en,gemini25pro,amd,random_num1,0.38,2026-01-29 15:08:05,
chinese,en,gemini25pro,amd_sym,random_num1,0.423,2026-01-29 15:08:05,
chinese,en,gemini25pro,amd_opt_sym,random_num1,0.42,2026-01-29 15:08:05,
chinese,en,gemini25pro,prt,pca_num1,0.189,2026-01-29 15:08:05,
chinese,en,gemini25pro,apd,pca_num1,0.403,2026-01-29 15:08:05,
chinese,en,gemini25pro,amd,pca_num1,0.378,2026-01-29 15:08:05,
chinese,en,gemini25pro,amd_sym,pca_num1,0.606,2026-01-29 15:08:05,
chinese,en,gemini25pro,amd_opt_sym,pca_num1,0.596,2026-01-29 15:08:05,
chinese,chinese_RoBERTa_WWM,gemini25pro,prt,random_num1,0.052,2026-01-29 15:08:06,
chinese,chinese_RoBERTa_WWM,gemini25pro,apd,random_num1,0.188,2026-01-29 15:08:06,
chinese,chinese_RoBERTa_WWM,gemini25pro,amd,random_num1,0.315,2026-01-29 15:08:06,
chinese,chinese_RoBERTa_WWM,gemini25pro,amd_sym,random_num1,0.329,2026-01-29 15:08:06,
chinese,chinese_RoBERTa_WWM,gemini25pro,amd_opt_sym,random_num1,0.297,2026-01-29 15:08:06,
chinese,chinese_RoBERTa_WWM,gemini25pro,prt,pca_num1,0.162,2026-01-29 15:08:06,
chinese,chinese_RoBERTa_WWM,gemini25pro,apd,pca_num1,0.333,2026-01-29 15:08:06,
chinese,chinese_RoBERTa_WWM,gemini25pro,amd,pca_num1,0.051,2026-01-29 15:08:06,
chinese,chinese_RoBERTa_WWM,gemini25pro,amd_sym,pca_num1,0.209,2026-01-29 15:08:06,
chinese,chinese_RoBERTa_WWM,gemini25pro,amd_opt_sym,pca_num1,0.205,2026-01-29 15:08:06,
norwegian_1,xll,gemini25pro,prt,random_num1,-0.185,2026-01-29 15:08:06,
norwegian_1,xll,gemini25pro,apd,random_num1,0.15,2026-01-29 15:08:06,
norwegian_1,xll,gemini25pro,amd,random_num1,0.38,2026-01-29 15:08:06,
norwegian_1,xll,gemini25pro,amd_sym,random_num1,0.364,2026-01-29 15:08:06,
norwegian_1,xll,gemini25pro,amd_opt_sym,random_num1,0.393,2026-01-29 15:08:06,
norwegian_1,xll,gemini25pro,prt,pca_num1,0.172,2026-01-29 15:08:06,
norwegian_1,xll,gemini25pro,apd,pca_num1,0.397,2026-01-29 15:08:06,
norwegian_1,xll,gemini25pro,amd,pca_num1,0.271,2026-01-29 15:08:06,
norwegian_1,xll,gemini25pro,amd_sym,pca_num1,0.505,2026-01-29 15:08:06,
norwegian_1,xll,gemini25pro,amd_opt_sym,pca_num1,0.524,2026-01-29 15:08:06,
norwegian_1,xlmr,gemini25pro,prt,random_num1,0.21,2026-01-29 15:08:06,
norwegian_1,xlmr,gemini25pro,apd,random_num1,-0.016,2026-01-29 15:08:06,
norwegian_1,xlmr,gemini25pro,amd,random_num1,0.012,2026-01-29 15:08:06,
norwegian_1,xlmr,gemini25pro,amd_sym,random_num1,0.046,2026-01-29 15:08:06,
norwegian_1,xlmr,gemini25pro,amd_opt_sym,random_num1,0.003,2026-01-29 15:08:06,
norwegian_1,xlmr,gemini25pro,prt,pca_num1,0.237,2026-01-29 15:08:06,
norwegian_1,xlmr,gemini25pro,apd,pca_num1,0.244,2026-01-29 15:08:06,
norwegian_1,xlmr,gemini25pro,amd,pca_num1,0.49,2026-01-29 15:08:06,
norwegian_1,xlmr,gemini25pro,amd_sym,pca_num1,0.423,2026-01-29 15:08:06,
norwegian_1,xlmr,gemini25pro,amd_opt_sym,pca_num1,0.445,2026-01-29 15:08:06,
norwegian_1,rembert,gemini25pro,prt,random_num1,0.125,2026-01-29 15:08:07,
norwegian_1,rembert,gemini25pro,apd,random_num1,-0.14,2026-01-29 15:08:07,
norwegian_1,rembert,gemini25pro,amd,random_num1,0.026,2026-01-29 15:08:07,
norwegian_1,rembert,gemini25pro,amd_sym,random_num1,0.041,2026-01-29 15:08:07,
norwegian_1,rembert,gemini25pro,amd_opt_sym,random_num1,0.041,2026-01-29 15:08:07,
norwegian_1,rembert,gemini25pro,prt,pca_num1,0.132,2026-01-29 15:08:07,
norwegian_1,rembert,gemini25pro,apd,pca_num1,0.367,2026-01-29 15:08:07,
norwegian_1,rembert,gemini25pro,amd,pca_num1,0.466,2026-01-29 15:08:07,
norwegian_1,rembert,gemini25pro,amd_sym,pca_num1,0.469,2026-01-29 15:08:07,
norwegian_1,rembert,gemini25pro,amd_opt_sym,pca_num1,0.498,2026-01-29 15:08:07,
norwegian_1,multilingual-e5,gemini25pro,prt,random_num1,0.129,2026-01-29 15:08:07,
norwegian_1,multilingual-e5,gemini25pro,apd,random_num1,0.079,2026-01-29 15:08:07,
norwegian_1,multilingual-e5,gemini25pro,amd,random_num1,-0.163,2026-01-29 15:08:07,
norwegian_1,multilingual-e5,gemini25pro,amd_sym,random_num1,-0.2,2026-01-29 15:08:07,
norwegian_1,multilingual-e5,gemini25pro,amd_opt_sym,random_num1,-0.166,2026-01-29 15:08:07,
norwegian_1,multilingual-e5,gemini25pro,prt,pca_num1,0.328,2026-01-29 15:08:07,
norwegian_1,multilingual-e5,gemini25pro,apd,pca_num1,0.208,2026-01-29 15:08:07,
norwegian_1,multilingual-e5,gemini25pro,amd,pca_num1,0.301,2026-01-29 15:08:07,
norwegian_1,multilingual-e5,gemini25pro,amd_sym,pca_num1,0.339,2026-01-29 15:08:07,
norwegian_1,multilingual-e5,gemini25pro,amd_opt_sym,pca_num1,0.342,2026-01-29 15:08:07,
norwegian_1,mmbert,gemini25pro,prt,random_num1,-0.131,2026-01-29 15:08:07,
norwegian_1,mmbert,gemini25pro,apd,random_num1,0.137,2026-01-29 15:08:07,
norwegian_1,mmbert,gemini25pro,amd,random_num1,0.078,2026-01-29 15:08:07,
norwegian_1,mmbert,gemini25pro,amd_sym,random_num1,0.081,2026-01-29 15:08:07,
norwegian_1,mmbert,gemini25pro,amd_opt_sym,random_num1,0.138,2026-01-29 15:08:07,
norwegian_1,mmbert,gemini25pro,prt,pca_num1,0.056,2026-01-29 15:08:07,
norwegian_1,mmbert,gemini25pro,apd,pca_num1,0.514,2026-01-29 15:08:07,
norwegian_1,mmbert,gemini25pro,amd,pca_num1,0.434,2026-01-29 15:08:07,
norwegian_1,mmbert,gemini25pro,amd_sym,pca_num1,0.442,2026-01-29 15:08:07,
norwegian_1,mmbert,gemini25pro,amd_opt_sym,pca_num1,0.438,2026-01-29 15:08:07,
norwegian_1,en,gemini25pro,prt,random_num1,0.094,2026-01-29 15:08:07,
norwegian_1,en,gemini25pro,apd,random_num1,0.25,2026-01-29 15:08:07,
norwegian_1,en,gemini25pro,amd,random_num1,0.43,2026-01-29 15:08:07,
norwegian_1,en,gemini25pro,amd_sym,random_num1,0.475,2026-01-29 15:08:07,
norwegian_1,en,gemini25pro,amd_opt_sym,random_num1,0.502,2026-01-29 15:08:07,
norwegian_1,en,gemini25pro,prt,pca_num1,0.246,2026-01-29 15:08:07,
norwegian_1,en,gemini25pro,apd,pca_num1,0.126,2026-01-29 15:08:07,
norwegian_1,en,gemini25pro,amd,pca_num1,0.218,2026-01-29 15:08:07,
norwegian_1,en,gemini25pro,amd_sym,pca_num1,0.504,2026-01-29 15:08:07,
norwegian_1,en,gemini25pro,amd_opt_sym,pca_num1,0.491,2026-01-29 15:08:07,
norwegian_1,norwegian_NB-BERT,gemini25pro,prt,random_num1,-0.262,2026-01-29 15:08:08,
norwegian_1,norwegian_NB-BERT,gemini25pro,apd,random_num1,0.358,2026-01-29 15:08:08,
norwegian_1,norwegian_NB-BERT,gemini25pro,amd,random_num1,0.203,2026-01-29 15:08:08,
norwegian_1,norwegian_NB-BERT,gemini25pro,amd_sym,random_num1,0.251,2026-01-29 15:08:08,
norwegian_1,norwegian_NB-BERT,gemini25pro,amd_opt_sym,random_num1,0.316,2026-01-29 15:08:08,
norwegian_1,norwegian_NB-BERT,gemini25pro,prt,pca_num1,-0.098,2026-01-29 15:08:08,
norwegian_1,norwegian_NB-BERT,gemini25pro,apd,pca_num1,0.137,2026-01-29 15:08:08,
norwegian_1,norwegian_NB-BERT,gemini25pro,amd,pca_num1,0.296,2026-01-29 15:08:08,
norwegian_1,norwegian_NB-BERT,gemini25pro,amd_sym,pca_num1,0.308,2026-01-29 15:08:08,
norwegian_1,norwegian_NB-BERT,gemini25pro,amd_opt_sym,pca_num1,0.314,2026-01-29 15:08:08,
norwegian_2,xll,gemini25pro,prt,random_num1,0.131,2026-01-29 15:08:08,
norwegian_2,xll,gemini25pro,apd,random_num1,0.334,2026-01-29 15:08:08,
norwegian_2,xll,gemini25pro,amd,random_num1,0.567,2026-01-29 15:08:08,
norwegian_2,xll,gemini25pro,amd_sym,random_num1,0.413,2026-01-29 15:08:08,
norwegian_2,xll,gemini25pro,amd_opt_sym,random_num1,0.411,2026-01-29 15:08:08,
norwegian_2,xll,gemini25pro,prt,pca_num1,0.196,2026-01-29 15:08:08,
norwegian_2,xll,gemini25pro,apd,pca_num1,0.023,2026-01-29 15:08:08,
norwegian_2,xll,gemini25pro,amd,pca_num1,0.3,2026-01-29 15:08:08,
norwegian_2,xll,gemini25pro,amd_sym,pca_num1,0.306,2026-01-29 15:08:08,
norwegian_2,xll,gemini25pro,amd_opt_sym,pca_num1,0.281,2026-01-29 15:08:08,
norwegian_2,xlmr,gemini25pro,prt,random_num1,-0.294,2026-01-29 15:08:08,
norwegian_2,xlmr,gemini25pro,apd,random_num1,-0.117,2026-01-29 15:08:08,
norwegian_2,xlmr,gemini25pro,amd,random_num1,0.099,2026-01-29 15:08:08,
norwegian_2,xlmr,gemini25pro,amd_sym,random_num1,0.097,2026-01-29 15:08:08,
norwegian_2,xlmr,gemini25pro,amd_opt_sym,random_num1,0.103,2026-01-29 15:08:08,
norwegian_2,xlmr,gemini25pro,prt,pca_num1,-0.157,2026-01-29 15:08:08,
norwegian_2,xlmr,gemini25pro,apd,pca_num1,-0.045,2026-01-29 15:08:08,
norwegian_2,xlmr,gemini25pro,amd,pca_num1,0.078,2026-01-29 15:08:08,
norwegian_2,xlmr,gemini25pro,amd_sym,pca_num1,0.139,2026-01-29 15:08:08,
norwegian_2,xlmr,gemini25pro,amd_opt_sym,pca_num1,0.135,2026-01-29 15:08:08,
norwegian_2,rembert,gemini25pro,prt,random_num1,-0.04,2026-01-29 15:08:08,
norwegian_2,rembert,gemini25pro,apd,random_num1,0.141,2026-01-29 15:08:08,
norwegian_2,rembert,gemini25pro,amd,random_num1,-0.004,2026-01-29 15:08:08,
norwegian_2,rembert,gemini25pro,amd_sym,random_num1,0.081,2026-01-29 15:08:08,
norwegian_2,rembert,gemini25pro,amd_opt_sym,random_num1,0.084,2026-01-29 15:08:08,
norwegian_2,rembert,gemini25pro,prt,pca_num1,0.092,2026-01-29 15:08:08,
norwegian_2,rembert,gemini25pro,apd,pca_num1,0.147,2026-01-29 15:08:08,
norwegian_2,rembert,gemini25pro,amd,pca_num1,0.265,2026-01-29 15:08:08,
norwegian_2,rembert,gemini25pro,amd_sym,pca_num1,0.301,2026-01-29 15:08:08,
norwegian_2,rembert,gemini25pro,amd_opt_sym,pca_num1,0.289,2026-01-29 15:08:08,
norwegian_2,multilingual-e5,gemini25pro,prt,random_num1,-0.296,2026-01-29 15:08:09,
norwegian_2,multilingual-e5,gemini25pro,apd,random_num1,-0.165,2026-01-29 15:08:09,
norwegian_2,multilingual-e5,gemini25pro,amd,random_num1,0.033,2026-01-29 15:08:09,
norwegian_2,multilingual-e5,gemini25pro,amd_sym,random_num1,-0.004,2026-01-29 15:08:09,
norwegian_2,multilingual-e5,gemini25pro,amd_opt_sym,random_num1,-0.006,2026-01-29 15:08:09,
norwegian_2,multilingual-e5,gemini25pro,prt,pca_num1,0.253,2026-01-29 15:08:09,
norwegian_2,multilingual-e5,gemini25pro,apd,pca_num1,0.243,2026-01-29 15:08:09,
norwegian_2,multilingual-e5,gemini25pro,amd,pca_num1,0.208,2026-01-29 15:08:09,
norwegian_2,multilingual-e5,gemini25pro,amd_sym,pca_num1,0.267,2026-01-29 15:08:09,
norwegian_2,multilingual-e5,gemini25pro,amd_opt_sym,pca_num1,0.248,2026-01-29 15:08:09,
norwegian_2,mmbert,gemini25pro,prt,random_num1,0.137,2026-01-29 15:08:09,
norwegian_2,mmbert,gemini25pro,apd,random_num1,-0.036,2026-01-29 15:08:09,
norwegian_2,mmbert,gemini25pro,amd,random_num1,0.096,2026-01-29 15:08:09,
norwegian_2,mmbert,gemini25pro,amd_sym,random_num1,0.017,2026-01-29 15:08:09,
norwegian_2,mmbert,gemini25pro,amd_opt_sym,random_num1,0.006,2026-01-29 15:08:09,
norwegian_2,mmbert,gemini25pro,prt,pca_num1,0.119,2026-01-29 15:08:09,
norwegian_2,mmbert,gemini25pro,apd,pca_num1,-0.047,2026-01-29 15:08:09,
norwegian_2,mmbert,gemini25pro,amd,pca_num1,0.136,2026-01-29 15:08:09,
norwegian_2,mmbert,gemini25pro,amd_sym,pca_num1,0.142,2026-01-29 15:08:09,
norwegian_2,mmbert,gemini25pro,amd_opt_sym,pca_num1,0.137,2026-01-29 15:08:09,
norwegian_2,en,gemini25pro,prt,random_num1,-0.27,2026-01-29 15:08:09,
norwegian_2,en,gemini25pro,apd,random_num1,0.366,2026-01-29 15:08:09,
norwegian_2,en,gemini25pro,amd,random_num1,0.447,2026-01-29 15:08:09,
norwegian_2,en,gemini25pro,amd_sym,random_num1,0.382,2026-01-29 15:08:09,
norwegian_2,en,gemini25pro,amd_opt_sym,random_num1,0.395,2026-01-29 15:08:09,
norwegian_2,en,gemini25pro,prt,pca_num1,-0.055,2026-01-29 15:08:09,
norwegian_2,en,gemini25pro,apd,pca_num1,0.188,2026-01-29 15:08:09,
norwegian_2,en,gemini25pro,amd,pca_num1,0.405,2026-01-29 15:08:09,
norwegian_2,en,gemini25pro,amd_sym,pca_num1,0.455,2026-01-29 15:08:09,
norwegian_2,en,gemini25pro,amd_opt_sym,pca_num1,0.447,2026-01-29 15:08:09,
norwegian_2,norwegian_NB-BERT,gemini25pro,prt,random_num1,-0.117,2026-01-29 15:08:09,
norwegian_2,norwegian_NB-BERT,gemini25pro,apd,random_num1,0.338,2026-01-29 15:08:09,
norwegian_2,norwegian_NB-BERT,gemini25pro,amd,random_num1,0.284,2026-01-29 15:08:09,
norwegian_2,norwegian_NB-BERT,gemini25pro,amd_sym,random_num1,0.27,2026-01-29 15:08:09,
norwegian_2,norwegian_NB-BERT,gemini25pro,amd_opt_sym,random_num1,0.298,2026-01-29 15:08:09,
norwegian_2,norwegian_NB-BERT,gemini25pro,prt,pca_num1,-0.19,2026-01-29 15:08:09,
norwegian_2,norwegian_NB-BERT,gemini25pro,apd,pca_num1,0.018,2026-01-29 15:08:09,
norwegian_2,norwegian_NB-BERT,gemini25pro,amd,pca_num1,0.072,2026-01-29 15:08:09,
norwegian_2,norwegian_NB-BERT,gemini25pro,amd_sym,pca_num1,0.118,2026-01-29 15:08:09,
norwegian_2,norwegian_NB-BERT,gemini25pro,amd_opt_sym,pca_num1,0.125,2026-01-29 15:08:09,
